external_code,name_az,type,term
EY-010,ABS bloku,synonym,гидроблок с насосом
EY-010,ABS bloku,synonym,abs blok
EY-010,ABS bloku,synonym,abs modulu
EY-010,ABS bloku,name_az,ABS bloku
EY-010,ABS bloku,name_ru,Блок ABS (гидроблок с насосом)
EY-011,ABS datçiki,synonym,abc sensoru
EY-011,ABS datçiki,synonym,abs sensoru
EY-011,ABS datçiki,synonym,təkər sensoru
EY-011,ABS datçiki,name_az,ABS datçiki
EY-011,ABS datçiki,name_ru,Датчик ABS
EL-014,Park radar bloku,synonym,radar
EL-014,Park radar bloku,synonym,park radarı
EL-014,Park radar bloku,synonym,ön radar
EL-014,Park radar bloku,synonym,qabaq radarı
EL-014,Park radar bloku,name_az,Park radar bloku
EL-014,Park radar bloku,name_ru,Блок парктроника
EL-013,Park radar sensoru (şunuru),synonym,şunuru
EL-013,Park radar sensoru (şunuru),name_az,Park radar sensoru (şunuru)
EL-013,Park radar sensoru (şunuru),name_ru,Датчик парктроника
EL-015,Kor zona sensoru/detektoru (BSM),synonym,bsm
EL-015,Kor zona sensoru/detektoru (BSM),synonym,kor zona detektoru
EL-015,Kor zona sensoru/detektoru (BSM),synonym,kor zona sensoru
EL-015,Kor zona sensoru/detektoru (BSM),synonym,kor nöqtə bloku
EL-015,Kor zona sensoru/detektoru (BSM),synonym,kor zonalı güzgü
EL-015,Kor zona sensoru/detektoru (BSM),synonym,kor zonalı yan güzgü
EL-015,Kor zona sensoru/detektoru (BSM),name_az,Kor zona sensoru/detektoru (BSM)
EL-015,Kor zona sensoru/detektoru (BSM),name_ru,Датчик слепых зон
EL-061,Distronic kabeli (adaptiv kruiz sensoru kabeli),synonym,distronic
EL-061,Distronic kabeli (adaptiv kruiz sensoru kabeli),synonym,adaptiv kruiz sensoru kabeli
EL-061,Distronic kabeli (adaptiv kruiz sensoru kabeli),name_az,Distronic kabeli (adaptiv kruiz sensoru kabeli)
EL-061,Distronic kabeli (adaptiv kruiz sensoru kabeli),name_ru,Кабель адаптивного круиз-контроля (Distronic)
EL-035,Kamera,synonym,кругового обзора
EL-035,Kamera,name_az,Kamera
EL-035,Kamera,name_ru,Камера
AK-029,Arxa görüş kamerası,synonym,görüntü kamerası
AK-029,Arxa görüş kamerası,name_az,Arxa görüş kamerası
AK-029,Arxa görüş kamerası,name_ru,Камера заднего вида
EL-016,Zolaq tanıma kamerası,name_az,Zolaq tanıma kamerası
EL-016,Zolaq tanıma kamerası,name_ru,Камера контроля полосы движения
EL-070,Faranın korrektoru (tənzimləyici motoru),synonym,моторчик регулировки
EL-070,Faranın korrektoru (tənzimləyici motoru),synonym,tənzimləyici motoru
EL-070,Faranın korrektoru (tənzimləyici motoru),name_az,Faranın korrektoru (tənzimləyici motoru)
EL-070,Faranın korrektoru (tənzimləyici motoru),name_ru,Корректор фары (моторчик регулировки)
EL-029,Distronik/Cruise control modulu,synonym,cruise control modulu
EL-029,Distronik/Cruise control modulu,synonym,distronik control modulu
EL-029,Distronik/Cruise control modulu,name_az,Distronik/Cruise control modulu
EL-029,Distronik/Cruise control modulu,name_ru,Модуль круиз-контроля
AK-028,Park datçikləri,name_az,Park datçikləri
AK-028,Park datçikləri,name_ru,Парковочные датчики
RG-05,Zaslonka aktuatoru,synonym,zaslonka aktuatoru
RG-05,Zaslonka aktuatoru,synonym,zaslonka motoru
RG-05,Zaslonka aktuatoru,synonym,droselin aktuatoru
RG-05,Zaslonka aktuatoru,synonym,kollektorun kəpənəyinin aktuatoru
RG-05,Zaslonka aktuatoru,synonym,kəpənək aktuatoru
RG-05,Zaslonka aktuatoru,name_ru,Актуатор дроссельной заслонки
MU-090,Drossel qapağı datçiki,synonym,drossel qapağı sensoru
MU-090,Drossel qapağı datçiki,name_az,Drossel qapağı datçiki
MU-090,Drossel qapağı datçiki,name_ru,Датчик дроссельной заслонки
MU-034,Zaslonka,synonym,drossel qapağı
MU-034,Zaslonka,synonym,orginal mobis zasdonka
MU-034,Zaslonka,synonym,zaslonkanın dişi
MU-034,Zaslonka,synonym,zaslonka dişi
MU-034,Zaslonka,name_az,Zaslonka
MU-034,Zaslonka,name_ru,Дроссельная заслонка
MU-036,EGR klapanı,name_az,EGR klapanı
MU-036,EGR klapanı,name_ru,Клапан EGR
MU-082,Boğaz rezini (zaslonkanın),synonym,патрубок впуска
MU-082,Boğaz rezini (zaslonkanın),synonym,zaslonkanın
MU-082,Boğaz rezini (zaslonkanın),name_az,Boğaz rezini (zaslonkanın)
MU-082,Boğaz rezini (zaslonkanın),name_ru,Резина дроссельного узла (патрубок впуска)
YA-007,EVAP sistemi/klapanı (yanacaq kömürü),synonym,адсорбер
YA-007,EVAP sistemi/klapanı (yanacaq kömürü),synonym,evap klapanı
YA-007,EVAP sistemi/klapanı (yanacaq kömürü),synonym,evap sistemi
YA-007,EVAP sistemi/klapanı (yanacaq kömürü),synonym,yanacaq kömürü
YA-007,EVAP sistemi/klapanı (yanacaq kömürü),name_az,EVAP sistemi/klapanı (yanacaq kömürü)
YA-007,EVAP sistemi/klapanı (yanacaq kömürü),name_ru,Система EVAP (адсорбер)
MU-072,Qaz trosu (akselerator trosu),synonym,акселератора
MU-072,Qaz trosu (akselerator trosu),synonym,akselerator trosu
MU-072,Qaz trosu (akselerator trosu),name_az,Qaz trosu (akselerator trosu)
MU-072,Qaz trosu (akselerator trosu),name_ru,Трос газа (акселератора)
MU-092,EGR borusu,synonym,egr borusu
MU-092,EGR borusu,synonym,eqr borusu
MU-092,EGR borusu,synonym,трубка egr
AB-001,Akkumulyator (batareya),synonym,batareya
AB-001,Akkumulyator (batareya),name_az,Akkumulyator (batareya)
AB-001,Akkumulyator (batareya),name_ru,Аккумулятор
EL-030,Hibrid batareyası,name_az,Hibrid batareyası
EL-030,Hibrid batareyası,name_ru,Гибридная батарея высоковольтная
AB-003,Akkumulyator kleması,name_az,Akkumulyator kleması
AB-003,Akkumulyator kleması,name_ru,Клемма аккумулятора
AB-004,Akkumulyator bərkitmə skobası (planka),synonym,планка
AB-004,Akkumulyator bərkitmə skobası (planka),synonym,планка скоба
AB-004,Akkumulyator bərkitmə skobası (planka),synonym,скоба
AB-004,Akkumulyator bərkitmə skobası (planka),synonym,planka
AB-004,Akkumulyator bərkitmə skobası (planka),name_az,Akkumulyator bərkitmə skobası (planka)
AB-004,Akkumulyator bərkitmə skobası (planka),name_ru,Крепление аккумулятора (планка/скоба)
AB-002,Akkumulyator qoruyucusu (əsas sigorta),synonym,силовой
AB-002,Akkumulyator qoruyucusu (əsas sigorta),synonym,əsas sigorta
AB-002,Akkumulyator qoruyucusu (əsas sigorta),name_az,Akkumulyator qoruyucusu (əsas sigorta)
AB-002,Akkumulyator qoruyucusu (əsas sigorta),name_ru,Предохранитель АКБ (силовой)
AS-001,Amortizator,synonym,amartizator
AS-001,Amortizator,synonym,amarizator
AS-001,Amortizator,synonym,amartizatoru
AS-001,Amortizator,synonym,amartizatorun
AS-001,Amortizator,name_az,Amortizator
AS-001,Amortizator,name_ru,Амортизатор
TY-006,Coilover (sport asma dəsti),synonym,спортивная подвеска
TY-006,Coilover (sport asma dəsti),synonym,sport asma dəsti
TY-006,Coilover (sport asma dəsti),name_az,Coilover (sport asma dəsti)
TY-006,Coilover (sport asma dəsti),name_ru,Койловеры (спортивная подвеска)
AS-022,Pnevma kompressoru,synonym,hava asqı kompressoru
AS-022,Pnevma kompressoru,name_az,Pnevma kompressoru
AS-022,Pnevma kompressoru,name_ru,Компрессор пневмоподвески
TY-017,Lift kit (asma yüksəldici),synonym,lift kit
TY-017,Lift kit (asma yüksəldici),synonym,lift kit asma yüksəldici
TY-017,Lift kit (asma yüksəldici),synonym,лифт кит комплект поднятия подвески
TY-017,Lift kit (asma yüksəldici),name_az,Lift kit (asma yüksəldici)
TY-017,Lift kit (asma yüksəldici),name_ru,Лифт-кит (комплект поднятия подвески)
AS-002,Amortizator dayaq yastığı (opora),synonym,верхняя
AS-002,Amortizator dayaq yastığı (opora),synonym,opora
AS-002,Amortizator dayaq yastığı (opora),synonym,amartizator paduşqası
AS-002,Amortizator dayaq yastığı (opora),synonym,amartizatorun paduşqası
AS-002,Amortizator dayaq yastığı (opora),synonym,amartizator yastigi
AS-002,Amortizator dayaq yastığı (opora),synonym,amortizator paduskasi
AS-002,Amortizator dayaq yastığı (opora),synonym,amortizator yastığı
AS-002,Amortizator dayaq yastığı (opora),synonym,amortizator üst yatağı
AS-002,Amortizator dayaq yastığı (opora),synonym,amarzatorun üst dartçiki
AS-002,Amortizator dayaq yastığı (opora),synonym,amortizatorun üst dartçiki
AS-002,Amortizator dayaq yastığı (opora),name_az,Amortizator dayaq yastığı (opora)
AS-002,Amortizator dayaq yastığı (opora),name_ru,Опора амортизатора (верхняя)
AS-005,Otboynik,name_az,Otboynik
AS-005,Otboynik,name_ru,Отбойник хода сжатия
AS-031,Pnevmoasqının platası (idarəetmə bloku),synonym,плата управления пневмоподушки
AS-031,Pnevmoasqının platası (idarəetmə bloku),synonym,блок управления пневмоподушки
AS-031,Pnevmoasqının platası (idarəetmə bloku),synonym,idarəetmə bloku
AS-031,Pnevmoasqının platası (idarəetmə bloku),name_az,Pnevmoasqının platası (idarəetmə bloku)
AS-031,Pnevmoasqının platası (idarəetmə bloku),name_ru,Плата/блок управления пневмоподушки
AS-021,Pnevmopodveska (hava balonu),synonym,Pnevmopodveska (hava yastığı)
AS-021,Pnevmopodveska (hava balonu),synonym,hava balonu
AS-021,Pnevmopodveska (hava balonu),synonym,pnevmopoduşka
AS-021,Pnevmopodveska (hava balonu),synonym,пневмоподушки
AS-021,Pnevmopodveska (hava balonu),synonym,amortizator balonu
AS-021,Pnevmopodveska (hava balonu),name_az,Pnevmopodveska (hava balonu)
AS-021,Pnevmopodveska (hava balonu),name_ru,Пневмоподушка
AS-003,Amortizator dayaq podşipniki,synonym,amortizator podşipniki
AS-003,Amortizator dayaq podşipniki,synonym,opornının pativniki
AS-003,Amortizator dayaq podşipniki,synonym,opornin pativniki
AS-003,Amortizator dayaq podşipniki,name_az,Amortizator dayaq podşipniki
AS-003,Amortizator dayaq podşipniki,name_ru,Подшипник опоры амортизатора
AS-024,Amortizator pılniki,synonym,amortizator örtüyü
AS-024,Amortizator pılniki,name_az,Amortizator pılniki
AS-024,Amortizator pılniki,name_ru,Пыльник амортизатора
TY-013,Sport yay/koilover,synonym,спортивная койловер
TY-013,Sport yay/koilover,synonym,спортивная пружина
TY-013,Sport yay/koilover,synonym,sport koilover
TY-013,Sport yay/koilover,synonym,sport yay
TY-013,Sport yay/koilover,synonym,sport yayı
TY-013,Sport yay/koilover,name_az,Sport yay/koilover
TY-013,Sport yay/koilover,name_ru,Спортивная пружина/койловер
SR-011,AdBlue (dizel egzoz mayesi),synonym,жидкость для очистки выхлопа дизеля
SR-011,AdBlue (dizel egzoz mayesi),synonym,dizel egzoz mayesi
SR-011,AdBlue (dizel egzoz mayesi),name_az,AdBlue (dizel egzoz mayesi)
SR-011,AdBlue (dizel egzoz mayesi),name_ru,AdBlue (жидкость для очистки выхлопа дизеля)
SR-007,Antifriz,synonym,охлаждающая жидкость
SR-007,Antifriz,name_az,Antifriz
SR-007,Antifriz,name_ru,Антифриз (охлаждающая жидкость)
SR-015,Germetik,name_az,Germetik
SR-015,Germetik,name_ru,Герметик
SR-009,Rulavoy mayesi (PSF),synonym,psf
SR-009,Rulavoy mayesi (PSF),name_az,Rulavoy mayesi (PSF)
SR-009,Rulavoy mayesi (PSF),name_ru,Жидкость ГУР
SR-012,Şüşəyuyan maye (nezamerzayka),synonym,незамерзайка
SR-012,Şüşəyuyan maye (nezamerzayka),synonym,nezamerzayka
SR-012,Şüşəyuyan maye (nezamerzayka),name_az,Şüşəyuyan maye (nezamerzayka)
SR-012,Şüşəyuyan maye (nezamerzayka),name_ru,Жидкость омывателя стекла (незамерзайка)
SR-013,Kondisioner kompressoru yağı,name_az,Kondisioner kompressoru yağı
SR-013,Kondisioner kompressoru yağı,name_ru,Масло для компрессора кондиционера
SR-008,Əyləc mayesi (tormoz mayesi/DOT4),synonym,dot4
SR-008,Əyləc mayesi (tormoz mayesi/DOT4),synonym,tormoz mayesi
SR-008,Əyləc mayesi (tormoz mayesi/DOT4),synonym,tormoz mayesi dot4
SR-008,Əyləc mayesi (tormoz mayesi/DOT4),name_az,Əyləc mayesi (tormoz mayesi/DOT4)
SR-008,Əyləc mayesi (tormoz mayesi/DOT4),name_ru,Тормозная жидкость
KZ-042,Baqaj amortizatoru,synonym,амортизатор багажника
KZ-042,Baqaj amortizatoru,synonym,упор багажника
KZ-042,Baqaj amortizatoru,name_az,Baqaj amortizatoru
KZ-042,Baqaj amortizatoru,name_ru,Амортизатор/упор багажника
KZ-050,Baqaj kilidi,name_az,Baqaj kilidi
KZ-050,Baqaj kilidi,name_ru,Замок крышки багажника
KZ-033,Baqaj qapısı,synonym,baqaj
KZ-033,Baqaj qapısı,synonym,baqaj kapotu
KZ-033,Baqaj qapısı,synonym,baqaj qapağı
KZ-033,Baqaj qapısı,name_az,Baqaj qapısı
KZ-033,Baqaj qapısı,name_ru,Крышка багажника
KZ-051,Baqaj qapağı menteşəsi,name_az,Baqaj qapağı menteşəsi
KZ-051,Baqaj qapağı menteşəsi,name_ru,Петля крышки багажника
KZ-034,Baqaj daxili plastikləri,synonym,yük yerinin üzlüyü
KZ-034,Baqaj daxili plastikləri,synonym,yük yeri plastiki
KZ-034,Baqaj daxili plastikləri,synonym,yük yerinin plastiki
KZ-034,Baqaj daxili plastikləri,synonym,baqaj rezinləri
KZ-034,Baqaj daxili plastikləri,synonym,baqaj rezinleri
KZ-034,Baqaj daxili plastikləri,synonym,bagajın örtülən yerindeki plastik
KZ-034,Baqaj daxili plastikləri,synonym,arxa baqaj tok sistemi
KZ-034,Baqaj daxili plastikləri,synonym,qapıların və baqajın rezinləri
KZ-034,Baqaj daxili plastikləri,synonym,baqaj qapaginin
KZ-034,Baqaj daxili plastikləri,synonym,baqaj aynasının amortizatoru
KZ-034,Baqaj daxili plastikləri,synonym,baqaj qapisinin hidrovlik qollari
KZ-034,Baqaj daxili plastikləri,name_az,Baqaj daxili plastikləri
KZ-034,Baqaj daxili plastikləri,name_ru,Пластик обшивки багажника
KZ-093,Baqaj rezin buferi (otboynik),name_az,Baqaj rezin buferi (otboynik)
KZ-093,Baqaj rezin buferi (otboynik),name_ru,Резиновый упор (отбойник) крышки багажника
KZ-070,Baqaj jaluzu (pərdəsi),synonym,шторка багажника
KZ-070,Baqaj jaluzu (pərdəsi),synonym,жалюзи багажника
KZ-070,Baqaj jaluzu (pərdəsi),synonym,pərdəsi
KZ-070,Baqaj jaluzu (pərdəsi),name_az,Baqaj jaluzu (pərdəsi)
KZ-070,Baqaj jaluzu (pərdəsi),name_ru,Шторка/жалюзи багажника
YA-023,Yanacaq çəninin iç qapağı,synonym,горловины
YA-023,Yanacaq çəninin iç qapağı,synonym,yanacaq çəninin iç qapağı
YA-023,Yanacaq çəninin iç qapağı,synonym,yanacaq doldurma boğazının iç qapağı
YA-023,Yanacaq çəninin iç qapağı,synonym,benzin bakının iç qapağı
YA-023,Yanacaq çəninin iç qapağı,synonym,внутренняя крышка бензобака
YA-023,Yanacaq çəninin iç qapağı,synonym,внутренняя крышка топливного бака
YA-023,Yanacaq çəninin iç qapağı,name_ru,Внутренняя крышка топливного бака (горловины)
YA-025,Yanacaq çəni təzyiq sensoru (EVAP təzyiqi),synonym,Yanacaq çəni təzyiq sensoru (EVAP)
YA-025,Yanacaq çəni təzyiq sensoru (EVAP təzyiqi),synonym,система evap
YA-025,Yanacaq çəni təzyiq sensoru (EVAP təzyiqi),synonym,evap təzyiqi
YA-025,Yanacaq çəni təzyiq sensoru (EVAP təzyiqi),synonym,evap sensoru
YA-025,Yanacaq çəni təzyiq sensoru (EVAP təzyiqi),name_az,Yanacaq çəni təzyiq sensoru (EVAP təzyiqi)
YA-025,Yanacaq çəni təzyiq sensoru (EVAP təzyiqi),name_ru,Датчик давления топливного бака (система EVAP)
YA-006,Yanacaq datçiki (səviyyə),synonym,səviyyə
YA-006,Yanacaq datçiki (səviyyə),name_az,Yanacaq datçiki (səviyyə)
YA-006,Yanacaq datçiki (səviyyə),name_ru,Датчик уровня топлива
YA-005,Benzin bakı qapağı,synonym,крышка топливного бака
YA-005,Benzin bakı qapağı,synonym,замок топливного бака
YA-005,Benzin bakı qapağı,synonym,benzin bakı qapağı
YA-005,Benzin bakı qapağı,synonym,benzin bakı zamoku
YA-005,Benzin bakı qapağı,synonym,dizel bakının qapagı
YA-008,Paplavok (yanacaq səviyyə üzgəci),synonym,yanacaq səviyyə üzgəci
YA-008,Paplavok (yanacaq səviyyə üzgəci),synonym,paplavok
YA-008,Paplavok (yanacaq səviyyə üzgəci),name_az,Paplavok (yanacaq səviyyə üzgəci)
YA-008,Paplavok (yanacaq səviyyə üzgəci),name_ru,Поплавок топливного бака
YA-004,Benzin bakı,synonym,yanacaq çəni
YA-004,Benzin bakı,synonym,benzin çəni lazımdı
YA-004,Benzin bakı,synonym,dizel bak qapağı
YA-004,Benzin bakı,name_az,Benzin bakı
YA-004,Benzin bakı,name_ru,Топливный бак
AS-028,Tam ötürücü mufta aktuatoru,name_az,Tam ötürücü mufta aktuatoru
AS-028,Tam ötürücü mufta aktuatoru,name_ru,Актуатор муфты полного привода
AS-017,Arxa balka,name_az,Arxa balka
AS-017,Arxa balka,name_ru,Балка задней подвески
AS-019,Difer,name_az,Difer
AS-019,Difer,name_ru,Дифференциал
AS-018,Most (körpü),name_az,Most (körpü)
AS-018,Most (körpü),name_ru,Мост в сборе
AS-016,Traves (podramnik),synonym,podramnik
AS-016,Traves (podramnik),name_az,Traves (podramnik)
AS-016,Traves (podramnik),name_ru,Подрамник
KZ-004,Bufer daxili köpük (absorber),synonym,absorber
KZ-004,Bufer daxili köpük (absorber),synonym,bufer penası
KZ-004,Bufer daxili köpük (absorber),name_az,Bufer daxili köpük (absorber)
KZ-004,Bufer daxili köpük (absorber),name_ru,Абсорбер бампера
KZ-001,Bufer,synonym,bamper
KZ-001,Bufer,synonym,bampper
KZ-001,Bufer,synonym,bufer dəsti
KZ-001,Bufer,synonym,set buferi
KZ-001,Bufer,synonym,bumper
KZ-001,Bufer,synonym,bufer plasması
KZ-001,Bufer,synonym,bufer plastması
KZ-001,Bufer,synonym,parlaq plasmas buferi
KZ-001,Bufer,synonym,rəngli buferi
KZ-001,Bufer,synonym,hybrid buferi
KZ-001,Bufer,synonym,buferin xromu
KZ-001,Bufer,synonym,buferin üst hissəsi
KZ-001,Bufer,synonym,alt və üst buferi
KZ-001,Bufer,synonym,alt üst buferi
KZ-001,Bufer,synonym,buder
KZ-001,Bufer,synonym,bufer xromu
KZ-001,Bufer,synonym,m5 buferi
KZ-001,Bufer,name_az,Bufer
KZ-001,Bufer,name_ru,Бампер
KZ-079,Buksir yeri qapağı,synonym,buksir qapağı
KZ-079,Buksir yeri qapağı,synonym,buksir yeri
KZ-079,Buksir yeri qapağı,synonym,buksir yerinin qapağı
KZ-079,Buksir yeri qapağı,synonym,buksur qapağı
KZ-079,Buksir yeri qapağı,synonym,qoşqu yeri qapağı
KZ-079,Buksir yeri qapağı,name_az,Buksir yeri qapağı
KZ-079,Buksir yeri qapağı,name_ru,Заглушка буксировочного крюка
KZ-002,Bufer kronşteyni (salaska),synonym,salaska
KZ-002,Bufer kronşteyni (salaska),synonym,salacka
KZ-002,Bufer kronşteyni (salaska),synonym,salaçka
KZ-002,Bufer kronşteyni (salaska),synonym,salackalari
KZ-002,Bufer kronşteyni (salaska),synonym,bufer kirşəsi
KZ-002,Bufer kronşteyni (salaska),synonym,bufer salaskası
KZ-002,Bufer kronşteyni (salaska),synonym,bufer sancağı
KZ-002,Bufer kronşteyni (salaska),synonym,fara kirşəsi
KZ-002,Bufer kronşteyni (salaska),synonym,kirşə
KZ-002,Bufer kronşteyni (salaska),synonym,bufer kronsteyni
KZ-002,Bufer kronşteyni (salaska),synonym,on bamperin yan kronçteyi
KZ-002,Bufer kronşteyni (salaska),synonym,bamperin yan kronşteyni
KZ-002,Bufer kronşteyni (salaska),synonym,qabaq bufer taivan
KZ-002,Bufer kronşteyni (salaska),synonym,ön bufer subaru impreza
KZ-002,Bufer kronşteyni (salaska),synonym,qabaq abirçofka
KZ-002,Bufer kronşteyni (salaska),synonym,abirçofka
KZ-002,Bufer kronşteyni (salaska),name_az,Bufer kronşteyni (salaska)
KZ-002,Bufer kronşteyni (salaska),name_ru,Кронштейн крепления бампера
KZ-076,Bufer altlığı (ətək),synonym,alt buferi
KZ-076,Bufer altlığı (ətək),synonym,bamperin alt qoruyucu lövhəsi
KZ-076,Bufer altlığı (ətək),synonym,bamperin alt qoruyucusu
KZ-076,Bufer altlığı (ətək),synonym,bamperin aşağı hissəsi
KZ-076,Bufer altlığı (ətək),synonym,bamperin aşağı korpus hissəsi
KZ-076,Bufer altlığı (ətək),synonym,bufer alt hissəsi
KZ-076,Bufer altlığı (ətək),synonym,bufer altlığı
KZ-076,Bufer altlığı (ətək),synonym,bufer altlığı ətək
KZ-076,Bufer altlığı (ətək),synonym,bufer altı
KZ-076,Bufer altlığı (ətək),synonym,bufer altı qoruyucusu
KZ-076,Bufer altlığı (ətək),synonym,bufer qoruyucu
KZ-076,Bufer altlığı (ətək),synonym,bufer qoruyucusu
KZ-076,Bufer altlığı (ətək),synonym,bufer ətəyi
KZ-076,Bufer altlığı (ətək),synonym,buferin alt hissəsi
KZ-076,Bufer altlığı (ətək),synonym,buferin alt qoruyucusu
KZ-076,Bufer altlığı (ətək),name_az,Bufer altlığı (ətək)
KZ-076,Bufer altlığı (ətək),name_ru,Нижняя юбка бампера
KZ-003,Bufer üzlüyü (abrisofka),synonym,облицовка бампера
KZ-003,Bufer üzlüyü (abrisofka),synonym,накладка бампера
KZ-003,Bufer üzlüyü (abrisofka),synonym,abrisofka
KZ-003,Bufer üzlüyü (abrisofka),name_az,Bufer üzlüyü (abrisofka)
KZ-003,Bufer üzlüyü (abrisofka),name_ru,Облицовка/накладка бампера
KZ-085,Bufer dayağı,synonym,bamper dayağı
KZ-085,Bufer dayağı,synonym,bamperin dayağı
KZ-085,Bufer dayağı,synonym,buferin dayağı
KZ-085,Bufer dayağı,name_az,Bufer dayağı
KZ-085,Bufer dayağı,name_ru,Опора бампера
KZ-086,Bufer barmaqlığı,synonym,bamper alt toru
KZ-086,Bufer barmaqlığı,synonym,bamper barmaqlığı
KZ-086,Bufer barmaqlığı,synonym,bamperin barmaqlığı
KZ-086,Bufer barmaqlığı,synonym,bufer alt toru
KZ-086,Bufer barmaqlığı,synonym,bufer altı barmaqlığı
KZ-086,Bufer barmaqlığı,synonym,bufer toru
KZ-086,Bufer barmaqlığı,synonym,buferin alt barmaqlığı
KZ-086,Bufer barmaqlığı,synonym,buferin alt toru
KZ-086,Bufer barmaqlığı,synonym,buferin barmaqlığı
KZ-086,Bufer barmaqlığı,synonym,решётка бампера нижняя
KZ-086,Bufer barmaqlığı,name_az,Bufer barmaqlığı
KZ-086,Bufer barmaqlığı,name_ru,Решётка бампера (нижняя)
KZ-043,Bufer gücləndiricisi (arma),synonym,силовая балка
KZ-043,Bufer gücləndiricisi (arma),synonym,arma
KZ-043,Bufer gücləndiricisi (arma),synonym,bamper gücləndiricisi
KZ-043,Bufer gücləndiricisi (arma),synonym,bufer gücləndiricisi
KZ-043,Bufer gücləndiricisi (arma),name_az,Bufer gücləndiricisi (arma)
KZ-043,Bufer gücləndiricisi (arma),name_ru,Усилитель бампера (силовая балка)
YA-009,Geri qaytarma klapanı (obratka),synonym,obratka
YA-009,Geri qaytarma klapanı (obratka),name_az,Geri qaytarma klapanı (obratka)
YA-009,Geri qaytarma klapanı (obratka),name_ru,Обратный клапан топлива
YA-010,Yanacaq təzyiq requlyatoru,name_az,Yanacaq təzyiq requlyatoru
YA-010,Yanacaq təzyiq requlyatoru,name_ru,Регулятор давления топлива
YA-001,Benzin nasosu (yanacaq nasosu),synonym,yanacaq nasosu
YA-001,Benzin nasosu (yanacaq nasosu),synonym,benzin nasos
YA-001,Benzin nasosu (yanacaq nasosu),synonym,бензонасос
YA-001,Benzin nasosu (yanacaq nasosu),synonym,benzin nasosu
YA-001,Benzin nasosu (yanacaq nasosu),name_az,Benzin nasosu (yanacaq nasosu)
YA-001,Benzin nasosu (yanacaq nasosu),name_ru,Топливный насос
YA-012,Yanacaq şlanqı,synonym,гибкий
YA-012,Yanacaq şlanqı,synonym,yanacaq xətti borusu
YA-012,Yanacaq şlanqı,synonym,yanacaq xətti
YA-012,Yanacaq şlanqı,synonym,yanacaq borusu
YA-012,Yanacaq şlanqı,synonym,топливная трубка
YA-012,Yanacaq şlanqı,synonym,топливная магистраль
YA-012,Yanacaq şlanqı,name_az,Yanacaq şlanqı
YA-012,Yanacaq şlanqı,name_ru,Топливный шланг (гибкий)
SO-002,Radiator ventilyatoru (elektroventilyator),synonym,электровентилятор
SO-002,Radiator ventilyatoru (elektroventilyator),synonym,elektroventilyator
SO-002,Radiator ventilyatoru (elektroventilyator),synonym,elektropər
SO-002,Radiator ventilyatoru (elektroventilyator),synonym,hava pəri
SO-002,Radiator ventilyatoru (elektroventilyator),synonym,radiator pəri
SO-002,Radiator ventilyatoru (elektroventilyator),synonym,soyutma pəri
SO-002,Radiator ventilyatoru (elektroventilyator),synonym,radiator üçün elektro soyutma pəri
SO-002,Radiator ventilyatoru (elektroventilyator),name_az,Radiator ventilyatoru (elektroventilyator)
SO-002,Radiator ventilyatoru (elektroventilyator),name_ru,Вентилятор радиатора (электровентилятор)
SO-013,Viskomufta,name_az,Viskomufta
SO-013,Viskomufta,name_ru,Вискомуфта вентилятора
SO-022,Radiator difuzoru (ventilyator korpusu),synonym,кожух вентилятора
SO-022,Radiator difuzoru (ventilyator korpusu),synonym,ventilyator korpusu
SO-022,Radiator difuzoru (ventilyator korpusu),name_az,Radiator difuzoru (ventilyator korpusu)
SO-022,Radiator difuzoru (ventilyator korpusu),name_ru,Диффузор радиатора (кожух вентилятора)
SO-003,Radiator pərinin relesi,name_az,Radiator pərinin relesi
SO-003,Radiator pərinin relesi,name_ru,Реле вентилятора радиатора
EG-005,Egzoz kollektoru (downpipe),synonym,выпускной даунпайп
EG-005,Egzoz kollektoru (downpipe),synonym,выпускной коллектор
EG-005,Egzoz kollektoru (downpipe),synonym,downpipe
EG-005,Egzoz kollektoru (downpipe),name_az,Egzoz kollektoru (downpipe)
EG-005,Egzoz kollektoru (downpipe),name_ru,Выпускной коллектор / даунпайп
EG-011,Egzoz gofrası,synonym,гибкий виброкомпенсатор
EG-011,Egzoz gofrası,name_az,Egzoz gofrası
EG-011,Egzoz gofrası,name_ru,Гофра выхлопной системы (гибкий виброкомпенсатор)
EG-010,Qəbul borusu (priyomnaya truba),synonym,priyomnaya truba
EG-010,Qəbul borusu (priyomnaya truba),name_az,Qəbul borusu (priyomnaya truba)
EG-010,Qəbul borusu (priyomnaya truba),name_ru,Приёмная труба
YA-022,VZU (qaz doldurma qurğusu),synonym,заправочное устройство газа
YA-022,VZU (qaz doldurma qurğusu),synonym,qaz doldurma qurğusu
YA-022,VZU (qaz doldurma qurğusu),name_az,VZU (qaz doldurma qurğusu)
YA-022,VZU (qaz doldurma qurğusu),name_ru,ВЗУ (заправочное устройство газа)
YA-020,Qaz magistralı (yüksək təzyiq borusu),synonym,трубка высокого давления
YA-020,Qaz magistralı (yüksək təzyiq borusu),synonym,yüksək təzyiq borusu
YA-020,Qaz magistralı (yüksək təzyiq borusu),synonym,forsunka borusu
YA-020,Qaz magistralı (yüksək təzyiq borusu),synonym,forsunka trubkası
YA-020,Qaz magistralı (yüksək təzyiq borusu),synonym,dizel trubkası
YA-020,Qaz magistralı (yüksək təzyiq borusu),synonym,yüksək təzyiq trubkası
YA-020,Qaz magistralı (yüksək təzyiq borusu),synonym,трубки форсунок
YA-020,Qaz magistralı (yüksək təzyiq borusu),synonym,трубки дизельные
YA-020,Qaz magistralı (yüksək təzyiq borusu),synonym,дизельные трубки на форсунки
YA-020,Qaz magistralı (yüksək təzyiq borusu),synonym,топливные трубки форсунок.
YA-020,Qaz magistralı (yüksək təzyiq borusu),name_az,Qaz magistralı (yüksək təzyiq borusu)
YA-020,Qaz magistralı (yüksək təzyiq borusu),name_ru,Газовая магистраль (трубка высокого давления)
YA-014,Qaz forsunkası,name_az,Qaz forsunkası
YA-014,Qaz forsunkası,name_ru,Газовая форсунка ГБО
YA-015,Qaz balonu,name_az,Qaz balonu
YA-015,Qaz balonu,name_ru,Газовый баллон
YA-013,Qaz reduktoru (buxarlandırıcı),synonym,испаритель
YA-013,Qaz reduktoru (buxarlandırıcı),synonym,buxarlandırıcı
YA-013,Qaz reduktoru (buxarlandırıcı),name_az,Qaz reduktoru (buxarlandırıcı)
YA-013,Qaz reduktoru (buxarlandırıcı),name_ru,Газовый редуктор (испаритель) ГБО
YA-019,Qaz filtri,synonym,qaz filteri qba
YA-019,Qaz filtri,name_az,Qaz filtri
YA-019,Qaz filtri,name_ru,Газовый фильтр ГБО
YA-016,Multiklapan,name_az,Multiklapan
YA-016,Multiklapan,name_ru,Мультиклапан
YA-017,Yanacaq növü keçid düyməsi (qaz/benzin),synonym,газ бензин
YA-017,Yanacaq növü keçid düyməsi (qaz/benzin),synonym,qaz benzin
YA-017,Yanacaq növü keçid düyməsi (qaz/benzin),name_az,Yanacaq növü keçid düyməsi (qaz/benzin)
YA-017,Yanacaq növü keçid düyməsi (qaz/benzin),name_ru,Переключатель вида топлива (газ/бензин)
YA-021,Elektromaqnit qaz klapanı,name_az,Elektromaqnit qaz klapanı
YA-021,Elektromaqnit qaz klapanı,name_ru,Электромагнитный газовый клапан
YA-018,QBA ECU bloku,synonym,эбу
YA-018,QBA ECU bloku,name_az,QBA ECU bloku
YA-018,QBA ECU bloku,name_ru,Электронный блок управления ГБО (ЭБУ)
RG-07,Silindr başlığı boltları,synonym,silindr başlığı boltları
RG-07,Silindr başlığı boltları,synonym,silindr başlığı bərkidici boltları
RG-07,Silindr başlığı boltları,synonym,qalofka boltları
RG-07,Silindr başlığı boltları,synonym,gbc boltları
RG-07,Silindr başlığı boltları,synonym,головки болты
RG-07,Silindr başlığı boltları,synonym,болты гбц
RG-07,Silindr başlığı boltları,synonym,болты головки блока
RG-07,Silindr başlığı boltları,name_ru,Болты крепления ГБЦ
RG-04,Hava borusu (hava filtri şlanqı),synonym,hava borusu
RG-04,Hava borusu (hava filtri şlanqı),synonym,hava şlanqı
RG-04,Hava borusu (hava filtri şlanqı),synonym,filtr borusu
RG-04,Hava borusu (hava filtri şlanqı),synonym,hava filtrinin borusu
RG-04,Hava borusu (hava filtri şlanqı),synonym,впускной шланг
RG-04,Hava borusu (hava filtri şlanqı),synonym,воздушный шланг
RG-04,Hava borusu (hava filtri şlanqı),synonym,воздушный патрубок
RG-04,Hava borusu (hava filtri şlanqı),synonym,hava daxil şlanqı
RG-04,Hava borusu (hava filtri şlanqı),name_az,Hava borusu (hava filtri şlanqı)
RG-04,Hava borusu (hava filtri şlanqı),name_ru,Воздушный патрубок (впускной)
MU-062,Baş (silindr blokunun başı),synonym,гбц
MU-062,Baş (silindr blokunun başı),synonym,silindr blokunun başı
MU-062,Baş (silindr blokunun başı),synonym,mühərrik başlığı
MU-062,Baş (silindr blokunun başı),name_az,Baş (silindr blokunun başı)
MU-062,Baş (silindr blokunun başı),name_ru,Головка блока цилиндров (ГБЦ)
MU-015,Klapan,synonym,впускной
MU-015,Klapan,synonym,впускной выпускной
MU-015,Klapan,synonym,выпускной
MU-015,Klapan,synonym,qlapan
MU-015,Klapan,name_az,Klapan
MU-015,Klapan,name_ru,Клапан (впускной/выпускной)
MU-013,Üst krişka (klapan qapağı),synonym,klapan qapağı
MU-013,Üst krişka (klapan qapağı),name_az,Üst krişka (klapan qapağı)
MU-013,Üst krişka (klapan qapağı),name_ru,Клапанная крышка
MU-065,Koromislo (rokker),synonym,коромысло грм
MU-065,Koromislo (rokker),synonym,рокер грм
MU-065,Koromislo (rokker),synonym,rokker
MU-065,Koromislo (rokker),name_az,Koromislo (rokker)
MU-065,Koromislo (rokker),name_ru,Коромысло/рокер ГРМ
MU-051,Membran (PCV klapanı),synonym,маслоотделитель
MU-051,Membran (PCV klapanı),synonym,pcv klapanı
MU-051,Membran (PCV klapanı),synonym,membran
MU-051,Membran (PCV klapanı),synonym,klapan membran
MU-051,Membran (PCV klapanı),name_az,Membran (PCV klapanı)
MU-051,Membran (PCV klapanı),name_ru,Мембрана PCV-клапана (маслоотделитель)
RG-11,Klapan qapağı membranı,synonym,"klapan qapağı membranı, klapan qapağı diafraqması, PCV membranı, karter qazı membranı, karter ventilyasiya membranı, valve cover membrane, valve cover diaphragm, PCV diaphragm, мембрана клапанной крышки, диафрагма клапанной крышки, мембрана PCV, мембрана вентиляции картерных газов"
RG-11,Klapan qapağı membranı,synonym,klapan qapağı membranı
RG-11,Klapan qapağı membranı,synonym,klapan qapağı diafraqması
RG-11,Klapan qapağı membranı,synonym,PCV membranı
RG-11,Klapan qapağı membranı,synonym,karter qazı membranı
RG-11,Klapan qapağı membranı,synonym,karter ventilyasiya membranı
RG-11,Klapan qapağı membranı,synonym,valve cover membrane
RG-11,Klapan qapağı membranı,synonym,valve cover diaphragm
RG-11,Klapan qapağı membranı,synonym,PCV diaphragm
RG-11,Klapan qapağı membranı,synonym,мембрана клапанной крышки
RG-11,Klapan qapağı membranı,synonym,диафрагма клапанной крышки
RG-11,Klapan qapağı membranı,synonym,мембрана PCV
RG-11,Klapan qapağı membranı,synonym,мембрана вентиляции картерных газов
MU-064,Klapan yayı,name_az,Klapan yayı
MU-064,Klapan yayı,name_ru,Пружина клапана
MU-050,Vanos (VVT solenoidi),synonym,соленоид vanos
MU-050,Vanos (VVT solenoidi),synonym,соленоид vvt
MU-050,Vanos (VVT solenoidi),synonym,vvt solenoidi
MU-050,Vanos (VVT solenoidi),synonym,vanus
MU-050,Vanos (VVT solenoidi),synonym,vanus sensoru
MU-050,Vanos (VVT solenoidi),name_az,Vanos (VVT solenoidi)
MU-050,Vanos (VVT solenoidi),name_ru,Соленоид VANOS/VVT
MU-099,Klapan itələyici,name_az,Klapan itələyici
MU-099,Klapan itələyici,name_ru,Толкатель клапана
MU-063,Klapan suxariki (klapan fiksatoru),synonym,Klapan suxariki (fiksator)
MU-063,Klapan suxariki (klapan fiksatoru),synonym,сухарики
MU-063,Klapan suxariki (klapan fiksatoru),synonym,klapan fiksatoru
MU-063,Klapan suxariki (klapan fiksatoru),name_az,Klapan suxariki (klapan fiksatoru)
MU-063,Klapan suxariki (klapan fiksatoru),name_ru,Фиксатор (сухарики) клапана
MU-061,Zəncir başmağı (sep başmağı),synonym,башмак цепи грм
MU-061,Zəncir başmağı (sep başmağı),synonym,успокоитель цепи грм
MU-061,Zəncir başmağı (sep başmağı),synonym,sep başmağı
MU-061,Zəncir başmağı (sep başmağı),synonym,sep basmag desti
MU-061,Zəncir başmağı (sep başmağı),synonym,sep başmağ dəsti
MU-061,Zəncir başmağı (sep başmağı),synonym,uspakaitel
MU-061,Zəncir başmağı (sep başmağı),synonym,uspakatiel
MU-061,Zəncir başmağı (sep başmağı),synonym,uspokoitel
MU-061,Zəncir başmağı (sep başmağı),synonym,uspakoitel
MU-061,Zəncir başmağı (sep başmağı),synonym,sep uspakaiteli
MU-061,Zəncir başmağı (sep başmağı),synonym,успокоитель
MU-061,Zəncir başmağı (sep başmağı),synonym,успокоитель цепи
MU-061,Zəncir başmağı (sep başmağı),synonym,cep basmaq
MU-061,Zəncir başmağı (sep başmağı),synonym,cep başmaq
MU-061,Zəncir başmağı (sep başmağı),synonym,sep basmaq
MU-061,Zəncir başmağı (sep başmağı),name_az,Zəncir başmağı (sep başmağı)
MU-061,Zəncir başmağı (sep başmağı),name_ru,Башмак/успокоитель цепи ГРМ
MU-093,Qrm krışkası (paylama qapağı),synonym,qrm krışkası
MU-093,Qrm krışkası (paylama qapağı),synonym,krışka qrm
MU-093,Qrm krışkası (paylama qapağı),synonym,krişka qrm
MU-093,Qrm krışkası (paylama qapağı),synonym,крышка грм
MU-093,Qrm krışkası (paylama qapağı),synonym,paylama qapağı
MU-093,Qrm krışkası (paylama qapağı),name_az,Qrm krışkası (paylama qapağı)
MU-022,Natijitel (natyajnoy),synonym,gərginləşdirici
MU-022,Natijitel (natyajnoy),synonym,kəmər tarımlayıcısı
MU-022,Natijitel (natyajnoy),synonym,kəmər tənzimləyici
MU-022,Natijitel (natyajnoy),synonym,kəmər tənzimləyicisi
MU-022,Natijitel (natyajnoy),synonym,kəmər tarımlayıcı
MU-022,Natijitel (natyajnoy),name_az,Natijitel (natyajnoy)
MU-022,Natijitel (natyajnoy),name_ru,Натяжитель ремня
MU-052,Zəncir gərginləşdiricisi,synonym,zəncir dartıcısı
MU-052,Zəncir gərginləşdiricisi,name_az,Zəncir gərginləşdiricisi
MU-052,Zəncir gərginləşdiricisi,name_ru,Натяжитель цепи ГРМ
MU-020,Çöl remen (dinamo remeni),synonym,генераторный
MU-020,Çöl remen (dinamo remeni),synonym,dinamo kəməri
MU-020,Çöl remen (dinamo remeni),synonym,çöl kəməri
MU-020,Çöl remen (dinamo remeni),synonym,çöl kəmər
MU-020,Çöl remen (dinamo remeni),name_az,Çöl remen (dinamo remeni)
MU-020,Çöl remen (dinamo remeni),name_ru,Приводной (генераторный) ремень
MU-019,İç remen (dişli qayış),synonym,dişli qayış
MU-019,İç remen (dişli qayış),synonym,iç kəməri
MU-019,İç remen (dişli qayış),synonym,iç kəmər dəsti
MU-019,İç remen (dişli qayış),synonym,iç kəmər
MU-019,İç remen (dişli qayış),synonym,mühərrik iç dişli kəməri
MU-019,İç remen (dişli qayış),name_az,İç remen (dişli qayış)
MU-019,İç remen (dişli qayış),name_ru,Ремень ГРМ
MU-023,Rolik,synonym,натяжной
MU-023,Rolik,synonym,обводной
MU-023,Rolik,synonym,обводной натяжной
MU-023,Rolik,synonym,gərginlik roliki
MU-023,Rolik,synonym,kəmər roliki
MU-023,Rolik,synonym,nizamlayıcı çarx
MU-023,Rolik,synonym,nizamlayıcı çarxı
MU-023,Rolik,synonym,kəmər tarımlayıcı roliki
MU-023,Rolik,name_az,Rolik
MU-023,Rolik,name_ru,Ролик (обводной/натяжной)
MU-055,Zəncir (vaxtlama zənciri),synonym,vaxtlama zənciri
MU-055,Zəncir (vaxtlama zənciri),synonym,benzin zəncir dəsti
MU-055,Zəncir (vaxtlama zənciri),synonym,dizel zəncir dəsti
MU-055,Zəncir (vaxtlama zənciri),synonym,mühərrik zəncir dəsti
MU-055,Zəncir (vaxtlama zənciri),synonym,mühərrik zənciri
MU-055,Zəncir (vaxtlama zənciri),synonym,zəncir dəsti
MU-055,Zəncir (vaxtlama zənciri),synonym,mühərrik sepi
MU-055,Zəncir (vaxtlama zənciri),synonym,muherrik sepi
MU-055,Zəncir (vaxtlama zənciri),synonym,mühərrikin sepi komplekt
MU-055,Zəncir (vaxtlama zənciri),synonym,muherrikin sepi
MU-055,Zəncir (vaxtlama zənciri),synonym,qrm krişkası
MU-055,Zəncir (vaxtlama zənciri),synonym,sep krişkası
MU-055,Zəncir (vaxtlama zənciri),synonym,цепь мотора в сборе
MU-055,Zəncir (vaxtlama zənciri),synonym,sep desti
MU-055,Zəncir (vaxtlama zənciri),synonym,sep dest
MU-055,Zəncir (vaxtlama zənciri),synonym,mator sepi desti
MU-055,Zəncir (vaxtlama zənciri),synonym,cep desti
MU-055,Zəncir (vaxtlama zənciri),name_az,Zəncir (vaxtlama zənciri)
MU-055,Zəncir (vaxtlama zənciri),name_ru,Цепь ГРМ
MU-069,Zəncir dişli çarxı,synonym,paylayıcı valın qasnağı
MU-069,Zəncir dişli çarxı,synonym,mühərrik paylayıcı valın qasnağı
MU-069,Zəncir dişli çarxı,name_az,Zəncir dişli çarxı
MU-069,Zəncir dişli çarxı,name_ru,Шестерня цепи ГРМ
MU-021,Şkif,synonym,dinamonun şkifi
MU-021,Şkif,synonym,mühərrik şkifi
MU-021,Şkif,synonym,dinamo şkifi
MU-021,Şkif,synonym,dinamo şkifı
MU-021,Şkif,synonym,pompa şkifi
MU-021,Şkif,name_az,Şkif
MU-021,Şkif,name_ru,Шкив
SU-014,Rulevoy baçoku,synonym,hidravlik gücləndirici çəni
SU-014,Rulevoy baçoku,synonym,hidrovlik çəni
SU-014,Rulevoy baçoku,name_az,Rulevoy baçoku
SU-014,Rulevoy baçoku,name_ru,Бачок ГУР
SU-005,Rulevoy usilitel (gidrousilitel),synonym,gidrousilitel
SU-005,Rulevoy usilitel (gidrousilitel),synonym,dizel hidrogücləndiricisi
SU-005,Rulevoy usilitel (gidrousilitel),synonym,hidrogücləndirici
SU-005,Rulevoy usilitel (gidrousilitel),name_az,Rulevoy usilitel (gidrousilitel)
SU-005,Rulevoy usilitel (gidrousilitel),name_ru,Гидроусилитель руля
SU-007,Rulevoy motoru (elektrik gücləndirici),synonym,eps
SU-007,Rulevoy motoru (elektrik gücləndirici),synonym,elektrik gücləndirici
SU-007,Rulevoy motoru (elektrik gücləndirici),name_az,Rulevoy motoru (elektrik gücləndirici)
SU-007,Rulevoy motoru (elektrik gücləndirici),name_ru,Мотор электроусилителя руля (EPS)
SU-010,Gidrousilitel nasosu,name_az,Gidrousilitel nasosu
SU-010,Gidrousilitel nasosu,name_ru,Насос гидроусилителя руля
SU-013,Rulevoy şlanqı,synonym,гидравлика
SU-013,Rulevoy şlanqı,name_az,Rulevoy şlanqı
SU-013,Rulevoy şlanqı,name_ru,Шланг ГУР (гидравлика)
EY-014,Tormoz mayesi baçoku,name_az,Tormoz mayesi baçoku
EY-014,Tormoz mayesi baçoku,name_ru,Бачок тормозной жидкости
EY-015,Vakum nasosu,synonym,vakuum yaradanı
EY-015,Vakum nasosu,synonym,vakuum yaradan pompası
EY-015,Vakum nasosu,synonym,vakuum yaradıcısı
EY-015,Vakum nasosu,synonym,vakuumyaradan
EY-015,Vakum nasosu,synonym,vakuumyaradanı
EY-015,Vakum nasosu,name_az,Vakum nasosu
EY-015,Vakum nasosu,name_ru,Вакуумный насос
EY-006,Vakum (tormoz gücləndiricisi),synonym,tormoz gücləndiricisi
EY-006,Vakum (tormoz gücləndiricisi),name_az,Vakum (tormoz gücləndiricisi)
EY-006,Vakum (tormoz gücləndiricisi),name_ru,Вакуумный усилитель тормозов
EY-007,Qlavnı silindir,synonym,tormuzun qlavnisi
EY-007,Qlavnı silindir,synonym,tormuz qlavnisi
EY-007,Qlavnı silindir,synonym,qlavnı tormuz
EY-007,Qlavnı silindir,synonym,qlavni silindir
EY-007,Qlavnı silindir,synonym,qlavniy silindir
EY-007,Qlavnı silindir,synonym,qlavnı silindiri
EY-007,Qlavnı silindir,synonym,tormozun qlavnisi
EY-007,Qlavnı silindir,synonym,tormozun qlavni silindiri
EY-007,Qlavnı silindir,synonym,qlavnoy silindir
EY-007,Qlavnı silindir,synonym,qlavnoy tormoz
EY-007,Qlavnı silindir,synonym,glavnoy tormoz
EY-007,Qlavnı silindir,synonym,glavnı tormoz
EY-007,Qlavnı silindir,synonym,glavnı silindir
EY-007,Qlavnı silindir,synonym,glavniy silindir
EY-007,Qlavnı silindir,synonym,tormuz baçoku silindiri
EY-007,Qlavnı silindir,synonym,tormuzun silindiri
EY-007,Qlavnı silindir,synonym,əyləcin qlavnisi
EY-007,Qlavnı silindir,synonym,əyləc qlavnisi
EY-007,Qlavnı silindir,synonym,əyləcin əsas silindiri
EY-007,Qlavnı silindir,synonym,главный тормозной
EY-007,Qlavnı silindir,synonym,главный цилиндр тормоза
EY-007,Qlavnı silindir,synonym,мастер цилиндр
EY-007,Qlavnı silindir,synonym,главный тормозной цилиндр
EY-007,Qlavnı silindir,synonym,цилиндр тормозной главный
EY-007,Qlavnı silindir,synonym,ГТЦ
EY-007,Qlavnı silindir,synonym,тормозной мастер
EY-007,Qlavnı silindir,synonym,əyləc baş silindri
EY-007,Qlavnı silindir,synonym,baş əyləc silindri
EY-007,Qlavnı silindir,synonym,əsas əyləc silindri
EY-007,Qlavnı silindir,synonym,brake master cylinder
EY-007,Qlavnı silindir,synonym,master brake cylinder
EY-007,Qlavnı silindir,synonym,master cylinder
EY-007,Qlavnı silindir,synonym,главный тормозной насос
EY-007,Qlavnı silindir,name_az,Qlavnı silindir
EY-017,Tormoz mayesi səviyyə datçiki,name_az,Tormoz mayesi səviyyə datçiki
EY-017,Tormoz mayesi səviyyə datçiki,name_ru,Датчик уровня тормозной жидкости
EY-019,Arxa əyləc silindri (baraban),synonym,arxa əyləc silindri
EY-019,Arxa əyləc silindri (baraban),synonym,arxa silindir
EY-019,Arxa əyləc silindri (baraban),synonym,задний тормозной цилиндр
EY-019,Arxa əyləc silindri (baraban),name_az,Arxa əyləc silindri (baraban)
EY-019,Arxa əyləc silindri (baraban),name_ru,Задний тормозной цилиндр (барабанный)
EY-016,Tormoz borusu (jyostkaya),synonym,жёсткая
EY-016,Tormoz borusu (jyostkaya),synonym,jyostkaya
EY-016,Tormoz borusu (jyostkaya),name_az,Tormoz borusu (jyostkaya)
EY-016,Tormoz borusu (jyostkaya),name_ru,Тормозная трубка (жёсткая)
EY-009,Tormuz şlankı,synonym,əyləc şlanqı
EY-009,Tormuz şlankı,synonym,tormoz şlanqı
EY-009,Tormuz şlankı,synonym,əyləc şlankı
EY-009,Tormuz şlankı,name_az,Tormuz şlankı
EY-009,Tormuz şlankı,name_ru,Тормозной шланг
EL-065,AKPP bloku (sürət qutusunun beyni),synonym,sürət qutusunun beyni
EL-065,AKPP bloku (sürət qutusunun beyni),name_az,AKPP bloku (sürət qutusunun beyni)
EL-065,AKPP bloku (sürət qutusunun beyni),name_ru,Блок управления АКПП
TR-004,Karopka beyni (TCU/gidro bloku),synonym,tcu
TR-004,Karopka beyni (TCU/gidro bloku),synonym,tcu гидроблок
TR-004,Karopka beyni (TCU/gidro bloku),synonym,гидроблок
TR-004,Karopka beyni (TCU/gidro bloku),synonym,tcu gidro bloku
TR-004,Karopka beyni (TCU/gidro bloku),synonym,gidro bloku
TR-004,Karopka beyni (TCU/gidro bloku),name_az,Karopka beyni (TCU/gidro bloku)
TR-004,Karopka beyni (TCU/gidro bloku),name_ru,Блок управления коробкой (TCU/гидроблок)
EL-059,Tam ötürücü mufta bloku,name_az,Tam ötürücü mufta bloku
EL-059,Tam ötürücü mufta bloku,name_ru,Блок управления муфтой полного привода
TR-005,Karopka datçiki (təzyiq/sürət),synonym,давления
TR-005,Karopka datçiki (təzyiq/sürət),synonym,давления скорости
TR-005,Karopka datçiki (təzyiq/sürət),synonym,скорости
TR-005,Karopka datçiki (təzyiq/sürət),synonym,sürət
TR-005,Karopka datçiki (təzyiq/sürət),synonym,təzyiq
TR-005,Karopka datçiki (təzyiq/sürət),synonym,təzyiq sürət
TR-005,Karopka datçiki (təzyiq/sürət),name_az,Karopka datçiki (təzyiq/sürət)
TR-005,Karopka datçiki (təzyiq/sürət),name_ru,Датчик коробки (давления/скорости)
TR-030,Karopkanın temperatur datçiki,synonym,karopkanın temperatur datçiki
TR-030,Karopkanın temperatur datçiki,synonym,karofkanın tempurator dacıkı
TR-030,Karopkanın temperatur datçiki,synonym,датчик температуры коробки
TR-030,Karopkanın temperatur datçiki,synonym,karopka temperatur datçiki
TR-030,Karopkanın temperatur datçiki,name_ru,Датчик температуры коробки передач
RG-06,Mexatronik (DSG idarəetmə bloku),synonym,mexatronik
RG-06,Mexatronik (DSG idarəetmə bloku),synonym,mexatronka
RG-06,Mexatronik (DSG idarəetmə bloku),synonym,mexatroniki beyni
RG-06,Mexatronik (DSG idarəetmə bloku),synonym,dsg beyni
RG-06,Mexatronik (DSG idarəetmə bloku),synonym,robotun beyni
RG-06,Mexatronik (DSG idarəetmə bloku),synonym,mexatronki beyni
RG-06,Mexatronik (DSG idarəetmə bloku),synonym,мехатроник
RG-06,Mexatronik (DSG idarəetmə bloku),synonym,мозги мехатроника
RG-06,Mexatronik (DSG idarəetmə bloku),synonym,dsg bloku
RG-06,Mexatronik (DSG idarəetmə bloku),synonym,dq200 beyni
RG-06,Mexatronik (DSG idarəetmə bloku),synonym,dq250 beyni
RG-06,Mexatronik (DSG idarəetmə bloku),name_az,Mexatronik (DSG idarəetmə bloku)
RG-06,Mexatronik (DSG idarəetmə bloku),name_ru,Мехатроник (блок управления DSG)
TR-018,Solenoid (karopka klapanı),synonym,Solenoid (karopka)
TR-018,Solenoid (karopka klapanı),synonym,karopka klapanı
TR-018,Solenoid (karopka klapanı),name_az,Solenoid (karopka klapanı)
TR-018,Solenoid (karopka klapanı),name_ru,Соленоид коробки передач
EG-003,Qluşitel (susdurucu),synonym,susdurucu
EG-003,Qluşitel (susdurucu),synonym,qlusiter
EG-003,Qluşitel (susdurucu),synonym,qluşiter
EG-003,Qluşitel (susdurucu),synonym,qlusitel
EG-003,Qluşitel (susdurucu),synonym,səsboğucu
EG-003,Qluşitel (susdurucu),name_az,Qluşitel (susdurucu)
EG-003,Qluşitel (susdurucu),name_ru,Глушитель
EG-009,Səsboğucu ucluğu (müştük),synonym,müştük
EG-009,Səsboğucu ucluğu (müştük),synonym,səsboğucu başlığı
EG-009,Səsboğucu ucluğu (müştük),name_az,Səsboğucu ucluğu (müştük)
EG-009,Səsboğucu ucluğu (müştük),name_ru,Насадка глушителя
EG-007,Qluşitel/egzoz asqısı (podvesnoy rezini),synonym,резиновая подушка
EG-007,Qluşitel/egzoz asqısı (podvesnoy rezini),synonym,qluşitel asqısı
EG-007,Qluşitel/egzoz asqısı (podvesnoy rezini),synonym,egzoz asqısı
EG-007,Qluşitel/egzoz asqısı (podvesnoy rezini),synonym,podvesnoy rezini
EG-007,Qluşitel/egzoz asqısı (podvesnoy rezini),synonym,səsboğucu rezini
EG-007,Qluşitel/egzoz asqısı (podvesnoy rezini),name_az,Qluşitel/egzoz asqısı (podvesnoy rezini)
EG-007,Qluşitel/egzoz asqısı (podvesnoy rezini),name_ru,Подвеска глушителя (резиновая подушка)
EG-008,Qluşitel praklatkası,name_az,Qluşitel praklatkası
EG-008,Qluşitel praklatkası,name_ru,Прокладка глушителя
EG-004,Qazan (rezonator),synonym,задняя банка
EG-004,Qazan (rezonator),synonym,средняя
EG-004,Qazan (rezonator),synonym,средняя задняя банка
EG-004,Qazan (rezonator),synonym,rezonator
EG-004,Qazan (rezonator),name_az,Qazan (rezonator)
EG-004,Qazan (rezonator),name_ru,Резонатор (средняя/задняя банка)
EG-006,DPF filtri,synonym,dpf
EG-006,DPF filtri,synonym,dpf filteri
EG-006,DPF filtri,name_az,DPF filtri
EG-006,DPF filtri,name_ru,Сажевый фильтр (DPF)
TK-005,TPMS sensoru (təkər hava sensoru),synonym,tpms
TK-005,TPMS sensoru (təkər hava sensoru),synonym,təkər hava sensoru
TK-005,TPMS sensoru (təkər hava sensoru),name_az,TPMS sensoru (təkər hava sensoru)
TK-005,TPMS sensoru (təkər hava sensoru),name_ru,Датчик давления в шине (TPMS)
MU-045,MAP sensoru,synonym,давления во впуске
MU-045,MAP sensoru,name_az,MAP sensoru
MU-045,MAP sensoru,name_ru,MAP-датчик (давления во впуске)
MU-042,Yağ təzyiqi sensoru,name_az,Yağ təzyiqi sensoru
MU-042,Yağ təzyiqi sensoru,name_ru,Датчик давления масла
MU-044,Detonasiya datçiki,name_az,Detonasiya datçiki
MU-044,Detonasiya datçiki,name_ru,Датчик детонации
MU-040,Kalenval datçiki,synonym,391802A500
MU-040,Kalenval datçiki,synonym,dirsəkli val sensoru
MU-040,Kalenval datçiki,synonym,kalenval sensoru
MU-040,Kalenval datçiki,synonym,kalenvalın sensoru
MU-040,Kalenval datçiki,synonym,qalvalın daciqi
MU-040,Kalenval datçiki,name_az,Kalenval datçiki
MU-040,Kalenval datçiki,name_ru,Датчик коленвала
MU-041,Raspredval datçiki,synonym,paylayıcı valın sensoru
MU-041,Raspredval datçiki,synonym,raspidval daccik
MU-041,Raspredval datçiki,synonym,raspidval datciki
MU-041,Raspredval datçiki,synonym,raspredval daccik
MU-041,Raspredval datçiki,name_az,Raspredval datçiki
MU-041,Raspredval datçiki,name_ru,Датчик распредвала
MU-033,Vozduxamer (MAF sensoru),synonym,дмрв
MU-033,Vozduxamer (MAF sensoru),synonym,maf sensoru
MU-033,Vozduxamer (MAF sensoru),synonym,hava sensoru
MU-033,Vozduxamer (MAF sensoru),synonym,hava ölçəni
MU-033,Vozduxamer (MAF sensoru),synonym,havaölçən
MU-033,Vozduxamer (MAF sensoru),synonym,havaölçən sensoru
MU-033,Vozduxamer (MAF sensoru),synonym,vozduxamer
MU-033,Vozduxamer (MAF sensoru),synonym,vazduxamer
MU-033,Vozduxamer (MAF sensoru),synonym,воздухомер
MU-033,Vozduxamer (MAF sensoru),name_az,Vozduxamer (MAF sensoru)
MU-033,Vozduxamer (MAF sensoru),name_ru,Датчик расхода воздуха (ДМРВ)
MU-095,Yağ səviyyəsi sensoru,name_az,Yağ səviyyəsi sensoru
MU-095,Yağ səviyyəsi sensoru,name_ru,Датчик уровня масла
MU-088,Boş gediş datçiki,name_az,Boş gediş datçiki
MU-088,Boş gediş datçiki,name_ru,Датчик холостого хода
AK-030,Avtosiqnalizasiya,name_az,Avtosiqnalizasiya
AK-030,Avtosiqnalizasiya,name_ru,Автосигнализация
RG-08,Şarj bloku (OBC),synonym,obc
RG-08,Şarj bloku (OBC),synonym,obc bloku
RG-08,Şarj bloku (OBC),synonym,sarj bloku
RG-08,Şarj bloku (OBC),synonym,şarj bloku
RG-08,Şarj bloku (OBC),synonym,бортовое зарядное
RG-08,Şarj bloku (OBC),synonym,блок зарядки
RG-08,Şarj bloku (OBC),synonym,зарядный блок
RG-08,Şarj bloku (OBC),synonym,xarici sarj bloku
RG-08,Şarj bloku (OBC),name_az,Şarj bloku (OBC)
RG-08,Şarj bloku (OBC),name_ru,Блок зарядки (OBC / бортовое зарядное устройство)
EL-067,Yaddaşlı oturacaq bloku,name_az,Yaddaşlı oturacaq bloku
EL-067,Yaddaşlı oturacaq bloku,name_ru,Блок памяти сидений
EL-028,Predaxranitel bloku (qoruyucular),synonym,qoruyucular
EL-028,Predaxranitel bloku (qoruyucular),name_az,Predaxranitel bloku (qoruyucular)
EL-028,Predaxranitel bloku (qoruyucular),name_ru,Блок предохранителей
EL-080,Aktuator idarəetmə bloku,name_az,Aktuator idarəetmə bloku
EL-080,Aktuator idarəetmə bloku,name_ru,Блок управления актуатором
EL-006,Mühərrik idarəetmə bloku (ECU),synonym,ecu
EL-006,Mühərrik idarəetmə bloku (ECU),name_az,Mühərrik idarəetmə bloku (ECU)
EL-006,Mühərrik idarəetmə bloku (ECU),name_ru,Блок управления двигателем (ECU)
EL-007,BCM (kuzov idarəetmə bloku),synonym,bcm
EL-007,BCM (kuzov idarəetmə bloku),synonym,kuzov idarəetmə bloku
EL-007,BCM (kuzov idarəetmə bloku),name_az,BCM (kuzov idarəetmə bloku)
EL-007,BCM (kuzov idarəetmə bloku),name_ru,Блок управления кузовом (BCM)
EL-037,Stop siqnal açarı (laqruşka),synonym,лягушка
EL-037,Stop siqnal açarı (laqruşka),synonym,laqruşka
EL-037,Stop siqnal açarı (laqruşka),name_az,Stop siqnal açarı (laqruşka)
EL-037,Stop siqnal açarı (laqruşka),name_ru,Выключатель стоп-сигнала (лягушка)
EL-031,Hibrid invertoru,name_az,Hibrid invertoru
EL-031,Hibrid invertoru,name_ru,Гибридный инвертор
EL-017,Yağış sensoru,name_az,Yağış sensoru
EL-017,Yağış sensoru,name_ru,Датчик дождя
RG-12,NOx sensoru,synonym,nox sensor
RG-12,NOx sensoru,synonym,nox sensoru
RG-12,NOx sensoru,synonym,nox datçiki
RG-12,NOx sensoru,synonym,azot oksidi sensoru
RG-12,NOx sensoru,synonym,azot oksidləri datçiki
RG-12,NOx sensoru,synonym,nitrogen oxide sensor
RG-12,NOx sensoru,synonym,nitrogen oxides sensor
RG-12,NOx sensoru,synonym,датчик NOx
RG-12,NOx sensoru,synonym,NOx-датчик
RG-12,NOx sensoru,synonym,датчик оксида азота
RG-12,NOx sensoru,synonym,датчик оксидов азота
EL-081,İşıq sensoru,name_az,İşıq sensoru
EL-081,İşıq sensoru,name_ru,Датчик освещённости
EL-027,Sürət sensoru (spidometr),synonym,spidometr
EL-027,Sürət sensoru (spidometr),name_az,Sürət sensoru (spidometr)
EL-027,Sürət sensoru (spidometr),name_ru,Датчик скорости
SO-016,Su temperaturu datçiki,synonym,sensor su tempuraturu
SO-016,Su temperaturu datçiki,name_az,Su temperaturu datçiki
SO-016,Su temperaturu datçiki,name_ru,Датчик температуры охлаждающей жидкости
EL-069,Yuyucu mayesi səviyyə datçiki,name_az,Yuyucu mayesi səviyyə datçiki
EL-069,Yuyucu mayesi səviyyə datçiki,name_ru,Датчик уровня жидкости омывателя
EL-079,OBD diaqnostika yuvası,name_az,OBD diaqnostika yuvası
EL-079,OBD diaqnostika yuvası,name_ru,Диагностический разъём OBD
EL-056,Siqnal (qudok),synonym,гудок
EL-056,Siqnal (qudok),synonym,qudok
EL-056,Siqnal (qudok),name_az,Siqnal (qudok)
EL-056,Siqnal (qudok),name_ru,Звуковой сигнал (гудок)
EL-046,Avariya düyməsi,name_az,Avariya düyməsi
EL-046,Avariya düyməsi,name_ru,Кнопка аварийной сигнализации
EL-011,Multi rul düymələri,name_az,Multi rul düymələri
EL-011,Multi rul düymələri,name_ru,Кнопки на руле
EL-045,Qapı konsevigi (açıq qapı datçiki),synonym,датчик открытой двери
EL-045,Qapı konsevigi (açıq qapı datçiki),synonym,açıq qapı datçiki
EL-045,Qapı konsevigi (açıq qapı datçiki),name_az,Qapı konsevigi (açıq qapı datçiki)
EL-045,Qapı konsevigi (açıq qapı datçiki),name_ru,Концевик двери (датчик открытой двери)
RG-10,Qoruyucu bloku qapağı,synonym,qoruyucu blokun qapağı
RG-10,Qoruyucu bloku qapağı,synonym,sigorta qutusunun qapağı
RG-10,Qoruyucu bloku qapağı,synonym,predaxranitel bloku qapağı
RG-10,Qoruyucu bloku qapağı,synonym,крышка блока предохранителей
RG-10,Qoruyucu bloku qapağı,synonym,крышка предохранителей
RG-10,Qoruyucu bloku qapağı,name_az,Qoruyucu bloku qapağı
EL-078,DC-DC gərginlik çeviricisi,name_az,DC-DC gərginlik çeviricisi
EL-078,DC-DC gərginlik çeviricisi,name_ru,Преобразователь напряжения DC-DC
EL-032,Naqillər/ştekerlər (provodka),synonym,proводка
EL-032,Naqillər/ştekerlər (provodka),synonym,start stop düyməsinin oboyması
EL-032,Naqillər/ştekerlər (provodka),synonym,start stop oboyma
EL-032,Naqillər/ştekerlər (provodka),synonym,beyinden daciklere geden umumi şunur
EL-032,Naqillər/ştekerlər (provodka),synonym,umumi şunur sistemi
EL-032,Naqillər/ştekerlər (provodka),synonym,zbor beyin mobilzator ilə
EL-032,Naqillər/ştekerlər (provodka),name_az,Naqillər/ştekerlər (provodka)
EL-032,Naqillər/ştekerlər (provodka),name_ru,Проводка/разъёмы
EL-083,Head-up displey,name_az,Head-up displey
EL-083,Head-up displey,name_ru,Проекционный дисплей
EL-049,Benzin nasosu relesi,name_az,Benzin nasosu relesi
EL-049,Benzin nasosu relesi,name_ru,Реле бензонасоса
EL-050,Şotka relesi,name_az,Şotka relesi
EL-050,Şotka relesi,name_ru,Реле дворников
EL-051,Kondisioner relesi,name_az,Kondisioner relesi
EL-051,Kondisioner relesi,name_ru,Реле кондиционера
EL-052,Povorotnik relesi,synonym,прерыватель
EL-052,Povorotnik relesi,synonym,dönmə işığı relesi
EL-052,Povorotnik relesi,name_az,Povorotnik relesi
EL-052,Povorotnik relesi,name_ru,Реле поворотов (прерыватель)
EL-053,Qızdırıcı şam relesi,name_az,Qızdırıcı şam relesi
EL-053,Qızdırıcı şam relesi,name_ru,Реле свечей накала
EL-026,Elektron qaz pedalı,synonym,qaz pedalı
EL-026,Elektron qaz pedalı,name_az,Elektron qaz pedalı
EL-026,Elektron qaz pedalı,name_ru,Электронная педаль газа
EL-033,Oturacaq/sükan qızdırıcı-soyuducu bloku,synonym,блок обогрева сидений и руля
EL-033,Oturacaq/sükan qızdırıcı-soyuducu bloku,synonym,блок охлаждения сидений и руля
EL-033,Oturacaq/sükan qızdırıcı-soyuducu bloku,synonym,oturacaq qızdırıcı soyuducu bloku
EL-033,Oturacaq/sükan qızdırıcı-soyuducu bloku,synonym,sükan qızdırıcı soyuducu bloku
EL-033,Oturacaq/sükan qızdırıcı-soyuducu bloku,name_az,Oturacaq/sükan qızdırıcı-soyuducu bloku
EL-033,Oturacaq/sükan qızdırıcı-soyuducu bloku,name_ru,Блок обогрева/охлаждения сидений и руля
EL-019,Kondisioner idarəetmə bloku (klimat kontrol),synonym,klimat kontrol
EL-019,Kondisioner idarəetmə bloku (klimat kontrol),synonym,isti soyuqa çeviren modulyator
EL-019,Kondisioner idarəetmə bloku (klimat kontrol),synonym,isti soyuq modulyator
EL-019,Kondisioner idarəetmə bloku (klimat kontrol),name_az,Kondisioner idarəetmə bloku (klimat kontrol)
EL-019,Kondisioner idarəetmə bloku (klimat kontrol),name_ru,Блок управления климат-контролем
EL-020,Kondisioner datçiki,synonym,датчик кондиционера
EL-020,Kondisioner datçiki,synonym,актуатор кондиционера
EL-020,Kondisioner datçiki,synonym,kondisioner aktuatoru
EL-020,Kondisioner datçiki,synonym,kondisioner datçiki
RG-01,Çöl temperatur datçiki,synonym,çöl temperatur datçiki
RG-01,Çöl temperatur datçiki,synonym,çöl temperatur sensoru
RG-01,Çöl temperatur datçiki,synonym,çöl temperatur sensor
RG-01,Çöl temperatur datçiki,synonym,çöl hava temperatur datçiki
RG-01,Çöl temperatur datçiki,synonym,çöl hava temperatur sensoru
RG-01,Çöl temperatur datçiki,synonym,xarici temperatur datçiki
RG-01,Çöl temperatur datçiki,synonym,xarici temperatur sensoru
RG-01,Çöl temperatur datçiki,synonym,ambient temperature sensor
RG-01,Çöl temperatur datçiki,synonym,ambient sensor
RG-01,Çöl temperatur datçiki,synonym,outside temperature sensor
RG-01,Çöl temperatur datçiki,synonym,outside air temperature sensor
RG-01,Çöl temperatur datçiki,synonym,external temperature sensor
RG-01,Çöl temperatur datçiki,synonym,outside temp sensor
RG-01,Çöl temperatur datçiki,synonym,датчик наружной температуры
RG-01,Çöl temperatur datçiki,synonym,датчик внешней температуры
RG-01,Çöl temperatur datçiki,synonym,датчик наружного воздуха
RG-01,Çöl temperatur datçiki,synonym,датчик температуры наружного воздуха
RG-01,Çöl temperatur datçiki,synonym,датчик температуры окружающего воздуха
RG-01,Çöl temperatur datçiki,synonym,датчик уличной температуры
RG-01,Çöl temperatur datçiki,synonym,датчик внешней температуры воздуха
EL-068,Kondisionerin hava axını datçiki,name_az,Kondisionerin hava axını datçiki
EL-068,Kondisionerin hava axını datçiki,name_ru,Датчик расхода воздуха кондиционера
KZ-015,Qapı (polotno),synonym,polotno
KZ-015,Qapı (polotno),synonym,qapı
KZ-015,Qapı (polotno),name_az,Qapı (polotno)
KZ-015,Qapı (polotno),name_ru,Дверь в сборе
KZ-017,Qapı zamoku,synonym,qapı kilidi
KZ-017,Qapı zamoku,name_az,Qapı zamoku
KZ-017,Qapı zamoku,name_ru,Замок двери
KZ-045,Şüşəqaldıran mexanizm,synonym,şüşə qaldıran mexanizimi
KZ-045,Şüşəqaldıran mexanizm,synonym,şüşə qaldıranı
KZ-045,Şüşəqaldıran mexanizm,synonym,qapı şüşə qaldırıcı mexanizmi
KZ-045,Şüşəqaldıran mexanizm,synonym,şüşə qaldırıcı
KZ-045,Şüşəqaldıran mexanizm,name_az,Şüşəqaldıran mexanizm
KZ-045,Şüşəqaldıran mexanizm,name_ru,Механизм стеклоподъёмника
KZ-019,Qapı kartası,synonym,карта
KZ-019,Qapı kartası,synonym,oblisovka
KZ-019,Qapı kartası,synonym,abifka
KZ-019,Qapı kartası,synonym,abifkasi
KZ-019,Qapı kartası,name_az,Qapı kartası
KZ-019,Qapı kartası,name_ru,Обшивка двери (карта)
KZ-058,Qapı fiksatoru,synonym,фиксатор
KZ-058,Qapı fiksatoru,name_az,Qapı fiksatoru
KZ-058,Qapı fiksatoru,name_ru,Ограничитель (фиксатор) двери
KZ-041,Qapı menteşəsi,synonym,qapı petləsi
KZ-041,Qapı menteşəsi,name_az,Qapı menteşəsi
KZ-041,Qapı menteşəsi,name_ru,Петля двери
KZ-016,Qapı ruçkası,synonym,qapi tutacag
KZ-016,Qapı ruçkası,synonym,qapı tutacağı
KZ-016,Qapı ruçkası,synonym,qapı dəstəyi
KZ-016,Qapı ruçkası,synonym,qapının xarici tutacağı
KZ-016,Qapı ruçkası,synonym,iç qapı dəstəyi
KZ-016,Qapı ruçkası,synonym,qapı əlcəyi
KZ-016,Qapı ruçkası,synonym,qapı əlcəgi
KZ-016,Qapı ruçkası,name_az,Qapı ruçkası
KZ-016,Qapı ruçkası,name_ru,Ручка двери
KZ-018,Qapı rezini,synonym,qapı və baqaj rezini
KZ-018,Qapı rezini,name_az,Qapı rezini
KZ-018,Qapı rezini,name_ru,Уплотнитель двери
KZ-061,Şüşəqaldıran cerviyakı (val),synonym,şüşə qaldıran trosu
KZ-061,Şüşəqaldıran cerviyakı (val),synonym,şüşə qaldıran tros
KZ-061,Şüşəqaldıran cerviyakı (val),synonym,şüşənin trosu
KZ-061,Şüşəqaldıran cerviyakı (val),synonym,şüşəqaldıran zəncir
KZ-061,Şüşəqaldıran cerviyakı (val),name_az,Şüşəqaldıran cerviyakı (val)
KZ-061,Şüşəqaldıran cerviyakı (val),name_ru,Червяк стеклоподъёмника
MU-010,Balans valı,name_az,Balans valı
MU-010,Balans valı,name_ru,Балансировочный вал
MU-070,Silindr bloku,name_az,Silindr bloku
MU-070,Silindr bloku,name_ru,Блок цилиндров
MU-006,Vkladış,synonym,şatun yatağı
MU-006,Vkladış,name_az,Vkladış
MU-006,Vkladış,name_ru,Вкладыши
MU-032,Hava kollektoru,name_az,Hava kollektoru
MU-032,Hava kollektoru,name_ru,Впускной коллектор
MU-001,Mühərrik,synonym,mühərrik
MU-001,Mühərrik,name_ru,Двигатель в сборе
MU-068,Blok tıxacı (çopik),synonym,çopik
MU-068,Blok tıxacı (çopik),name_az,Blok tıxacı (çopik)
MU-068,Blok tıxacı (çopik),name_ru,Заглушка блока цилиндров
MU-053,Mühərrik alt qoruyucusu,synonym,motorun altindaki qoruyucu plastik
MU-053,Mühərrik alt qoruyucusu,synonym,ремонтный поршень кольца
MU-053,Mühərrik alt qoruyucusu,synonym,korpus prk
MU-053,Mühərrik alt qoruyucusu,synonym,matorun alt zaşitniki usten cixma
MU-053,Mühərrik alt qoruyucusu,synonym,matorun su zaquruskasi
MU-053,Mühərrik alt qoruyucusu,synonym,matorun sepi komplekt
MU-053,Mühərrik alt qoruyucusu,name_az,Mühərrik alt qoruyucusu
MU-053,Mühərrik alt qoruyucusu,name_ru,Защита картера двигателя
MU-097,Yağ filtrinin qoruyucusu,name_az,Yağ filtrinin qoruyucusu
MU-097,Yağ filtrinin qoruyucusu,name_ru,Защита масляного фильтра
MU-009,Karter,synonym,маслосборник
MU-009,Karter,synonym,mühərrik karteri
MU-009,Karter,name_az,Karter
MU-009,Karter,name_ru,Картер (маслосборник)
MU-096,Yağ təzyiqi klapanı,name_az,Yağ təzyiqi klapanı
MU-096,Yağ təzyiqi klapanı,name_ru,Клапан регулировки давления масла
MU-002,Kalenval,synonym,dirsəkli val
MU-002,Kalenval,synonym,dirsəkli valı
MU-002,Kalenval,synonym,mühərrikin dirsəkli valı
MU-002,Kalenval,name_az,Kalenval
MU-002,Kalenval,name_ru,Коленвал
MU-059,Hava filtri qutusu (korpus),synonym,airbox
MU-059,Hava filtri qutusu (korpus),synonym,korpus
MU-059,Hava filtri qutusu (korpus),synonym,hava filter korpusu
MU-059,Hava filtri qutusu (korpus),synonym,hava filter qabı
MU-059,Hava filtri qutusu (korpus),synonym,hava filteri qabı
MU-059,Hava filtri qutusu (korpus),synonym,hava qabı
MU-059,Hava filtri qutusu (korpus),synonym,havaölçən qabı
MU-059,Hava filtri qutusu (korpus),synonym,hava filteri qutusu
MU-059,Hava filtri qutusu (korpus),synonym,hava filteri qazanı
MU-059,Hava filtri qutusu (korpus),synonym,hava filteri qutusu korpus
MU-059,Hava filtri qutusu (korpus),synonym,hava filtri qabı
MU-059,Hava filtri qutusu (korpus),synonym,hava filtri qazanı
MU-059,Hava filtri qutusu (korpus),synonym,hava filtri qutusu
MU-059,Hava filtri qutusu (korpus),name_az,Hava filtri qutusu (korpus)
MU-059,Hava filtri qutusu (korpus),name_ru,Корпус воздушного фильтра (airbox)
MU-029,Yağ filtri korpusu (kitabça),synonym,kitabça
MU-029,Yağ filtri korpusu (kitabça),synonym,yağ kitabçası
MU-029,Yağ filtri korpusu (kitabça),synonym,yağ kitabçası korpusu
MU-029,Yağ filtri korpusu (kitabça),synonym,yağ kitabı
MU-029,Yağ filtri korpusu (kitabça),synonym,yağ filterinin korpusu
MU-029,Yağ filtri korpusu (kitabça),synonym,yağ filteri korpusu kitabça
MU-029,Yağ filtri korpusu (kitabça),synonym,yağ filtrinin korpusu
MU-029,Yağ filtri korpusu (kitabça),name_az,Yağ filtri korpusu (kitabça)
MU-029,Yağ filtri korpusu (kitabça),name_ru,Корпус масляного фильтра
MU-074,Mühərrik qapağı (dekorativ),synonym,декоративная
MU-074,Mühərrik qapağı (dekorativ),synonym,dekorativ
MU-074,Mühərrik qapağı (dekorativ),synonym,mühərrik qapağı
MU-074,Mühərrik qapağı (dekorativ),synonym,mühərrik üst qapağı
MU-074,Mühərrik qapağı (dekorativ),synonym,üst mühərrik qapağı
MU-074,Mühərrik qapağı (dekorativ),synonym,mühərrik örtüyü qapağı
MU-074,Mühərrik qapağı (dekorativ),name_az,Mühərrik qapağı (dekorativ)
MU-074,Mühərrik qapağı (dekorativ),name_ru,Крышка двигателя (декоративная)
MU-057,Yağ qapağı (maslozalivnaya qapaq),synonym,maslozalivnaya qapaq
MU-057,Yağ qapağı (maslozalivnaya qapaq),synonym,mühərrik yağ qapağı
MU-057,Yağ qapağı (maslozalivnaya qapaq),name_az,Yağ qapağı (maslozalivnaya qapaq)
MU-057,Yağ qapağı (maslozalivnaya qapaq),name_ru,Крышка маслозаливной горловины
MU-067,Yağ nasosu sorucu borusu (setka),synonym,setka
MU-067,Yağ nasosu sorucu borusu (setka),name_az,Yağ nasosu sorucu borusu (setka)
MU-067,Yağ nasosu sorucu borusu (setka),name_ru,Маслозаборная трубка с сеточкой
MU-066,Porşen soyutma forsunkası,name_az,Porşen soyutma forsunkası
MU-066,Porşen soyutma forsunkası,name_ru,Масляная форсунка охлаждения поршня
MU-027,Yağ nasosu,name_az,Yağ nasosu
MU-027,Yağ nasosu,name_ru,Масляный насос
MU-084,VANOS-a gedən yağ şlanqı,name_az,VANOS-a gedən yağ şlanqı
MU-084,VANOS-a gedən yağ şlanqı,name_ru,Масляный шланг к VANOS
MU-056,Yağ çubuğu,name_az,Yağ çubuğu
MU-056,Yağ çubuğu,name_ru,Масляный щуп
MU-089,Hava borusu (patrubok),synonym,hava boru
MU-089,Hava borusu (patrubok),synonym,hava borusu patrubok
MU-089,Hava borusu (patrubok),synonym,hava filter borusu
MU-089,Hava borusu (patrubok),synonym,hava xortumu
MU-089,Hava borusu (patrubok),synonym,havaölçən borusu
MU-089,Hava borusu (patrubok),name_az,Hava borusu (patrubok)
MU-089,Hava borusu (patrubok),name_ru,Патрубок воздуховода
MU-076,Aypara şayba (şponka),synonym,коленвала
MU-076,Aypara şayba (şponka),synonym,шкива
MU-076,Aypara şayba (şponka),synonym,шкива коленвала
MU-076,Aypara şayba (şponka),synonym,şponka
MU-076,Aypara şayba (şponka),name_az,Aypara şayba (şponka)
MU-076,Aypara şayba (şponka),name_ru,Полулунная шпонка (шкива/коленвала)
MU-004,Porşen,synonym,mühərrik porşeni
MU-004,Porşen,name_az,Porşen
MU-004,Porşen,name_ru,Поршень
MU-008,Kladiş (porşen barmağı),synonym,porşen barmağı
MU-008,Kladiş (porşen barmağı),name_az,Kladiş (porşen barmağı)
MU-008,Kladiş (porşen barmağı),name_ru,Поршневой палец
MU-005,Kolsa,synonym,porşen halqası
MU-005,Kolsa,synonym,porşen halqaları
MU-005,Kolsa,synonym,porşen halqa dəsti
MU-005,Kolsa,synonym,halqa dəsti
MU-005,Kolsa,synonym,porşen üzügü
MU-005,Kolsa,synonym,porşen üzükləri
MU-005,Kolsa,synonym,üzük dəsti
MU-005,Kolsa,synonym,kolça
MU-005,Kolsa,synonym,kolça dəsti
MU-005,Kolsa,name_az,Kolsa
MU-005,Kolsa,name_ru,Поршневые кольца
MU-003,Raspredval,synonym,mühərrik paylayıcı valı
MU-003,Raspredval,synonym,paylayıcı val
MU-003,Raspredval,synonym,paylayıcı valı
MU-003,Raspredval,synonym,çıxış paylayıcı valı
MU-003,Raspredval,name_az,Raspredval
MU-003,Raspredval,name_ru,Распредвал
MU-071,Kalenvalın upor şaybaları,name_az,Kalenvalın upor şaybaları
MU-071,Kalenvalın upor şaybaları,name_ru,Упорные шайбы коленвала
MU-007,Şatun,name_az,Şatun
MU-007,Şatun,name_ru,Шатун
AK-026,Buksir trosu,name_az,Buksir trosu
AK-026,Buksir trosu,name_ru,Буксировочный трос
AK-020,Papiros yandırıcı (prikurivatel),synonym,prikurivatel
AK-020,Papiros yandırıcı (prikurivatel),name_az,Papiros yandırıcı (prikurivatel)
AK-020,Papiros yandırıcı (prikurivatel),name_ru,Гнездо прикуривателя
AK-016,Joystic (sürət qutusu dekoru),synonym,джойстик селектора кпп
AK-016,Joystic (sürət qutusu dekoru),synonym,декор селектора кпп
AK-016,Joystic (sürət qutusu dekoru),synonym,sürət qutusu dekoru
AK-016,Joystic (sürət qutusu dekoru),name_az,Joystic (sürət qutusu dekoru)
AK-016,Joystic (sürət qutusu dekoru),name_ru,Джойстик/декор селектора КПП
AK-045,Təhlükəsizlik kəməri aldadıcısı,name_az,Təhlükəsizlik kəməri aldadıcısı
AK-045,Təhlükəsizlik kəməri aldadıcısı,name_ru,Заглушка ремня безопасности
TY-012,Karbon salon üzlüyü (dekor),synonym,декор
TY-012,Karbon salon üzlüyü (dekor),synonym,dekor
TY-012,Karbon salon üzlüyü (dekor),name_az,Karbon salon üzlüyü (dekor)
TY-012,Karbon salon üzlüyü (dekor),name_ru,Карбоновые накладки в салон (декор)
AK-047,Oturacaq arası ciblik,name_az,Oturacaq arası ciblik
AK-047,Oturacaq arası ciblik,name_ru,Карман между сиденьями
AK-040,Salon zibil qabı,name_az,Salon zibil qabı
AK-040,Salon zibil qabı,name_ru,Мусорное ведро в салон
AK-041,Panel örtüyü,name_az,Panel örtüyü
AK-041,Panel örtüyü,name_ru,Накидка на панель приборов
AK-043,Pedal üzlüyü,name_az,Pedal üzlüyü
AK-043,Pedal üzlüyü,name_ru,Накладка на педаль
AK-048,Kəmər qoruyucusu,name_az,Kəmər qoruyucusu
AK-048,Kəmər qoruyucusu,name_ru,Накладка на ремень безопасности
AK-022,Rul üzlüyü (oplyotka),synonym,oplyotka
AK-022,Rul üzlüyü (oplyotka),name_az,Rul üzlüyü (oplyotka)
AK-022,Rul üzlüyü (oplyotka),name_ru,Оплётка на руль
AK-046,Baqaj orqanayzeri,name_az,Baqaj orqanayzeri
AK-046,Baqaj orqanayzeri,name_ru,Органайзер в багажник
AK-015,Maşın plonkası (folya),synonym,обклейка кузова
AK-015,Maşın plonkası (folya),synonym,folya
AK-015,Maşın plonkası (folya),name_az,Maşın plonkası (folya)
AK-015,Maşın plonkası (folya),name_ru,Плёнка (обклейка кузова)
AK-008,Stəkan tutacağı,name_az,Stəkan tutacağı
AK-008,Stəkan tutacağı,name_ru,Подстаканник
AK-032,Eynək qutusu (açki qabı),synonym,полка для очков
AK-032,Eynək qutusu (açki qabı),synonym,чашка для очков
AK-032,Eynək qutusu (açki qabı),synonym,açki qabı
AK-032,Eynək qutusu (açki qabı),name_az,Eynək qutusu (açki qabı)
AK-032,Eynək qutusu (açki qabı),name_ru,Полка/чашка для очков
AK-036,Tavan arakəsməsi (eninə duqa),synonym,eninə duqa
AK-036,Tavan arakəsməsi (eninə duqa),synonym,tavan arakəsmə
AK-036,Tavan arakəsməsi (eninə duqa),synonym,tavan arakəsmələri
AK-036,Tavan arakəsməsi (eninə duqa),synonym,tavan arakəsməsi
AK-036,Tavan arakəsməsi (eninə duqa),synonym,tavan arakəsməsi eninə duqa
AK-036,Tavan arakəsməsi (eninə duqa),name_az,Tavan arakəsməsi (eninə duqa)
AK-036,Tavan arakəsməsi (eninə duqa),name_ru,Поперечины на крышу
AK-011,Nömrə altlığı/kantı,synonym,nömrə altlığı
AK-011,Nömrə altlığı/kantı,synonym,nömrə kantı
AK-011,Nömrə altlığı/kantı,synonym,nömrə altı
AK-011,Nömrə altlığı/kantı,synonym,nömrə qabı
AK-011,Nömrə altlığı/kantı,synonym,nömrə altısı
AK-011,Nömrə altlığı/kantı,name_az,Nömrə altlığı/kantı
AK-011,Nömrə altlığı/kantı,name_ru,Рамка номерного знака
AK-009,Reylinq (dam üstü baqaj),synonym,багажник на крышу
AK-009,Reylinq (dam üstü baqaj),synonym,dam üstü baqaj
AK-009,Reylinq (dam üstü baqaj),synonym,dam duqası
AK-009,Reylinq (dam üstü baqaj),synonym,dam duqa
AK-009,Reylinq (dam üstü baqaj),synonym,tavan duqası
AK-009,Reylinq (dam üstü baqaj),synonym,dam üçün baqaj
AK-009,Reylinq (dam üstü baqaj),synonym,dam üçün port baqaj
AK-009,Reylinq (dam üstü baqaj),synonym,pikap üçün baqaj duqa
AK-009,Reylinq (dam üstü baqaj),synonym,baqaj duqası
AK-009,Reylinq (dam üstü baqaj),name_az,Reylinq (dam üstü baqaj)
AK-009,Reylinq (dam üstü baqaj),name_ru,Рейлинги (багажник на крышу)
AK-042,Günəş pərdəsi (yan şüşə),name_az,Günəş pərdəsi (yan şüşə)
AK-042,Günəş pərdəsi (yan şüşə),name_ru,Солнцезащитная шторка бокового стекла
KZ-038,Kant (xrom kant),synonym,xrom kant
KZ-038,Kant (xrom kant),synonym,baqaj nikeli
KZ-038,Kant (xrom kant),synonym,bufer kantı
KZ-038,Kant (xrom kant),synonym,bufer nikeli
KZ-038,Kant (xrom kant),synonym,bufer xrom kantı
KZ-038,Kant (xrom kant),synonym,bufer üstü nikeli
KZ-038,Kant (xrom kant),synonym,fara kantı
KZ-038,Kant (xrom kant),synonym,qapı altı nikeli
KZ-038,Kant (xrom kant),synonym,qapı kantı
KZ-038,Kant (xrom kant),synonym,xrom kantı
KZ-038,Kant (xrom kant),synonym,duman fara nikeli
KZ-038,Kant (xrom kant),synonym,buferin nikeli
KZ-038,Kant (xrom kant),synonym,radiator barmaqlığı nikeli
KZ-038,Kant (xrom kant),name_az,Kant (xrom kant)
KZ-038,Kant (xrom kant),name_ru,Хром-кант/окантовка
AK-033,Barsetka (mərkəzi konsol qutusu),synonym,барсетка
AK-033,Barsetka (mərkəzi konsol qutusu),synonym,барсетка подлокотник бокс
AK-033,Barsetka (mərkəzi konsol qutusu),synonym,подлокотник бокс
AK-033,Barsetka (mərkəzi konsol qutusu),synonym,mərkəzi konsol qutusu
AK-033,Barsetka (mərkəzi konsol qutusu),synonym,qolaltı
AK-033,Barsetka (mərkəzi konsol qutusu),name_az,Barsetka (mərkəzi konsol qutusu)
AK-033,Barsetka (mərkəzi konsol qutusu),name_ru,Центральный бокс (барсетка/подлокотник-бокс)
AK-044,Açar qabı (açar korpusu),name_az,Açar qabı (açar korpusu)
AK-044,Açar qabı (açar korpusu),name_ru,Чехол для ключа
TK-007,Təkər boltu/qaykası,synonym,болт колеса
TK-007,Təkər boltu/qaykası,synonym,гайка колеса
TK-007,Təkər boltu/qaykası,synonym,təkər boltu
TK-007,Təkər boltu/qaykası,synonym,təkər qaykası
TK-007,Təkər boltu/qaykası,name_az,Təkər boltu/qaykası
TK-007,Təkər boltu/qaykası,name_ru,Болт/гайка колеса
TK-002,Disk (təkər diski),synonym,təkər diski
TK-002,Disk (təkər diski),name_az,Disk (təkər diski)
TK-002,Disk (təkər diski),name_ru,Диск колеса
TK-006,Spacer (təkər araqatı),synonym,spacer
TK-006,Spacer (təkər araqatı),synonym,təkər araqatı
TK-006,Spacer (təkər araqatı),synonym,spayser
TK-006,Spacer (təkər araqatı),name_az,Spacer (təkər araqatı)
TK-006,Spacer (təkər araqatı),name_ru,Проставка колеса (spacer)
TK-009,Sekretka,synonym,Sekretka (təkər)
TK-009,Sekretka,synonym,гайки
TK-009,Sekretka,synonym,секретные болты
TK-009,Sekretka,synonym,секретные болты гайки
TK-009,Sekretka,synonym,секретки для колёс секретные болты и гайки
TK-009,Sekretka,synonym,секретные болты и гайки
TK-009,Sekretka,name_az,Sekretka
TK-009,Sekretka,name_ru,Секретки для колёс
EY-018,Əyləc diskinin toz qoruyucusu (ayna),synonym,ayna
EY-018,Əyləc diskinin toz qoruyucusu (ayna),synonym,пыльник тормозного диска
EY-018,Əyləc diskinin toz qoruyucusu (ayna),synonym,щиток тормозного диска
EY-018,Əyləc diskinin toz qoruyucusu (ayna),name_az,Əyləc diskinin toz qoruyucusu (ayna)
EY-018,Əyləc diskinin toz qoruyucusu (ayna),name_ru,Пыльник/щиток тормозного диска (ayna)
EY-005,Baraban,name_az,Baraban
EY-005,Baraban,name_ru,Тормозной барабан
EY-002,Apornu (əyləc diski),synonym,əyləc diski
EY-002,Apornu (əyləc diski),name_az,Apornu (əyləc diski)
EY-002,Apornu (əyləc diski),name_ru,Тормозной диск
TY-002,Duqa (kенгурятник),synonym,кенгурятник
TY-002,Duqa (kенгурятник),synonym,кенгурятник силовой бампер
TY-002,Duqa (kенгурятник),synonym,силовой бампер
TY-002,Duqa (kенгурятник),synonym,kенгурятник
TY-002,Duqa (kенгурятник),synonym,offroad arkası
TY-002,Duqa (kенгурятник),synonym,ofroad arkası
TY-002,Duqa (kенгурятник),name_az,Duqa (kенгурятник)
TY-002,Duqa (kенгурятник),name_ru,Дуга (кенгурятник/силовой бампер)
TY-014,Roll bar (bağaj qövsü),synonym,baqaj üçün rollbar
TY-014,Roll bar (bağaj qövsü),synonym,roll bar
TY-014,Roll bar (bağaj qövsü),synonym,roll bar bağaj qövsü
TY-014,Roll bar (bağaj qövsü),synonym,rollbar
TY-014,Roll bar (bağaj qövsü),synonym,ролл бар дуга в кузове пикапа
TY-014,Roll bar (bağaj qövsü),name_az,Roll bar (bağaj qövsü)
TY-014,Roll bar (bağaj qövsü),name_ru,Ролл-бар (дуга в кузове пикапа)
TW-001,Qoşqu qurğusu,synonym,фаркоп устройство
TW-001,Qoşqu qurğusu,synonym,сцепное устройство
TW-001,Qoşqu qurğusu,name_az,Qoşqu qurğusu
TW-001,Qoşqu qurğusu,name_ru,Фаркоп / сцепное устройство
TY-007,Snorkel,name_az,Snorkel
TY-007,Snorkel,name_ru,Шноркель
KZ-049,Əlavə stop (üçüncü stop),synonym,третий
KZ-049,Əlavə stop (üçüncü stop),synonym,üçüncü stop
KZ-049,Əlavə stop (üçüncü stop),synonym,baqajın üstündəki stop
KZ-049,Əlavə stop (üçüncü stop),synonym,spoylerdəki stop
KZ-049,Əlavə stop (üçüncü stop),synonym,yuxarıdakı stop
KZ-049,Əlavə stop (üçüncü stop),synonym,orta stop
KZ-049,Əlavə stop (üçüncü stop),synonym,üst stop
KZ-049,Əlavə stop (üçüncü stop),synonym,arxa üst stop
KZ-049,Əlavə stop (üçüncü stop),synonym,baqaj stop
KZ-049,Əlavə stop (üçüncü stop),synonym,третий стоп
KZ-049,Əlavə stop (üçüncü stop),synonym,верхний стоп
KZ-049,Əlavə stop (üçüncü stop),synonym,центральный стоп
KZ-049,Əlavə stop (üçüncü stop),synonym,стоп на спойлере
KZ-049,Əlavə stop (üçüncü stop),synonym,mərkəzi stop işığı
KZ-049,Əlavə stop (üçüncü stop),synonym,mərkəzi stopu
KZ-049,Əlavə stop (üçüncü stop),synonym,mərkəzi işıq
KZ-049,Əlavə stop (üçüncü stop),synonym,orta stop işığı
KZ-049,Əlavə stop (üçüncü stop),synonym,baqaj üstü stopu
KZ-049,Əlavə stop (üçüncü stop),name_az,Əlavə stop (üçüncü stop)
KZ-049,Əlavə stop (üçüncü stop),name_ru,Дополнительный (третий) стоп-сигнал
KZ-007,Stop (arxa fənər),synonym,arxa fənər
KZ-007,Stop (arxa fənər),synonym,stop
KZ-007,Stop (arxa fənər),synonym,stop farası
KZ-007,Stop (arxa fənər),synonym,stop işığı
KZ-007,Stop (arxa fənər),synonym,stop lampası
KZ-007,Stop (arxa fənər),synonym,xarici stop işığı
KZ-007,Stop (arxa fənər),synonym,xarici stopu
KZ-007,Stop (arxa fənər),synonym,xarici stop
KZ-007,Stop (arxa fənər),synonym,daxili stop işığı
KZ-007,Stop (arxa fənər),synonym,daxili stopu
KZ-007,Stop (arxa fənər),synonym,stayl stop işığı
KZ-007,Stop (arxa fənər),synonym,style stop farası
KZ-007,Stop (arxa fənər),synonym,baqaj stop işığı
KZ-007,Stop (arxa fənər),synonym,qanad stop işığı
KZ-007,Stop (arxa fənər),synonym,premier stop işığı
KZ-007,Stop (arxa fənər),synonym,baqaj stopu
KZ-007,Stop (arxa fənər),synonym,baqajın stop işığı
KZ-007,Stop (arxa fənər),synonym,qanad stopu
KZ-007,Stop (arxa fənər),name_az,Stop (arxa fənər)
KZ-007,Stop (arxa fənər),name_ru,Задний фонарь
KZ-009,Reflektor,synonym,bufer əksetdirici işığı
KZ-009,Reflektor,synonym,bufer əksetdiricisi
KZ-009,Reflektor,synonym,əksetdirici
KZ-009,Reflektor,synonym,əksetdirici işığı
KZ-009,Reflektor,synonym,əsketdirici
KZ-009,Reflektor,synonym,bumper reflektoru
KZ-009,Reflektor,synonym,bamper reflektoru
KZ-009,Reflektor,synonym,işıq əksetdiricisi
KZ-009,Reflektor,name_az,Reflektor
KZ-009,Reflektor,name_ru,Катафот/отражатель
KZ-063,Arxa fənərin platası (LED),synonym,arxa stoplar zbor plata
KZ-063,Arxa fənərin platası (LED),synonym,stop plata
KZ-063,Arxa fənərin platası (LED),name_az,Arxa fənərin platası (LED)
KZ-063,Arxa fənərin platası (LED),name_ru,Плата (светодиодов) заднего фонаря
KZ-048,Stop şüşəsi,name_az,Stop şüşəsi
KZ-048,Stop şüşəsi,name_ru,Стекло заднего фонаря
MU-058,Şam naqili (yüksək gərginlik naqili),synonym,бронепровод
MU-058,Şam naqili (yüksək gərginlik naqili),synonym,yüksək gərginlik naqili
MU-058,Şam naqili (yüksək gərginlik naqili),name_az,Şam naqili (yüksək gərginlik naqili)
MU-058,Şam naqili (yüksək gərginlik naqili),name_ru,Высоковольтный провод (бронепровод)
MU-025,Babin (bobin),synonym,bobin
MU-025,Babin (bobin),synonym,alışdırma bobini
MU-025,Babin (bobin),synonym,babin
MU-025,Babin (bobin),name_az,Babin (bobin)
MU-025,Babin (bobin),name_ru,Катушка зажигания
MU-026,Kalyan (bobin başlığı),synonym,наконечник катушки свечи
MU-026,Kalyan (bobin başlığı),synonym,наконечник колпачок свечи
MU-026,Kalyan (bobin başlığı),synonym,bobin başlığı
MU-026,Kalyan (bobin başlığı),synonym,bobin müştüyü
MU-026,Kalyan (bobin başlığı),name_az,Kalyan (bobin başlığı)
MU-026,Kalyan (bobin başlığı),name_ru,Наконечник катушки/колпачок свечи
MU-054,Qızdırıcı şam,synonym,dizel qızdırıcı şamı
MU-054,Qızdırıcı şam,synonym,дизельная свеча накала
MU-054,Qızdırıcı şam,name_az,Qızdırıcı şam
MU-054,Qızdırıcı şam,name_ru,Свеча накала
MU-060,Trambler (alışdırma paylayıcısı),synonym,распределитель зажигания
MU-060,Trambler (alışdırma paylayıcısı),synonym,alışdırma paylayıcısı
MU-060,Trambler (alışdırma paylayıcısı),name_az,Trambler (alışdırma paylayıcısı)
MU-060,Trambler (alışdırma paylayıcısı),name_ru,Трамблёр (распределитель зажигания)
TK-010,Domkrat,name_az,Domkrat
TK-010,Domkrat,name_ru,Домкрат
TK-003,Ehtiyat təkər (zapaska),synonym,zapaska
TK-003,Ehtiyat təkər (zapaska),name_az,Ehtiyat təkər (zapaska)
TK-003,Ehtiyat təkər (zapaska),name_ru,Запасное колесо
AK-014,Zapas təkər kronşteyni,name_az,Zapas təkər kronşteyni
AK-014,Zapas təkər kronşteyni,name_ru,Кронштейн запасного колеса
TK-011,Təkər təmir dəsti,name_az,Təkər təmir dəsti
TK-011,Təkər təmir dəsti,name_ru,Ремкомплект для шин
AK-038,Ehtiyat təkər örtüyü,name_az,Ehtiyat təkər örtüyü
AK-038,Ehtiyat təkər örtüyü,name_ru,Чехол запасного колеса
KZ-020,Güzgü (yan güzgü),synonym,yan güzgü
KZ-020,Güzgü (yan güzgü),synonym,зеркало
KZ-020,Güzgü (yan güzgü),synonym,guzgusu
KZ-020,Güzgü (yan güzgü),synonym,güzgü
KZ-020,Güzgü (yan güzgü),synonym,yan güzgüsü
KZ-020,Güzgü (yan güzgü),synonym,güzgü dəsti
KZ-020,Güzgü (yan güzgü),synonym,tərəf güzgü
KZ-020,Güzgü (yan güzgü),name_az,Güzgü (yan güzgü)
KZ-020,Güzgü (yan güzgü),name_ru,Боковое зеркало
KZ-054,Salon güzgüsü,name_az,Salon güzgüsü
KZ-054,Salon güzgüsü,name_ru,Зеркало заднего вида салонное
KZ-022,Güzgü korpusu,synonym,корпус зеркала
KZ-022,Güzgü korpusu,synonym,крышка зеркала
KZ-022,Güzgü korpusu,synonym,güzgü korpusu
KZ-022,Güzgü korpusu,synonym,güzgü qapağı
KZ-022,Güzgü korpusu,synonym,guzgunun kriskasi
KZ-022,Güzgü korpusu,synonym,güzgünün krışkası
KZ-022,Güzgü korpusu,synonym,güzgü nikeli
KZ-022,Güzgü korpusu,synonym,güzgü üst plasması
KZ-022,Güzgü korpusu,synonym,yarasa güzgü qapağı
KZ-069,Güzgüdə povorotnik (təkrarlayıcı),synonym,təkrarlayıcı
KZ-069,Güzgüdə povorotnik (təkrarlayıcı),synonym,güzgü dönmə işığı
KZ-069,Güzgüdə povorotnik (təkrarlayıcı),name_az,Güzgüdə povorotnik (təkrarlayıcı)
KZ-069,Güzgüdə povorotnik (təkrarlayıcı),name_ru,Повторитель поворотника в зеркале
KZ-021,Güzgü şüşəsi,synonym,güzgü içi
KZ-021,Güzgü şüşəsi,synonym,güzgü içligi
KZ-021,Güzgü şüşəsi,synonym,güzgünün içi
KZ-021,Güzgü şüşəsi,synonym,güzgüsü içi
KZ-021,Güzgü şüşəsi,name_az,Güzgü şüşəsi
KZ-021,Güzgü şüşəsi,name_ru,Стекло зеркала
TR-029,Hidrotransformator (torkon),synonym,торкон
TR-029,Hidrotransformator (torkon),synonym,torkon
TR-029,Hidrotransformator (torkon),name_az,Hidrotransformator (torkon)
TR-029,Hidrotransformator (torkon),name_ru,Гидротрансформатор (торкон)
TR-028,Karopkanın soyutma klapanı,name_az,Karopkanın soyutma klapanı
TR-028,Karopkanın soyutma klapanı,name_ru,Клапан контура охлаждения коробки передач
TR-001,Sürətlər qutusu,synonym,mexaniki sürətlər qutusu
TR-001,Sürətlər qutusu,name_az,Sürətlər qutusu
TR-001,Sürətlər qutusu,name_ru,Коробка передач в сборе
TR-033,Karopka borusu (şlanq),name_az,Karopka borusu (şlanq)
TR-033,Karopka borusu (şlanq),name_ru,Патрубок коробки передач
TR-027,Sürət qutusunun alt pılniki,name_az,Sürət qutusunun alt pılniki
TR-027,Sürət qutusunun alt pılniki,name_ru,Пыльник снизу коробки передач
RG-09,Razdatka qutusu,synonym,razdatka
RG-09,Razdatka qutusu,synonym,razdatkası
RG-09,Razdatka qutusu,synonym,razdatka qutusu
RG-09,Razdatka qutusu,synonym,transfer case
RG-09,Razdatka qutusu,synonym,transfer qutusu
RG-09,Razdatka qutusu,synonym,раздатка
RG-09,Razdatka qutusu,synonym,раздаточная коробка
RG-09,Razdatka qutusu,synonym,полный привод коробка
RG-09,Razdatka qutusu,name_ru,Раздаточная коробка (Transfer case)
TR-014,Karopka salniki (val salniki),synonym,сальник коробки
TR-014,Karopka salniki (val salniki),synonym,сальник полуоси
TR-014,Karopka salniki (val salniki),synonym,val salniki
TR-014,Karopka salniki (val salniki),name_az,Karopka salniki (val salniki)
TR-014,Karopka salniki (val salniki),name_ru,Сальник коробки/полуоси
TR-015,Rıçaq (sellektor),synonym,рычаг переключения передач
TR-015,Rıçaq (sellektor),synonym,sellektor
TR-015,Rıçaq (sellektor),name_az,Rıçaq (sellektor)
TR-015,Rıçaq (sellektor),name_ru,Селектор (рычаг переключения передач)
TR-016,Skorus/sürət trosu,synonym,skorus trosu
TR-016,Skorus/sürət trosu,synonym,sürət trosu
TR-016,Skorus/sürət trosu,name_az,Skorus/sürət trosu
TR-016,Skorus/sürət trosu,name_ru,Трос переключения передач
TR-017,Friksion (paket disk),synonym,пакет акпп
TR-017,Friksion (paket disk),synonym,paket disk
TR-017,Friksion (paket disk),synonym,friksional disk dəsti
TR-017,Friksion (paket disk),synonym,friksional disk
TR-017,Friksion (paket disk),name_az,Friksion (paket disk)
TR-017,Friksion (paket disk),name_ru,Фрикционные диски (пакет АКПП)
TR-019,Sürət qutusunun şestərnası,synonym,karopka şestərnası
TR-019,Sürət qutusunun şestərnası,synonym,suretler qutusunun selektor qapağı
TR-019,Sürət qutusunun şestərnası,synonym,selektor dekorativ qapaq
TR-019,Sürət qutusunun şestərnası,name_az,Sürət qutusunun şestərnası
TR-019,Sürət qutusunun şestərnası,name_ru,Шестерня КПП
KZ-026,Kapot amortizatoru,synonym,амортизатор капота
KZ-026,Kapot amortizatoru,synonym,упор капота
KZ-026,Kapot amortizatoru,name_az,Kapot amortizatoru
KZ-026,Kapot amortizatoru,name_ru,Амортизатор/упор капота
KZ-025,Kapot zamoku,synonym,kapot kilidi
KZ-025,Kapot zamoku,name_az,Kapot zamoku
KZ-025,Kapot zamoku,name_ru,Замок капота
KZ-023,Kapot,name_az,Kapot
KZ-023,Kapot,name_ru,Капот
KZ-027,Krılo (qanad),synonym,qanad
KZ-027,Krılo (qanad),synonym,krlo
KZ-027,Krılo (qanad),synonym,krilo
KZ-027,Krılo (qanad),synonym,krolya
KZ-027,Krılo (qanad),synonym,krıla
KZ-027,Krılo (qanad),synonym,kirilolar
KZ-027,Krılo (qanad),synonym,kirlolar
KZ-027,Krılo (qanad),synonym,sol qabaq qanadaltlığı
KZ-027,Krılo (qanad),synonym,kapot şumkasi
KZ-027,Krılo (qanad),synonym,kapotun izolyasiyası
KZ-027,Krılo (qanad),name_az,Krılo (qanad)
KZ-027,Krılo (qanad),name_ru,Крыло
KZ-024,Kapot petləsi,synonym,kapotun petləsi
KZ-024,Kapot petləsi,synonym,kapot menteşə
KZ-024,Kapot petləsi,name_az,Kapot petləsi
KZ-024,Kapot petləsi,name_ru,Петля капота
KZ-028,Radiator barmaqlığı,synonym,alt radiator barmaqlığı
KZ-028,Radiator barmaqlığı,synonym,barmaqlıq
KZ-028,Radiator barmaqlığı,synonym,nikel barmaqlığı
KZ-028,Radiator barmaqlığı,synonym,orta radiator barmaqlığı
KZ-028,Radiator barmaqlığı,synonym,radiator orta barmaqlığı
KZ-028,Radiator barmaqlığı,synonym,radiator üst barmaqlığı
KZ-028,Radiator barmaqlığı,synonym,üst radiator barmaqlığı
KZ-028,Radiator barmaqlığı,synonym,radiator barmaqlığı alt
KZ-028,Radiator barmaqlığı,synonym,raditor barmaqlığı üst
KZ-028,Radiator barmaqlığı,synonym,xrom radiator barmaqlığı
KZ-028,Radiator barmaqlığı,synonym,primyer radiator barmaqlığı
KZ-028,Radiator barmaqlığı,synonym,alt barmaqlığı
KZ-028,Radiator barmaqlığı,synonym,orta barmaqlığı
KZ-028,Radiator barmaqlığı,synonym,üst barmaqlıq
KZ-028,Radiator barmaqlığı,synonym,paxlava radiator barmaqlığı
KZ-028,Radiator barmaqlığı,synonym,işıqlı radiator barmaqlığı
KZ-028,Radiator barmaqlığı,name_az,Radiator barmaqlığı
KZ-028,Radiator barmaqlığı,name_ru,Решётка радиатора
KZ-052,Kapot/baqaj açma trosu,synonym,тросик открывания багажника
KZ-052,Kapot/baqaj açma trosu,synonym,тросик открывания капота
KZ-052,Kapot/baqaj açma trosu,synonym,kapot açma trosu
KZ-052,Kapot/baqaj açma trosu,synonym,baqaj açma trosu
KZ-052,Kapot/baqaj açma trosu,synonym,kapot açanı
KZ-052,Kapot/baqaj açma trosu,synonym,kapot baqaj trosu
KZ-052,Kapot/baqaj açma trosu,synonym,kapot trosu
KZ-052,Kapot/baqaj açma trosu,synonym,qapı trosu
KZ-052,Kapot/baqaj açma trosu,name_az,Kapot/baqaj açma trosu
KZ-052,Kapot/baqaj açma trosu,name_ru,Тросик открывания капота/багажника
KZ-084,Kapot rezini,synonym,kapot kipgəci
KZ-084,Kapot rezini,synonym,kapotun rezini
KZ-084,Kapot rezini,name_az,Kapot rezini
KZ-084,Kapot rezini,name_ru,Уплотнитель капота
KZ-077,Kapot üzlüyü (izolyasiya),synonym,kapot izolyasiyası
KZ-077,Kapot üzlüyü (izolyasiya),synonym,kapot üzlüyü
KZ-077,Kapot üzlüyü (izolyasiya),synonym,kapot üzlüyü izolyasiya
KZ-077,Kapot üzlüyü (izolyasiya),synonym,шумоизоляция обивка капота
KZ-077,Kapot üzlüyü (izolyasiya),name_az,Kapot üzlüyü (izolyasiya)
KZ-077,Kapot üzlüyü (izolyasiya),name_ru,Шумоизоляция/обивка капота
TR-012,Kardan (ötürücü kardan valı),synonym,Kardan (ötürücü val)
TR-012,Kardan (ötürücü kardan valı),synonym,ötürücü kardan valı
TR-012,Kardan (ötürücü kardan valı),synonym,kardan
TR-012,Kardan (ötürücü kardan valı),name_az,Kardan (ötürücü kardan valı)
TR-012,Kardan (ötürücü kardan valı),name_ru,Карданный вал
TR-021,Kardan krestovinası,name_az,Kardan krestovinası
TR-021,Kardan krestovinası,name_ru,Крестовина карданного вала
TR-022,Kardan valının yastığı (podvesnoy yastıq),synonym,Kardan valının yastığı (podvesnoy)
TR-022,Kardan valının yastığı (podvesnoy yastıq),synonym,podvesnoy yastıq
TR-022,Kardan valının yastığı (podvesnoy yastıq),synonym,valın aralıq dayağı
TR-022,Kardan valının yastığı (podvesnoy yastıq),synonym,valın aralıq dayağı podvesnoy
TR-022,Kardan valının yastığı (podvesnoy yastıq),synonym,padrisnoy
TR-022,Kardan valının yastığı (podvesnoy yastıq),synonym,padrisnoyu
TR-022,Kardan valının yastığı (podvesnoy yastıq),synonym,kardanın padrisnoyu
TR-022,Kardan valının yastığı (podvesnoy yastıq),synonym,ara dayagı
TR-022,Kardan valının yastığı (podvesnoy yastıq),synonym,ara dayaq
TR-022,Kardan valının yastığı (podvesnoy yastıq),synonym,kardan ara dayagı
TR-022,Kardan valının yastığı (podvesnoy yastıq),synonym,padşipnik kardan
TR-022,Kardan valının yastığı (podvesnoy yastıq),synonym,kardanın padşipniki
TR-022,Kardan valının yastığı (podvesnoy yastıq),name_az,Kardan valının yastığı (podvesnoy yastıq)
TR-022,Kardan valının yastığı (podvesnoy yastıq),name_ru,Подвесной подшипник карданного вала
TR-011,Bublik (flanets),synonym,карданный
TR-011,Bublik (flanets),synonym,карданный приводной
TR-011,Bublik (flanets),synonym,приводной
TR-011,Bublik (flanets),synonym,flanets
TR-011,Bublik (flanets),name_az,Bublik (flanets)
TR-011,Bublik (flanets),name_ru,Фланец (карданный/приводной)
TR-013,Elastik mufta,synonym,гибкая связь карданного вала
TR-013,Elastik mufta,synonym,elastik muftası
TR-013,Elastik mufta,name_az,Elastik mufta
TR-013,Elastik mufta,name_ru,Эластичная муфта (гибкая связь карданного вала)
EG-001,Katalizator,name_az,Katalizator
EG-001,Katalizator,name_ru,Катализатор
KZ-037,Deflektor (vetrovik),synonym,vetrovik
KZ-037,Deflektor (vetrovik),synonym,küləklik
KZ-037,Deflektor (vetrovik),synonym,qapı küləkliyi
KZ-037,Deflektor (vetrovik),name_az,Deflektor (vetrovik)
KZ-037,Deflektor (vetrovik),name_ru,Дефлектор/ветровик
AK-001,Ayaqaltı (kovrik),synonym,kovrik
AK-001,Ayaqaltı (kovrik),synonym,ayaqaltı
AK-001,Ayaqaltı (kovrik),synonym,ayaqaltı dəsti
AK-001,Ayaqaltı (kovrik),synonym,ayaqaltı rezini
AK-001,Ayaqaltı (kovrik),name_az,Ayaqaltı (kovrik)
AK-001,Ayaqaltı (kovrik),name_ru,Коврик салона
AK-005,Baqaj xalçası/keçəsi,synonym,коврик багажника
AK-005,Baqaj xalçası/keçəsi,synonym,подстилка багажника
AK-005,Baqaj xalçası/keçəsi,synonym,baqaj keçəsi
AK-005,Baqaj xalçası/keçəsi,synonym,baqaj xalçası
AK-005,Baqaj xalçası/keçəsi,name_az,Baqaj xalçası/keçəsi
AK-005,Baqaj xalçası/keçəsi,name_ru,Коврик/подстилка багажника
AK-034,Salon kovrolini (döşəmə örtüyü),synonym,напольное покрытие
AK-034,Salon kovrolini (döşəmə örtüyü),synonym,döşəmə örtüyü
AK-034,Salon kovrolini (döşəmə örtüyü),name_az,Salon kovrolini (döşəmə örtüyü)
AK-034,Salon kovrolini (döşəmə örtüyü),name_ru,Ковролин салона (напольное покрытие)
AK-010,Şüşə silən (əl/pərdə),synonym,pərdə
AK-010,Şüşə silən (əl/pərdə),synonym,əl pərdə
AK-010,Şüşə silən (əl/pərdə),synonym,fırça dəsti
AK-010,Şüşə silən (əl/pərdə),synonym,şüşə silən fırçaların rezini
AK-010,Şüşə silən (əl/pərdə),synonym,şüşə siləcəgi
AK-010,Şüşə silən (əl/pərdə),synonym,ayaqaltı ətir
AK-010,Şüşə silən (əl/pərdə),synonym,kandsaner ətir
AK-010,Şüşə silən (əl/pərdə),synonym,sportun palisleri
AK-010,Şüşə silən (əl/pərdə),synonym,palis
AK-010,Şüşə silən (əl/pərdə),synonym,sag silecek rezini
AK-010,Şüşə silən (əl/pərdə),synonym,silecek rezini
AK-010,Şüşə silən (əl/pərdə),synonym,deflektor tenzımleyıcı
AK-010,Şüşə silən (əl/pərdə),name_az,Şüşə silən (əl/pərdə)
AK-010,Şüşə silən (əl/pərdə),name_ru,Щётка стеклоочистителя
EY-001,Naklatka (əyləc bəndi),synonym,əyləc bəndi
EY-001,Naklatka (əyləc bəndi),synonym,nakladka
EY-001,Naklatka (əyləc bəndi),synonym,наклатка
EY-001,Naklatka (əyləc bəndi),synonym,əyləc üzlüyü
EY-001,Naklatka (əyləc bəndi),synonym,ruçnoy naklatka
EY-001,Naklatka (əyləc bəndi),synonym,ruçnoyun naklatkaları
EY-001,Naklatka (əyləc bəndi),synonym,əl əyləc bəndi
EY-001,Naklatka (əyləc bəndi),synonym,əl əyləcin bəndləri
EY-001,Naklatka (əyləc bəndi),synonym,ручник колодки
EY-001,Naklatka (əyləc bəndi),synonym,колодки ручника
EY-001,Naklatka (əyləc bəndi),name_az,Naklatka (əyləc bəndi)
EY-001,Naklatka (əyləc bəndi),name_ru,Тормозная колодка
TK-004,Disk kalpağı,synonym,disk qapağı
TK-004,Disk kalpağı,synonym,disk qapaqları
TK-004,Disk kalpağı,name_az,Disk kalpağı
TK-004,Disk kalpağı,name_ru,Колпак диска
AK-024,Təkər kolpakı,synonym,декоративный
AK-024,Təkər kolpakı,name_az,Təkər kolpakı
AK-024,Təkər kolpakı,name_ru,Колпак колёсный (декоративный)
SO-012,Kondisioner kompressoru,synonym,kompressor
SO-012,Kondisioner kompressoru,synonym,kandisaner kompressoru
SO-012,Kondisioner kompressoru,synonym,kandisoner kampressoru
SO-012,Kondisioner kompressoru,synonym,kondisaner kompressor
SO-012,Kondisioner kompressoru,synonym,kandisaner kompressor
SO-012,Kondisioner kompressoru,synonym,kompressoru
SO-012,Kondisioner kompressoru,name_az,Kondisioner kompressoru
SO-012,Kondisioner kompressoru,name_ru,Компрессор кондиционера
SO-036,Kondisioner kompressorunun kronşteyni,synonym,kompressor kronşteyni
SO-036,Kondisioner kompressorunun kronşteyni,synonym,kondisioner kompressoru kronşteyni
SO-036,Kondisioner kompressorunun kronşteyni,synonym,кронштейн компрессора
SO-036,Kondisioner kompressorunun kronşteyni,synonym,кронштейн компрессора кондиционера
SO-036,Kondisioner kompressorunun kronşteyni,name_az,Kondisioner kompressorunun kronşteyni
SO-033,Kompressor muftası (maqnit),synonym,kompressor muftası
SO-033,Kompressor muftası (maqnit),synonym,kompressorun maqniti
SO-033,Kompressor muftası (maqnit),synonym,kompressorun muftası
SO-033,Kompressor muftası (maqnit),synonym,kompressorun mufta puskateli
SO-033,Kompressor muftası (maqnit),synonym,муфта компрессора
SO-033,Kompressor muftası (maqnit),name_az,Kompressor muftası (maqnit)
SO-033,Kompressor muftası (maqnit),name_ru,Муфта компрессора кондиционера
AK-035,Kondisioner kompressorunun yastığı,name_az,Kondisioner kompressorunun yastığı
AK-035,Kondisioner kompressorunun yastığı,name_ru,Подшипник компрессора кондиционера
EG-002,Katalizator/oksigen datçiki (lambda zond),synonym,датчик катализатора датчик
EG-002,Katalizator/oksigen datçiki (lambda zond),synonym,датчик кислородный датчик
EG-002,Katalizator/oksigen datçiki (lambda zond),synonym,лямбда зонд
EG-002,Katalizator/oksigen datçiki (lambda zond),synonym,katalizator datçiki
EG-002,Katalizator/oksigen datçiki (lambda zond),synonym,lambda zond
EG-002,Katalizator/oksigen datçiki (lambda zond),synonym,oksigen datçiki
EG-002,Katalizator/oksigen datçiki (lambda zond),synonym,katalizator sensoru
EG-002,Katalizator/oksigen datçiki (lambda zond),name_az,Katalizator/oksigen datçiki (lambda zond)
EG-002,Katalizator/oksigen datçiki (lambda zond),name_ru,Датчик катализатора / кислородный датчик (лямбда-зонд)
SR-001,Mühərrik yağı,synonym,shell helix
SR-001,Mühərrik yağı,synonym,helix hx8
SR-001,Mühərrik yağı,synonym,miquin 5w30
SR-001,Mühərrik yağı,synonym,miquin yağ
SR-001,Mühərrik yağı,name_az,Mühərrik yağı
SR-001,Mühərrik yağı,name_ru,Моторное масло
EL-004,Qapı zamoku aktuatoru (mərkəzi kilid),synonym,центральный замок
EL-004,Qapı zamoku aktuatoru (mərkəzi kilid),synonym,mərkəzi kilid
EL-004,Qapı zamoku aktuatoru (mərkəzi kilid),name_az,Qapı zamoku aktuatoru (mərkəzi kilid)
EL-004,Qapı zamoku aktuatoru (mərkəzi kilid),name_ru,Активатор замка (центральный замок)
EL-021,Baqaj/yanacaq qapağı aktuatoru (prisos),synonym,актуатор багажника бензобака
EL-021,Baqaj/yanacaq qapağı aktuatoru (prisos),synonym,актуатор лючка бензобака
EL-021,Baqaj/yanacaq qapağı aktuatoru (prisos),synonym,baqaj qapağı aktuatoru
EL-021,Baqaj/yanacaq qapağı aktuatoru (prisos),synonym,prisos
EL-021,Baqaj/yanacaq qapağı aktuatoru (prisos),synonym,yanacaq qapağı aktuatoru
EL-021,Baqaj/yanacaq qapağı aktuatoru (prisos),name_az,Baqaj/yanacaq qapağı aktuatoru (prisos)
EL-021,Baqaj/yanacaq qapağı aktuatoru (prisos),name_ru,Актуатор багажника/лючка бензобака
EL-057,Yuyucu su baçoku,synonym,su vuran çəni
EL-057,Yuyucu su baçoku,name_az,Yuyucu su baçoku
EL-057,Yuyucu su baçoku,name_ru,Бачок омывателя стекла
EL-022,Baqaj/yanacaq açma düyməsi,synonym,кнопка открытия багажника
EL-022,Baqaj/yanacaq açma düyməsi,synonym,кнопка открытия лючка
EL-022,Baqaj/yanacaq açma düyməsi,synonym,baqaj açma düyməsi
EL-022,Baqaj/yanacaq açma düyməsi,synonym,yanacaq açma düyməsi
EL-022,Baqaj/yanacaq açma düyməsi,synonym,baqaj düyməsi
EL-022,Baqaj/yanacaq açma düyməsi,name_az,Baqaj/yanacaq açma düyməsi
EL-022,Baqaj/yanacaq açma düyməsi,name_ru,Кнопка открытия багажника/лючка
EL-048,Güzgü tənzimləmə düyməsi,synonym,güzgü idarəedicisi
EL-048,Güzgü tənzimləmə düyməsi,name_az,Güzgü tənzimləmə düyməsi
EL-048,Güzgü tənzimləmə düyməsi,name_ru,Кнопка регулировки зеркал
EL-003,Şüşəqaldıran düyməsi/blok,synonym,кнопка стеклоподъёмника
EL-003,Şüşəqaldıran düyməsi/blok,synonym,блок стеклоподъёмника
EL-003,Şüşəqaldıran düyməsi/blok,synonym,şüşəqaldıran blok
EL-003,Şüşəqaldıran düyməsi/blok,synonym,şüşəqaldıran düyməsi
EL-003,Şüşəqaldıran düyməsi/blok,synonym,şüşə qaldıran düymə bloku
EL-003,Şüşəqaldıran düyməsi/blok,synonym,şüşəqaldıran düymə bloku
EL-003,Şüşəqaldıran düyməsi/blok,synonym,şüşə qaldıran bloku
EL-003,Şüşəqaldıran düyməsi/blok,synonym,şüşə qaldıran knopka bloku
EL-003,Şüşəqaldıran düyməsi/blok,synonym,şüşə ayna qaldıran düymə bloku
EL-003,Şüşəqaldıran düyməsi/blok,synonym,şüşə qaldıranın düymə bloku
EL-003,Şüşəqaldıran düyməsi/blok,synonym,şüşə qaldıran düyməsi
EL-003,Şüşəqaldıran düyməsi/blok,synonym,şüşə qaldıran blok
EL-003,Şüşəqaldıran düyməsi/blok,name_az,Şüşəqaldıran düyməsi/blok
EL-003,Şüşəqaldıran düyməsi/blok,name_ru,Кнопка/блок стеклоподъёмника
EL-005,Güzgü matoru,synonym,qatlanan
EL-005,Güzgü matoru,name_az,Güzgü matoru
EL-005,Güzgü matoru,name_ru,Мотор зеркала
EL-034,Lyuk matoru,name_az,Lyuk matoru
EL-034,Lyuk matoru,name_ru,Мотор люка
EL-058,Güzgü qatlama motoru,name_az,Güzgü qatlama motoru
EL-058,Güzgü qatlama motoru,name_ru,Мотор складывания бокового зеркала
EL-001,Şüşəqaldıran motoru,name_az,Şüşəqaldıran motoru
EL-001,Şüşəqaldıran motoru,name_ru,Мотор стеклоподъёмника
EL-077,Lyuk pərdəsinin motoru,synonym,lyuk pərdəsinin motoru
EL-077,Lyuk pərdəsinin motoru,synonym,lyukun pərdəsinin motoru
EL-077,Lyuk pərdəsinin motoru,synonym,мотор шторки люка
EL-077,Lyuk pərdəsinin motoru,synonym,lyuk pərdə motoru
EL-041,Qapı kilid mühərriyi,synonym,привод цз
EL-041,Qapı kilid mühərriyi,name_az,Qapı kilid mühərriyi
EL-041,Qapı kilid mühərriyi,name_ru,Моторчик замка двери (привод ЦЗ)
EL-042,Kapot kilid mühərriyi,name_az,Kapot kilid mühərriyi
EL-042,Kapot kilid mühərriyi,name_ru,Моторчик замка капота
EL-054,Yuyucu motoru (omıvatel),synonym,omıvatel
EL-054,Yuyucu motoru (omıvatel),name_az,Yuyucu motoru (omıvatel)
EL-054,Yuyucu motoru (omıvatel),name_ru,Моторчик омывателя стёкол
EL-072,Şüşə silənin motoru (dvornik motoru),synonym,дворников
EL-072,Şüşə silənin motoru (dvornik motoru),synonym,dvornik motoru
EL-072,Şüşə silənin motoru (dvornik motoru),synonym,şüşə silən mühərriki
EL-072,Şüşə silənin motoru (dvornik motoru),name_az,Şüşə silənin motoru (dvornik motoru)
EL-072,Şüşə silənin motoru (dvornik motoru),name_ru,Моторчик стеклоочистителя (дворников)
EL-043,Sükan kilid motoru,synonym,моторчик замка руля
EL-043,Sükan kilid motoru,synonym,привод замка руля
EL-043,Sükan kilid motoru,synonym,электронный
EL-043,Sükan kilid motoru,name_az,Sükan kilid motoru
EL-043,Sükan kilid motoru,name_ru,Моторчик/привод замка руля (электронный)
EL-002,Şüşəqaldıran mexanizmi,synonym,pencere padyomniki
EL-002,Şüşəqaldıran mexanizmi,synonym,pəncərələrin padyomniki
EL-002,Şüşəqaldıran mexanizmi,synonym,pencerelerin padyomniki
EL-002,Şüşəqaldıran mexanizmi,synonym,xrom şüşə qaldıran
EL-002,Şüşəqaldıran mexanizmi,name_az,Şüşəqaldıran mexanizmi
EL-002,Şüşəqaldıran mexanizmi,name_ru,Стеклоподъёмник в сборе
EL-071,Yuyucu forsunkası (jikler),synonym,жиклёр
EL-071,Yuyucu forsunkası (jikler),synonym,jikler
EL-071,Yuyucu forsunkası (jikler),name_az,Yuyucu forsunkası (jikler)
EL-071,Yuyucu forsunkası (jikler),name_ru,Форсунка омывателя (жиклёр)
AU-008,USB/CarPlay modulu (port),synonym,usb порт carplay
AU-008,USB/CarPlay modulu (port),synonym,модуль carplay
AU-008,USB/CarPlay modulu (port),synonym,carplay modulu
AU-008,USB/CarPlay modulu (port),synonym,usb modulu
AU-008,USB/CarPlay modulu (port),synonym,port
AU-008,USB/CarPlay modulu (port),name_az,USB/CarPlay modulu (port)
AU-008,USB/CarPlay modulu (port),name_ru,USB-порт / модуль CarPlay
AK-031,Avtomobil antenası,name_az,Avtomobil antenası
AK-031,Avtomobil antenası,name_ru,Автомобильная антенна
EL-036,Bort kompüter,name_az,Bort kompüter
EL-036,Bort kompüter,name_ru,Бортовой компьютер
AK-027,Video registrator,name_az,Video registrator
AK-027,Video registrator,name_ru,Видеорегистратор
AU-001,Kalonka (dinamik),synonym,dinamik
AU-001,Kalonka (dinamik),synonym,kalonka
AU-001,Kalonka (dinamik),synonym,qapi kalonkasi
AU-001,Kalonka (dinamik),synonym,qapı kalonkası
AU-001,Kalonka (dinamik),synonym,ön qapı kalonkası
AU-001,Kalonka (dinamik),synonym,monitor dəsti
AU-001,Kalonka (dinamik),synonym,sol tweeter dinamiki
AU-001,Kalonka (dinamik),synonym,tweeter dinamik
AU-001,Kalonka (dinamik),name_az,Kalonka (dinamik)
AU-001,Kalonka (dinamik),name_ru,Колонка/динамик
AU-003,Maqnitafon (baş qurğu),synonym,головное устройство
AU-003,Maqnitafon (baş qurğu),synonym,baş qurğu
AU-003,Maqnitafon (baş qurğu),synonym,zavod maqnitafon
AU-003,Maqnitafon (baş qurğu),synonym,maqnitafon
AU-003,Maqnitafon (baş qurğu),name_az,Maqnitafon (baş qurğu)
AU-003,Maqnitafon (baş qurğu),name_ru,Магнитола (головное устройство)
AU-005,Midbass (dinamik növü),synonym,тип динамика
AU-005,Midbass (dinamik növü),synonym,dinamik növü
AU-005,Midbass (dinamik növü),name_az,Midbass (dinamik növü)
AU-005,Midbass (dinamik növü),name_ru,Мидбас (тип динамика)
EL-023,Manitor (multimedia ekranı),synonym,multimedia ekranı
EL-023,Manitor (multimedia ekranı),synonym,monitor
EL-023,Manitor (multimedia ekranı),synonym,ekran
EL-023,Manitor (multimedia ekranı),name_az,Manitor (multimedia ekranı)
EL-023,Manitor (multimedia ekranı),name_ru,Мультимедийный экран
AU-007,Radio panel (çərçivə),synonym,накладка под магнитолу монитор
AU-007,Radio panel (çərçivə),synonym,рамка под магнитолу монитор
AU-007,Radio panel (çərçivə),synonym,çərçivə
AU-007,Radio panel (çərçivə),name_az,Radio panel (çərçivə)
AU-007,Radio panel (çərçivə),name_ru,Накладка/рамка под магнитолу-монитор
EL-038,Cihazlar paneli (şit),synonym,щиток
EL-038,Cihazlar paneli (şit),synonym,sürət paneli
EL-038,Cihazlar paneli (şit),synonym,şit qapağı
EL-038,Cihazlar paneli (şit),synonym,cihazlar paneli
EL-038,Cihazlar paneli (şit),synonym,ekran paneli
EL-038,Cihazlar paneli (şit),synonym,panel ekranı
EL-038,Cihazlar paneli (şit),synonym,sürətlər paneli
EL-038,Cihazlar paneli (şit),name_az,Cihazlar paneli (şit)
EL-038,Cihazlar paneli (şit),name_ru,Панель приборов (щиток)
AU-004,Manitorun çərçivəsi (montaj),synonym,montaj
AU-004,Manitorun çərçivəsi (montaj),synonym,monitor qoruyucusu
AU-004,Manitorun çərçivəsi (montaj),name_az,Manitorun çərçivəsi (montaj)
AU-004,Manitorun çərçivəsi (montaj),name_ru,Рамка для установки монитора
AU-006,Basofka (subvufer),synonym,subvufer
AU-006,Basofka (subvufer),name_az,Basofka (subvufer)
AU-006,Basofka (subvufer),name_ru,Сабвуфер
AU-002,Usilitel (sesgücləndirici),synonym,sesgücləndirici
AU-002,Usilitel (sesgücləndirici),name_az,Usilitel (sesgücləndirici)
AU-002,Usilitel (sesgücləndirici),name_ru,Усилитель звука
SU-019,Mayatnik qolunun vtulkası,name_az,Mayatnik qolunun vtulkası
SU-019,Mayatnik qolunun vtulkası,name_ru,Втулка маятникового рычага
SU-018,Mayatnik qolu,name_az,Mayatnik qolu
SU-018,Mayatnik qolu,name_ru,Маятниковый рычаг
SU-001,Nakonechnik (sükan dartısı ucluğu),synonym,sükan linginin başlığı
SU-001,Nakonechnik (sükan dartısı ucluğu),synonym,sükan dartısı ucluğu
SU-001,Nakonechnik (sükan dartısı ucluğu),synonym,sükan qolunun sonluğu
SU-001,Nakonechnik (sükan dartısı ucluğu),synonym,sükan sonluğu
SU-001,Nakonechnik (sükan dartısı ucluğu),synonym,sükan ucluğu
SU-001,Nakonechnik (sükan dartısı ucluğu),name_az,Nakonechnik (sükan dartısı ucluğu)
SU-001,Nakonechnik (sükan dartısı ucluğu),name_ru,Наконечник рулевой тяги
SU-017,Nakonechnik pılniki,synonym,sükan dartısının örtüyü
SU-017,Nakonechnik pılniki,name_az,Nakonechnik pılniki
SU-017,Nakonechnik pılniki,name_ru,Пыльник наконечника
SU-002,Sükan dartısı,synonym,sükan dartısı
SU-002,Sükan dartısı,name_ru,Рулевая тяга
RG-03,Rulavoy pacevnik,synonym,rulavoy pacevnik
RG-03,Rulavoy pacevnik,synonym,rulavoy paçevnik
RG-03,Rulavoy pacevnik,synonym,rulavoy podşipnik
RG-03,Rulavoy pacevnik,synonym,rulevoy podshipnik
RG-03,Rulavoy pacevnik,synonym,rulevoy podşipnik
RG-03,Rulavoy pacevnik,synonym,rul podşipniki
RG-03,Rulavoy pacevnik,synonym,podşipnik rulevoy
RG-03,Rulavoy pacevnik,synonym,podşipnik rulavoy
RG-03,Rulavoy pacevnik,synonym,рулевой подшипник
RG-03,Rulavoy pacevnik,synonym,подшипник рулевой
RG-03,Rulavoy pacevnik,synonym,steering bearing
RG-03,Rulavoy pacevnik,synonym,steering shaft bearing
RG-03,Rulavoy pacevnik,synonym,steering column bearing
SU-003,Almacıq (tyaqanın),synonym,tyaqanın
SU-003,Almacıq (tyaqanın),synonym,almacıq
SU-003,Almacıq (tyaqanın),name_az,Almacıq (tyaqanın)
SU-003,Almacıq (tyaqanın),name_ru,Шаровой палец тяги
TY-010,Angel eyes (LED halqası),synonym,led кольца в фару
TY-010,Angel eyes (LED halqası),synonym,led halqası
TY-010,Angel eyes (LED halqası),name_az,Angel eyes (LED halqası)
TY-010,Angel eyes (LED halqası),name_ru,Ангельские глазки (LED-кольца в фару)
TY-019,Baqaj vannası (kuzov içliyi),synonym,baqaj vannası
TY-019,Baqaj vannası (kuzov içliyi),synonym,baqaj vannası kuzov içliyi
TY-019,Baqaj vannası (kuzov içliyi),synonym,kuzov içliyi
TY-019,Baqaj vannası (kuzov içliyi),name_az,Baqaj vannası (kuzov içliyi)
TY-019,Baqaj vannası (kuzov içliyi),name_ru,Вкладыш кузова пикапа
TY-005,Lip (bufer alt dodağı),synonym,bufer alt dodağı
TY-005,Lip (bufer alt dodağı),synonym,lip spoyleri
TY-005,Lip (bufer alt dodağı),synonym,bufer lipi
TY-005,Lip (bufer alt dodağı),synonym,dodaq lip
TY-005,Lip (bufer alt dodağı),synonym,dodaq lipi
TY-005,Lip (bufer alt dodağı),synonym,qabaq buferin lipi
TY-005,Lip (bufer alt dodağı),synonym,buferin lipi
TY-005,Lip (bufer alt dodağı),synonym,bufer bığı
TY-005,Lip (bufer alt dodağı),name_az,Lip (bufer alt dodağı)
TY-005,Lip (bufer alt dodağı),name_ru,Губа бампера (lip)
TY-018,Kapot küləkliyi,synonym,kapot küləklik
TY-018,Kapot küləkliyi,synonym,kapot üçün küləklik
TY-018,Kapot küləkliyi,name_az,Kapot küləkliyi
TY-018,Kapot küləkliyi,name_ru,Дефлектор капота
TY-016,Baqaj örtüyü (tonno),synonym,baqaj jalüzü
TY-016,Baqaj örtüyü (tonno),synonym,baqaj örtüyü
TY-016,Baqaj örtüyü (tonno),synonym,baqaj örtüyü tonno
TY-016,Baqaj örtüyü (tonno),synonym,baqaj üçün jaluz
TY-016,Baqaj örtüyü (tonno),synonym,baqaj üçün jalüz
TY-016,Baqaj örtüyü (tonno),synonym,крышка кузова тонно бед ковер
TY-016,Baqaj örtüyü (tonno),name_az,Baqaj örtüyü (tonno)
TY-016,Baqaj örtüyü (tonno),name_ru,Крышка кузова (тонно/бед-ковер)
TY-020,Baqaj kabini (kunq),synonym,baqaj kabini
TY-020,Baqaj kabini (kunq),synonym,baqaj kabini kunq
TY-020,Baqaj kabini (kunq),synonym,baqaj üçün kabin
TY-020,Baqaj kabini (kunq),synonym,kunq
TY-020,Baqaj kabini (kunq),name_az,Baqaj kabini (kunq)
TY-020,Baqaj kabini (kunq),name_ru,Кунг
TY-003,Body kit (tam tyuning dəsti),synonym,body kit
TY-003,Body kit (tam tyuning dəsti),synonym,tam tyuning dəsti
TY-003,Body kit (tam tyuning dəsti),synonym,bədən dəsti
TY-003,Body kit (tam tyuning dəsti),synonym,body kiti
TY-003,Body kit (tam tyuning dəsti),synonym,style body kit
TY-003,Body kit (tam tyuning dəsti),synonym,aero kit
TY-003,Body kit (tam tyuning dəsti),synonym,aero kiti
TY-003,Body kit (tam tyuning dəsti),name_az,Body kit (tam tyuning dəsti)
TY-003,Body kit (tam tyuning dəsti),name_ru,Обвес кузова (body kit)
TY-021,"Obves paketi (M paket, AMG, S-line)",synonym,qaşlar
TY-021,"Obves paketi (M paket, AMG, S-line)",synonym,qaslar
TY-021,"Obves paketi (M paket, AMG, S-line)",synonym,m tech ablicovka
TY-021,"Obves paketi (M paket, AMG, S-line)",name_az,"Obves paketi (M paket, AMG, S-line)"
TY-021,"Obves paketi (M paket, AMG, S-line)",name_ru,"Пакет обвеса (M-пакет, AMG, S-line)"
TY-009,Rəsniçka (fara üstü naklatka),synonym,накладки брови
TY-009,Rəsniçka (fara üstü naklatka),synonym,fara üstü naklatka
TY-009,Rəsniçka (fara üstü naklatka),synonym,fara qaşı
TY-009,Rəsniçka (fara üstü naklatka),synonym,işıq qaşı
TY-009,Rəsniçka (fara üstü naklatka),synonym,ışıq qaşı
TY-009,Rəsniçka (fara üstü naklatka),name_az,Rəsniçka (fara üstü naklatka)
TY-009,Rəsniçka (fara üstü naklatka),name_ru,Реснички на фары (накладки-«брови»)
TY-015,Tent (örtük),synonym,tavan çadır
TY-015,Tent (örtük),synonym,tavan çadırı
TY-015,Tent (örtük),synonym,tent
TY-015,Tent (örtük),synonym,tent örtük
TY-015,Tent (örtük),synonym,тент мягкий верх чехол кузова
TY-015,Tent (örtük),name_az,Tent (örtük)
TY-015,Tent (örtük),name_ru,Тент (мягкий верх/чехол кузова)
AK-037,Salon taxta örtüyü,name_az,Salon taxta örtüyü
AK-037,Salon taxta örtüyü,name_ru,Деревянная накладка салона
KZ-062,Ön stoyka üzlüyü,synonym,внутренняя
KZ-062,Ön stoyka üzlüyü,synonym,stoykanın plastması
KZ-062,Ön stoyka üzlüyü,synonym,iç stoyka plastmas
KZ-062,Ön stoyka üzlüyü,name_az,Ön stoyka üzlüyü
KZ-062,Ön stoyka üzlüyü,name_ru,Обшивка передней стойки
MU-017,Mühərrik yastığı,synonym,mühərrik yatağı
MU-017,Mühərrik yastığı,synonym,подушка двигателя правая сторона
MU-017,Mühərrik yastığı,synonym,mator paduşqası sağ
MU-017,Mühərrik yastığı,name_az,Mühərrik yastığı
MU-017,Mühərrik yastığı,name_ru,Подушка двигателя
MU-018,Karopka yastığı,synonym,karopkanın poduşkası
MU-018,Karopka yastığı,synonym,karopkanin poduskasi
MU-018,Karopka yastığı,synonym,sürətlər qutusu yastığı
MU-018,Karopka yastığı,synonym,sürətlər qutusunun yastığı
MU-018,Karopka yastığı,synonym,transmissiya yastığı
MU-018,Karopka yastığı,name_az,Karopka yastığı
MU-018,Karopka yastığı,name_ru,Подушка коробки передач
EL-063,Rozjiq bloku (ksenon),synonym,балласт ксенона
EL-063,Rozjiq bloku (ksenon),synonym,ksenon
EL-063,Rozjiq bloku (ksenon),name_az,Rozjiq bloku (ksenon)
EL-063,Rozjiq bloku (ksenon),name_ru,Блок розжига (балласт ксенона)
EL-066,LCM (işıq idarəetmə bloku),synonym,lcm
EL-066,LCM (işıq idarəetmə bloku),synonym,işıq idarəetmə bloku
EL-066,LCM (işıq idarəetmə bloku),name_az,LCM (işıq idarəetmə bloku)
EL-066,LCM (işıq idarəetmə bloku),name_ru,Блок управления светом (LCM)
EL-047,Duman fara düyməsi,name_az,Duman fara düyməsi
EL-047,Duman fara düyməsi,name_ru,Кнопка противотуманных фар
EL-025,Lampa,synonym,podfarnik
EL-025,Lampa,synonym,потфарник
EL-025,Lampa,synonym,подфарник
EL-025,Lampa,synonym,qabarit isigi
EL-025,Lampa,synonym,габаритный огонь
EL-025,Lampa,name_az,Lampa
EL-025,Lampa,name_ru,Лампа
EL-055,Lampa patronu,synonym,цоколь
EL-055,Lampa patronu,name_az,Lampa patronu
EL-055,Lampa patronu,name_ru,Патрон лампы (цоколь)
EL-024,Salon plafonu,synonym,salon plafon
EL-024,Salon plafonu,name_az,Salon plafonu
EL-024,Salon plafonu,name_ru,Плафон освещения салона
EL-012,Dönmə işığı qolu (kombi keçirici),synonym,подрулевой переключатель поворотников
EL-012,Dönmə işığı qolu (kombi keçirici),synonym,подрулевой переключатель света
EL-012,Dönmə işığı qolu (kombi keçirici),synonym,kombi keçirici
EL-012,Dönmə işığı qolu (kombi keçirici),name_az,Dönmə işığı qolu (kombi keçirici)
EL-012,Dönmə işığı qolu (kombi keçirici),name_ru,Подрулевой переключатель света/поворотников
KZ-075,Duman fara qabı (çərçivə),synonym,duman eynəyi
KZ-075,Duman fara qabı (çərçivə),synonym,duman fara eynəyi
KZ-075,Duman fara qabı (çərçivə),synonym,duman fara qabı
KZ-075,Duman fara qabı (çərçivə),synonym,duman fara qabı çərçivə
KZ-075,Duman fara qabı (çərçivə),synonym,duman fara qapağı
KZ-075,Duman fara qabı (çərçivə),synonym,duman fara çərçivəsi
KZ-075,Duman fara qabı (çərçivə),synonym,duman farası eynəyi
KZ-075,Duman fara qabı (çərçivə),synonym,duman farası plastması
KZ-075,Duman fara qabı (çərçivə),synonym,duman farası qabı
KZ-075,Duman fara qabı (çərçivə),synonym,duman farası qapaqları
KZ-075,Duman fara qabı (çərçivə),synonym,duman farası qapağı
KZ-075,Duman fara qabı (çərçivə),synonym,duman işığı eynəyi
KZ-075,Duman fara qabı (çərçivə),synonym,duman işığı qabı
KZ-075,Duman fara qabı (çərçivə),synonym,duman işığı qapağı
KZ-075,Duman fara qabı (çərçivə),synonym,duman işığı çərçivəsi
KZ-075,Duman fara qabı (çərçivə),synonym,duman nikeli
KZ-075,Duman fara qabı (çərçivə),synonym,duman qabı
KZ-075,Duman fara qabı (çərçivə),synonym,корпус рамка противотуманной фары
KZ-075,Duman fara qabı (çərçivə),synonym,рамка противотуманной фары
KZ-075,Duman fara qabı (çərçivə),name_az,Duman fara qabı (çərçivə)
KZ-075,Duman fara qabı (çərçivə),name_ru,Корпус противотуманной фары
KZ-008,Dönmə işığı (povorotnik),synonym,povorotnik
KZ-008,Dönmə işığı (povorotnik),synonym,dönmə işığı
KZ-008,Dönmə işığı (povorotnik),name_az,Dönmə işığı (povorotnik)
KZ-008,Dönmə işığı (povorotnik),name_ru,Поворотник
KZ-006,Duman fara,synonym,duman farası
KZ-006,Duman fara,synonym,duman işığı
KZ-006,Duman fara,synonym,duman işığı dəsti
KZ-006,Duman fara,synonym,duman işığı seti
KZ-006,Duman fara,synonym,duman işıq seti
KZ-006,Duman fara,synonym,duman işıqları dəsti
KZ-006,Duman fara,synonym,dumana qarşı farası
KZ-006,Duman fara,synonym,alt duman işığı
KZ-006,Duman fara,synonym,duman əleyhinə işıq
KZ-006,Duman fara,name_az,Duman fara
KZ-006,Duman fara,name_ru,Противотуманная фара
KZ-071,Duman fara şüşəsi,name_az,Duman fara şüşəsi
KZ-071,Duman fara şüşəsi,name_ru,Стекло противотуманной фары
KZ-031,Lanjron,synonym,ланжерон
KZ-031,Lanjron,name_az,Lanjron
KZ-031,Lanjron,name_ru,Лонжерон
KZ-083,Yanacaq doldurma qapağı,synonym,yanacaq lyuku
KZ-083,Yanacaq doldurma qapağı,synonym,zaryadka qapağı
KZ-083,Yanacaq doldurma qapağı,synonym,şarj lyuku
KZ-083,Yanacaq doldurma qapağı,synonym,şarj qapağı
KZ-083,Yanacaq doldurma qapağı,synonym,şarj yuvasının qapağı
KZ-083,Yanacaq doldurma qapağı,synonym,лючок бензобака
KZ-083,Yanacaq doldurma qapağı,synonym,лючок зарядки
KZ-083,Yanacaq doldurma qapağı,synonym,лючок топливного бака зарядного порта
KZ-083,Yanacaq doldurma qapağı,name_az,Yanacaq doldurma qapağı
KZ-083,Yanacaq doldurma qapağı,name_ru,Лючок топливного бака (зарядного порта)
KZ-047,Dam paneli,name_az,Dam paneli
KZ-047,Dam paneli,name_ru,Панель крыши
KZ-032,Kuzov paneli,synonym,arxa panel
KZ-032,Kuzov paneli,synonym,ön panel
KZ-032,Kuzov paneli,synonym,arxa sağ saffa
KZ-032,Kuzov paneli,synonym,saffa
KZ-032,Kuzov paneli,synonym,ön panel abirisofka
KZ-032,Kuzov paneli,synonym,su baçoku panel
KZ-032,Kuzov paneli,name_az,Kuzov paneli
KZ-032,Kuzov paneli,name_ru,Панель кузова
KZ-046,Döşəmə paneli,synonym,багажник
KZ-046,Döşəmə paneli,synonym,перед
KZ-046,Döşəmə paneli,synonym,перед зад центр багажник
KZ-046,Döşəmə paneli,synonym,центр
KZ-046,Döşəmə paneli,name_az,Döşəmə paneli
KZ-046,Döşəmə paneli,name_ru,Панель пола (перед/зад/центр/багажник)
KZ-074,Ekran plasması,synonym,ekran alt plastması
KZ-074,Ekran plasması,synonym,ekran plastması
KZ-074,Ekran plasması,synonym,ekran üst plastması
KZ-074,Ekran plasması,synonym,ekran üstü plasması
KZ-074,Ekran plasması,synonym,mühərrik bölməsinin ekranı
KZ-074,Ekran plasması,synonym,paneli ekran
KZ-074,Ekran plasması,synonym,radiator ekranı
KZ-074,Ekran plasması,synonym,radiator paneli
KZ-074,Ekran plasması,synonym,radiator paneli ekran
KZ-074,Ekran plasması,synonym,radiator paneli ekranı
KZ-074,Ekran plasması,synonym,radiator plasması
KZ-074,Ekran plasması,synonym,radiator üst plasması
KZ-074,Ekran plasması,synonym,üst ekranı
KZ-074,Ekran plasması,synonym,пластик передней панели телевизора
KZ-074,Ekran plasması,name_az,Ekran plasması
KZ-074,Ekran plasması,name_ru,Пластик передней панели («телевизора»)
KZ-065,Yanacaq doldurma boğazının plastiki,name_az,Yanacaq doldurma boğazının plastiki
KZ-065,Yanacaq doldurma boğazının plastiki,name_ru,Пластиковая обшивка горловины бака
KZ-030,Şveller (porog),synonym,porog
KZ-030,Şveller (porog),synonym,padnosqa
KZ-030,Şveller (porog),synonym,padnoşka
KZ-030,Şveller (porog),synonym,şveller
KZ-030,Şveller (porog),synonym,şveler
KZ-030,Şveller (porog),synonym,şveyler
KZ-030,Şveller (porog),name_az,Şveller (porog)
KZ-030,Şveller (porog),name_ru,Порог
KZ-055,Qanad genişləndiricisi (arka),synonym,расширитель арки бокового обвеса
KZ-055,Qanad genişləndiricisi (arka),synonym,расширитель накладка бокового обвеса
KZ-055,Qanad genişləndiricisi (arka),synonym,arka
KZ-055,Qanad genişləndiricisi (arka),name_az,Qanad genişləndiricisi (arka)
KZ-055,Qanad genişləndiricisi (arka),name_ru,Расширитель арки / накладка бокового обвеса
KZ-060,Döşəmə probkası (drenaj),synonym,дренаж
KZ-060,Döşəmə probkası (drenaj),synonym,drenaj
KZ-060,Döşəmə probkası (drenaj),name_az,Döşəmə probkası (drenaj)
KZ-060,Döşəmə probkası (drenaj),name_ru,Сливная пробка пола (дренаж)
KZ-039,Emblema/logo,synonym,loqo
KZ-039,Emblema/logo,synonym,loqosu
KZ-039,Emblema/logo,synonym,logo
KZ-039,Emblema/logo,synonym,kapot emblemi
KZ-039,Emblema/logo,name_az,Emblema/logo
KZ-039,Emblema/logo,name_ru,Эмблема/логотип
SO-030,Peçin vakum paylayıcısı,synonym,актуатор заслонок печки
SO-030,Peçin vakum paylayıcısı,name_az,Peçin vakum paylayıcısı
SO-030,Peçin vakum paylayıcısı,name_ru,Вакуумный распределитель (актуатор заслонок печки)
SO-019,Peçka zaslonkası (isitmə/ventilyasiya),synonym,вентиляции
SO-019,Peçka zaslonkası (isitmə/ventilyasiya),synonym,отопления
SO-019,Peçka zaslonkası (isitmə/ventilyasiya),synonym,отопления вентиляции
SO-019,Peçka zaslonkası (isitmə/ventilyasiya),synonym,isitmə
SO-019,Peçka zaslonkası (isitmə/ventilyasiya),synonym,isitmə ventilyasiya
SO-019,Peçka zaslonkası (isitmə/ventilyasiya),synonym,ventilyasiya
SO-019,Peçka zaslonkası (isitmə/ventilyasiya),name_az,Peçka zaslonkası (isitmə/ventilyasiya)
SO-019,Peçka zaslonkası (isitmə/ventilyasiya),name_ru,Заслонка печки (отопления/вентиляции)
SO-021,Peçka korpusu,name_az,Peçka korpusu
SO-021,Peçka korpusu,name_ru,Корпус печки
SO-020,Peçka kranı,name_az,Peçka kranı
SO-020,Peçka kranı,name_ru,Кран печки
EL-018,Fan motoru (salon/peç),synonym,мотор вентилятора отопителя
EL-018,Fan motoru (salon/peç),synonym,мотор вентилятора салона
EL-018,Fan motoru (salon/peç),synonym,salon
EL-018,Fan motoru (salon/peç),synonym,salon peç
EL-018,Fan motoru (salon/peç),name_az,Fan motoru (salon/peç)
EL-018,Fan motoru (salon/peç),name_ru,Мотор вентилятора отопителя/салона
SO-023,Peçka motoru (salon ventilyatoru),synonym,моторчик печки
SO-023,Peçka motoru (salon ventilyatoru),synonym,вентилятор печки
SO-023,Peçka motoru (salon ventilyatoru),synonym,отопителя
SO-023,Peçka motoru (salon ventilyatoru),synonym,daxili üfləyici
SO-023,Peçka motoru (salon ventilyatoru),synonym,soba mühərriki
SO-023,Peçka motoru (salon ventilyatoru),synonym,sobanın mühərriki
SO-023,Peçka motoru (salon ventilyatoru),synonym,salon ventilyatoru
SO-023,Peçka motoru (salon ventilyatoru),synonym,peç ventilyatoru
SO-023,Peçka motoru (salon ventilyatoru),synonym,моторедуктор печки
SO-023,Peçka motoru (salon ventilyatoru),synonym,peç motoreduktoru
SO-023,Peçka motoru (salon ventilyatoru),name_az,Peçka motoru (salon ventilyatoru)
SO-023,Peçka motoru (salon ventilyatoru),name_ru,Моторчик/вентилятор печки (отопителя)
SO-011,Peçin radiatoru (salon isitmə radiatoru),synonym,отопителя салона
SO-011,Peçin radiatoru (salon isitmə radiatoru),synonym,salon isitmə radiatoru
SO-011,Peçin radiatoru (salon isitmə radiatoru),synonym,peçka radiatoru
SO-011,Peçin radiatoru (salon isitmə radiatoru),synonym,radiator sobası
SO-011,Peçin radiatoru (salon isitmə radiatoru),synonym,soba radiatoru
SO-011,Peçin radiatoru (salon isitmə radiatoru),synonym,радиатор печки (отопителя)
SO-011,Peçin radiatoru (salon isitmə radiatoru),synonym,salon radiatoru
SO-011,Peçin radiatoru (salon isitmə radiatoru),name_az,Peçin radiatoru (salon isitmə radiatoru)
SO-011,Peçin radiatoru (salon isitmə radiatoru),name_ru,Радиатор печки (отопителя салона)
EL-082,Peç ventilyatorunun rezistoru,name_az,Peç ventilyatorunun rezistoru
EL-082,Peç ventilyatorunun rezistoru,name_ru,Резистор вентилятора отопителя
SO-034,Peç şlanqı (istilik sistemi),synonym,peç şlanqı
SO-034,Peç şlanqı (istilik sistemi),synonym,peçin şlanqları
SO-034,Peç şlanqı (istilik sistemi),synonym,peçin alt və üst şlanqları
SO-034,Peç şlanqı (istilik sistemi),synonym,шланг печки
SO-034,Peç şlanqı (istilik sistemi),name_az,Peç şlanqı (istilik sistemi)
SO-034,Peç şlanqı (istilik sistemi),name_ru,Шланг печки (отопителя)
AK-013,Brizqavik (palçıqqoruyucu),synonym,palçıqqoruyucu
AK-013,Brizqavik (palçıqqoruyucu),synonym,təkər palçıq qoruyucusu
AK-013,Brizqavik (palçıqqoruyucu),synonym,palçıq qoruyucu örtük
AK-013,Brizqavik (palçıqqoruyucu),synonym,təkər palçıq şiti
AK-013,Brizqavik (palçıqqoruyucu),synonym,palçıqlıq
AK-013,Brizqavik (palçıqqoruyucu),synonym,palçıq şiti
AK-013,Brizqavik (palçıqqoruyucu),synonym,palçıqlq
AK-013,Brizqavik (palçıqqoruyucu),name_az,Brizqavik (palçıqqoruyucu)
AK-013,Brizqavik (palçıqqoruyucu),name_ru,Брызговик
KZ-091,Qanad kantı,name_az,Qanad kantı
KZ-091,Qanad kantı,name_ru,Кант арки крыла
KZ-092,Qapı altı kantı,name_az,Qapı altı kantı
KZ-092,Qapı altı kantı,name_ru,Кант порога под дверью
KZ-029,Podkrilnik,synonym,локер
KZ-029,Podkrilnik,synonym,padkrılnik
KZ-029,Podkrilnik,synonym,padkrilnik
KZ-029,Podkrilnik,synonym,patkrlnik
KZ-029,Podkrilnik,synonym,padkrenik
KZ-029,Podkrilnik,synonym,patkrinlik
KZ-029,Podkrilnik,synonym,patkrilnik
KZ-029,Podkrilnik,synonym,подкрылок
KZ-029,Podkrilnik,synonym,qanad altlığı
KZ-029,Podkrilnik,synonym,qanad altlığı podkrılok
KZ-029,Podkrilnik,synonym,qanad altı
KZ-029,Podkrilnik,synonym,qanad altı qoruyucusu
KZ-029,Podkrilnik,synonym,qanad altısı
KZ-029,Podkrilnik,synonym,qanadalt
KZ-029,Podkrilnik,synonym,qanadaltlıq
KZ-029,Podkrilnik,synonym,qanadaltı
KZ-029,Podkrilnik,synonym,təkər tağının bəzək paneli
KZ-029,Podkrilnik,synonym,təkər tağının bəzək
KZ-029,Podkrilnik,synonym,təkər qövsü
KZ-029,Podkrilnik,synonym,padkrilnik lazimdir
KZ-029,Podkrilnik,synonym,qabaq patqiriniq
KZ-029,Podkrilnik,synonym,patqiriniq
KZ-029,Podkrilnik,synonym,qabaq sag ve sol patkrelnik
KZ-029,Podkrilnik,synonym,patkrelnik
KZ-029,Podkrilnik,synonym,padkrelniklər
KZ-029,Podkrilnik,synonym,qabaq padkrelnik ön zasitnik
KZ-029,Podkrilnik,synonym,arxa təkərin qoruyucu kapronları
KZ-029,Podkrilnik,name_az,Podkrilnik
KZ-029,Podkrilnik,name_ru,Подкрылок (локер)
TY-001,Padnoşka (pilləkən),synonym,running board
TY-001,Padnoşka (pilləkən),synonym,pilləkən
TY-001,Padnoşka (pilləkən),synonym,ayaq lövhəsi
TY-001,Padnoşka (pilləkən),name_az,Padnoşka (pilləkən)
TY-001,Padnoşka (pilləkən),name_ru,Порог-подножка (running board)
TY-011,Elektrik padnoşka (açılıb-yığılan),synonym,выдвижная
TY-011,Elektrik padnoşka (açılıb-yığılan),synonym,выдвижная складывающаяся
TY-011,Elektrik padnoşka (açılıb-yığılan),synonym,складывающаяся
TY-011,Elektrik padnoşka (açılıb-yığılan),synonym,açılıb yığılan
TY-011,Elektrik padnoşka (açılıb-yığılan),name_az,Elektrik padnoşka (açılıb-yığılan)
TY-011,Elektrik padnoşka (açılıb-yığılan),name_ru,Электроподножка (выдвижная/складывающаяся)
EL-008,SRS/Airbag bloku,synonym,srs
EL-008,SRS/Airbag bloku,synonym,airbag bloku
EL-008,SRS/Airbag bloku,synonym,srs bloku
EL-008,SRS/Airbag bloku,name_az,SRS/Airbag bloku
EL-008,SRS/Airbag bloku,name_ru,Блок управления airbag (SRS)
EL-075,Diz altı airbaqı,synonym,airbag qapağı
EL-075,Diz altı airbaqı,synonym,hava yastığı qapağı
EL-075,Diz altı airbaqı,synonym,крышка накладка подушки безопасности
EL-075,Diz altı airbaqı,name_az,Diz altı airbaqı
EL-075,Diz altı airbaqı,name_ru,Коленная подушка безопасности
EL-009,Airbag (yastıq),synonym,yastıq
EL-009,Airbag (yastıq),synonym,airbag
EL-009,Airbag (yastıq),synonym,airbagi
EL-009,Airbag (yastıq),synonym,airbagı
EL-009,Airbag (yastıq),synonym,diz airbag
EL-009,Airbag (yastıq),synonym,hava yastığı
EL-009,Airbag (yastıq),synonym,sürücü airbagi
EL-009,Airbag (yastıq),synonym,sərnişin airbagi
EL-009,Airbag (yastıq),synonym,sükan airbagi
EL-009,Airbag (yastıq),name_az,Airbag (yastıq)
EL-009,Airbag (yastıq),name_ru,Подушка безопасности
EL-074,Sərnişin airbaqı,synonym,trip düyməsi
EL-074,Sərnişin airbaqı,synonym,trıp düyməsi
EL-074,Sərnişin airbaqı,synonym,кнопка сброса пробега (trip)
EL-074,Sərnişin airbaqı,synonym,кнопка сброса пробега trıp
EL-074,Sərnişin airbaqı,name_az,Sərnişin airbaqı
EL-074,Sərnişin airbaqı,name_ru,Подушка безопасности пассажира
EL-073,Sükan airbaqı,synonym,крышка трамблёра
EL-073,Sükan airbaqı,name_az,Sükan airbaqı
EL-073,Sükan airbaqı,name_ru,Подушка безопасности руля
EL-076,Oturacaq airbaqı,name_az,Oturacaq airbaqı
EL-076,Oturacaq airbaqı,name_ru,Подушка безопасности сиденья
EL-010,Rul lenti (saat yayı),synonym,clock spring
EL-010,Rul lenti (saat yayı),synonym,saat yayı
EL-010,Rul lenti (saat yayı),synonym,sükan lentası
EL-010,Rul lenti (saat yayı),synonym,sükan lenti
EL-010,Rul lenti (saat yayı),synonym,sükanın lentası
EL-010,Rul lenti (saat yayı),synonym,sükanın lenti
EL-010,Rul lenti (saat yayı),name_az,Rul lenti (saat yayı)
EL-010,Rul lenti (saat yayı),name_ru,Шлейф руля (clock spring)
EL-062,Pərdə airbag,synonym,боковая подушка
EL-062,Pərdə airbag,name_az,Pərdə airbag
EL-062,Pərdə airbag,name_ru,Шторка безопасности (боковая подушка)
SO-006,Su pompası,synonym,su nasosu
SO-006,Su pompası,synonym,su nasosu pompası
SO-006,Su pompası,synonym,elektronik su pompası
SO-006,Su pompası,synonym,elektrik su nasosu
SO-006,Su pompası,synonym,pompa 11519455978
SO-006,Su pompası,name_az,Su pompası
SO-006,Su pompası,name_ru,Водяная помпа
SO-005,Termostatın korpusu,synonym,корпус термостата
SO-005,Termostatın korpusu,synonym,крышка термостата
SO-005,Termostatın korpusu,synonym,termostatın korpusu
SO-005,Termostatın korpusu,synonym,termostatın qapağı
SO-005,Termostatın korpusu,synonym,termostat qapağı
SO-005,Termostatın korpusu,synonym,korpuslu termostatı
SO-025,Termostat korpusu,name_az,Termostat korpusu
SO-025,Termostat korpusu,name_ru,Корпус термостата
SO-004,Termostat,synonym,mühərrik termostatı
SO-004,Termostat,synonym,mühərrik temperatur tənzimləyici termostatı
SO-004,Termostat,name_az,Termostat
SO-004,Termostat,name_ru,Термостат
AS-023,Ötürücü val (yarımox),synonym,полуось
AS-023,Ötürücü val (yarımox),synonym,yarımox
AS-023,Ötürücü val (yarımox),name_az,Ötürücü val (yarımox)
AS-023,Ötürücü val (yarımox),name_ru,Приводной вал (полуось)
AS-009,Qranat pılniki,synonym,qranat çexolu
AS-009,Qranat pılniki,synonym,şrus çexolu
AS-009,Qranat pılniki,name_az,Qranat pılniki
AS-009,Qranat pılniki,name_ru,Пыльник ШРУСа
AS-008,Qranat (SHRUS),synonym,шрус
AS-008,Qranat (SHRUS),synonym,qranat
AS-008,Qranat (SHRUS),synonym,qranat шрус
AS-008,Qranat (SHRUS),synonym,çöl qranatı
AS-008,Qranat (SHRUS),synonym,iç oynaqlı birləşməsi
AS-008,Qranat (SHRUS),synonym,iç qranatı
AS-008,Qranat (SHRUS),synonym,çöl oynaqlı birləşməsi
AS-008,Qranat (SHRUS),synonym,oynaqlı birləşməsi
AS-008,Qranat (SHRUS),synonym,oynaqlı birləşmə
AS-008,Qranat (SHRUS),synonym,qiranat
AS-008,Qranat (SHRUS),synonym,qiranatlar
AS-008,Qranat (SHRUS),synonym,ic və cöl qiranatlar
AS-008,Qranat (SHRUS),synonym,sağ iç qranat bütöv
AS-008,Qranat (SHRUS),synonym,iç qranati
AS-008,Qranat (SHRUS),synonym,ic qranati
AS-008,Qranat (SHRUS),synonym,col qranati
AS-008,Qranat (SHRUS),synonym,çöl qranati
AS-008,Qranat (SHRUS),synonym,ic qranat
AS-008,Qranat (SHRUS),synonym,col qranat
AS-008,Qranat (SHRUS),synonym,içqranati
AS-008,Qranat (SHRUS),synonym,icqranati
AS-008,Qranat (SHRUS),synonym,içqranat
AS-008,Qranat (SHRUS),synonym,icqranat
AS-008,Qranat (SHRUS),synonym,çölqranat
AS-008,Qranat (SHRUS),synonym,colqranat
AS-008,Qranat (SHRUS),synonym,çölqranati
AS-008,Qranat (SHRUS),name_az,Qranat (SHRUS)
MU-016,Klapan salniyi,name_az,Klapan salniyi
MU-016,Klapan salniyi,name_ru,Маслосъёмный колпачок
MU-012,Qalofka praklatkası,name_az,Qalofka praklatkası
MU-012,Qalofka praklatkası,name_ru,Прокладка ГБЦ
MU-078,Baş silindr proklatkası (GBT),synonym,головки блока цилиндров
MU-078,Baş silindr proklatkası (GBT),synonym,gbt
MU-078,Baş silindr proklatkası (GBT),synonym,mühərrik başlığının araqatı
MU-078,Baş silindr proklatkası (GBT),synonym,mühərrik başlığı üçün araqatı
MU-078,Baş silindr proklatkası (GBT),synonym,mühərrik başlığı araqatı
MU-078,Baş silindr proklatkası (GBT),name_az,Baş silindr proklatkası (GBT)
MU-078,Baş silindr proklatkası (GBT),name_ru,Прокладка ГБЦ (головки блока цилиндров)
MU-014,Üst krişka praklatkası,synonym,mühərrik klapan qapağının araqatı
MU-014,Üst krişka praklatkası,synonym,klapan qapağının araqatı
MU-014,Üst krişka praklatkası,synonym,üst qapaq araqatı
MU-014,Üst krişka praklatkası,synonym,üst qapağın ara qatı
MU-014,Üst krişka praklatkası,synonym,klapan mexanizminin qapağının araqatı
MU-014,Üst krişka praklatkası,synonym,üst klapan qapağının araqatı
MU-014,Üst krişka praklatkası,synonym,klapan salniki lazımdır
MU-014,Üst krişka praklatkası,synonym,klapan salnikleri
MU-014,Üst krişka praklatkası,name_az,Üst krişka praklatkası
MU-014,Üst krişka praklatkası,name_ru,Прокладка клапанной крышки
MU-087,Kollektor araqatı,name_az,Kollektor araqatı
MU-087,Kollektor araqatı,name_ru,Прокладка коллектора
MU-098,Turbo araqatı (turbo proklatkası),name_az,Turbo araqatı (turbo proklatkası)
MU-098,Turbo araqatı (turbo proklatkası),name_ru,Прокладка турбины
MU-083,Kollektor rezinləri (forsunka altlığı),synonym,посадочные форсунок
MU-083,Kollektor rezinləri (forsunka altlığı),synonym,forsunka altlığı
MU-083,Kollektor rezinləri (forsunka altlığı),name_az,Kollektor rezinləri (forsunka altlığı)
MU-083,Kollektor rezinləri (forsunka altlığı),name_ru,Резинки впускного коллектора (посадочные форсунок)
MU-086,Salnik,synonym,forsunka salniki
MU-086,Salnik,synonym,mühərrik salniki
MU-086,Salnik,name_az,Salnik
MU-086,Salnik,name_ru,Сальник
AS-029,Purjun alt çaşkası,name_az,Purjun alt çaşkası
AS-029,Purjun alt çaşkası,name_ru,Нижняя опорная чашка пружины амортизатора
AS-004,Purjun (prujin),synonym,prujin
AS-004,Purjun (prujin),synonym,purjun
AS-004,Purjun (prujin),synonym,amortizator yayı
AS-004,Purjun (prujin),synonym,asqı yayı
AS-004,Purjun (prujin),synonym,sol qabaq burjun
AS-004,Purjun (prujin),synonym,burjun
AS-004,Purjun (prujin),name_az,Purjun (prujin)
AS-004,Purjun (prujin),name_ru,Пружина подвески
SO-018,Kondisionerin buxarlandırıcısı,name_az,Kondisionerin buxarlandırıcısı
SO-018,Kondisionerin buxarlandırıcısı,name_ru,Испаритель кондиционера
SO-010,Kondisioner radiatoru,synonym,конденсер
SO-010,Kondisioner radiatoru,synonym,radiator kondisioneri
SO-010,Kondisioner radiatoru,name_az,Kondisioner radiatoru
SO-010,Kondisioner radiatoru,name_ru,Радиатор кондиционера (конденсер)
SO-031,Radiator jalüzü,synonym,jalüz
SO-031,Radiator jalüzü,synonym,jalüz eynəyi
SO-031,Radiator jalüzü,synonym,jalüzü
SO-031,Radiator jalüzü,synonym,üst jalüzü
SO-031,Radiator jalüzü,name_az,Radiator jalüzü
SO-031,Radiator jalüzü,name_ru,Жалюзи радиатора
SO-026,İnterkuler,synonym,intercooler
SO-026,İnterkuler,synonym,ınterkuler radiatoru
SO-026,İnterkuler,synonym,radiator interkulleri
SO-026,İnterkuler,synonym,interkuller
SO-026,İnterkuler,name_az,İnterkuler
SO-026,İnterkuler,name_ru,Интеркулер
SO-039,Radiator qapağı,synonym,radiator qapağı
SO-039,Radiator qapağı,synonym,radiator qapagi
SO-039,Radiator qapağı,synonym,радиаторная крышка
SO-039,Radiator qapağı,synonym,крышка радиатора
SO-015,Yağ soyuducusu (radiatoru),synonym,маслоохладитель
SO-015,Yağ soyuducusu (radiatoru),synonym,radiatoru
SO-015,Yağ soyuducusu (radiatoru),synonym,yağ radiatoru
SO-015,Yağ soyuducusu (radiatoru),synonym,yağ soyuducusu
SO-015,Yağ soyuducusu (radiatoru),synonym,radiator transmissiya
SO-015,Yağ soyuducusu (radiatoru),synonym,radiator transmissiyası
SO-015,Yağ soyuducusu (radiatoru),name_az,Yağ soyuducusu (radiatoru)
SO-015,Yağ soyuducusu (radiatoru),name_ru,Масляный радиатор (маслоохладитель)
SO-027,İnterkuler şlanqı (nadduv borusu),synonym,наддув
SO-027,İnterkuler şlanqı (nadduv borusu),synonym,nadduv borusu
SO-027,İnterkuler şlanqı (nadduv borusu),synonym,ınterkuller borusu
SO-027,İnterkuler şlanqı (nadduv borusu),synonym,interkullerin borusu
SO-027,İnterkuler şlanqı (nadduv borusu),synonym,interkuller şlanqı
SO-027,İnterkuler şlanqı (nadduv borusu),synonym,interkuller şlank
SO-027,İnterkuler şlanqı (nadduv borusu),synonym,interkuller boru
SO-027,İnterkuler şlanqı (nadduv borusu),name_az,İnterkuler şlanqı (nadduv borusu)
SO-027,İnterkuler şlanqı (nadduv borusu),name_ru,Патрубок интеркулера (наддув)
SO-009,"Soyutma şlanqı (su, antifriz)",synonym,radiator borusu
SO-009,"Soyutma şlanqı (su, antifriz)",synonym,su borusu
SO-009,"Soyutma şlanqı (su, antifriz)",synonym,suyun potrubkası
SO-009,"Soyutma şlanqı (su, antifriz)",synonym,üst su borusu
SO-009,"Soyutma şlanqı (su, antifriz)",synonym,radiator şlanqı
SO-009,"Soyutma şlanqı (su, antifriz)",synonym,radiator dəmir borusu
SO-009,"Soyutma şlanqı (su, antifriz)",synonym,antifriz baçokundan radiatora gedən borular
SO-009,"Soyutma şlanqı (su, antifriz)",synonym,antifriz bacokundan radiatora gedən nazik turbalar
SO-009,"Soyutma şlanqı (su, antifriz)",synonym,patrupa
SO-009,"Soyutma şlanqı (su, antifriz)",synonym,patrupka
SO-009,"Soyutma şlanqı (su, antifriz)",synonym,patrubka
SO-009,"Soyutma şlanqı (su, antifriz)",synonym,patrupkasi
SO-009,"Soyutma şlanqı (su, antifriz)",synonym,patrupasi
SO-009,"Soyutma şlanqı (su, antifriz)",synonym,mator patrupasi
SO-009,"Soyutma şlanqı (su, antifriz)",synonym,matorun patrupasi
SO-009,"Soyutma şlanqı (su, antifriz)",synonym,aşağı patrupa
SO-009,"Soyutma şlanqı (su, antifriz)",synonym,alt patrupa
SO-009,"Soyutma şlanqı (su, antifriz)",synonym,patrupqa
SO-009,"Soyutma şlanqı (su, antifriz)",synonym,antiviris soyutma şlanaq
SO-009,"Soyutma şlanqı (su, antifriz)",name_az,"Soyutma şlanqı (su, antifriz)"
SO-009,"Soyutma şlanqı (su, antifriz)",name_ru,Патрубок системы охлаждения
SO-001,Su radiatoru,synonym,hybrid su radiatoru
SO-001,Su radiatoru,synonym,radiator
SO-001,Su radiatoru,synonym,aşağı temperaturlu radiator
SO-001,Su radiatoru,synonym,temperaturlu radiator
SO-001,Su radiatoru,synonym,televizor panel
SO-001,Su radiatoru,synonym,radiyator dest
SO-001,Su radiatoru,synonym,radiator dəsti
SO-001,Su radiatoru,name_az,Su radiatoru
SO-001,Su radiatoru,name_ru,Радиатор охлаждения
SO-038,Radiator probkası,synonym,radiator probkasi
SO-038,Radiator probkası,synonym,radiatorun probkasi
SO-038,Radiator probkası,synonym,antifiriz radiatorunun probkasi
SO-038,Radiator probkası,synonym,su radiatorunun probkasi
SO-038,Radiator probkası,synonym,antifriz probkasi
SO-038,Radiator probkası,synonym,пробка радиатора
SO-038,Radiator probkası,synonym,слив радиатора
SO-038,Radiator probkası,name_az,Radiator probkası
SO-038,Radiator probkası,name_ru,Сливная пробка радиатора
SO-035,Peç troyniki,name_az,Peç troyniki
SO-035,Peç troyniki,name_ru,Тройник патрубка печи
SO-017,Su səviyyəsi datçiki,name_az,Su səviyyəsi datçiki
SO-017,Su səviyyəsi datçiki,name_ru,Датчик уровня охлаждающей жидкости
SO-032,Baçok qapağı,name_az,Baçok qapağı
SO-032,Baçok qapağı,name_ru,Крышка бачка
SO-008,Antifriz baçoku (genişlənmə çəni),synonym,genişlənmə çəni
SO-008,Antifriz baçoku (genişlənmə çəni),synonym,antifriz çəni
SO-008,Antifriz baçoku (genişlənmə çəni),synonym,su çəni
SO-008,Antifriz baçoku (genişlənmə çəni),synonym,antfriz çəni
SO-008,Antifriz baçoku (genişlənmə çəni),synonym,antifriz su çəni
SO-008,Antifriz baçoku (genişlənmə çəni),synonym,antifriz deposu
SO-008,Antifriz baçoku (genişlənmə çəni),synonym,çən antifrizi
SO-008,Antifriz baçoku (genişlənmə çəni),synonym,behr antifriz çəni
SO-008,Antifriz baçoku (genişlənmə çəni),synonym,köməkçi su çəni
SO-008,Antifriz baçoku (genişlənmə çəni),synonym,antifriz qapağı
SO-008,Antifriz baçoku (genişlənmə çəni),synonym,бачок для воды
SO-008,Antifriz baçoku (genişlənmə çəni),synonym,rasşritel baçok qapağı
SO-008,Antifriz baçoku (genişlənmə çəni),name_az,Antifriz baçoku (genişlənmə çəni)
SO-008,Antifriz baçoku (genişlənmə çəni),name_ru,Расширительный бачок антифриза
SU-008,Rulevoy krestovina,name_az,Rulevoy krestovina
SU-008,Rulevoy krestovina,name_ru,Крестовина рулевого вала
SU-012,Rul reykasının pılniki,name_az,Rul reykasının pılniki
SU-012,Rul reykasının pılniki,name_ru,Пыльник рулевой рейки
SU-016,Rul reykası remkomplekti (salnikler),synonym,сальники
SU-016,Rul reykası remkomplekti (salnikler),synonym,salnikler
SU-016,Rul reykası remkomplekti (salnikler),name_az,Rul reykası remkomplekti (salnikler)
SU-016,Rul reykası remkomplekti (salnikler),name_ru,Ремкомплект рулевой рейки (сальники)
SU-004,Rulavoy kalonka,synonym,rulovoy kalonka
SU-004,Rulavoy kalonka,name_az,Rulavoy kalonka
SU-004,Rulavoy kalonka,name_ru,Рулевая колонка
SU-006,Rulevoy reyka (dişli qutusu),synonym,dişli qutusu
SU-006,Rulevoy reyka (dişli qutusu),synonym,sükan reykası
SU-006,Rulevoy reyka (dişli qutusu),synonym,sükan mexanizmi
SU-006,Rulevoy reyka (dişli qutusu),synonym,pulavoy reyka
SU-006,Rulevoy reyka (dişli qutusu),synonym,rulavoy lazımdır
SU-006,Rulevoy reyka (dişli qutusu),name_az,Rulevoy reyka (dişli qutusu)
SU-006,Rulevoy reyka (dişli qutusu),name_ru,Рулевая рейка
SU-015,Rulevoy amortizator,synonym,внедорожники
SU-015,Rulevoy amortizator,synonym,внедорожники пикапы
SU-015,Rulevoy amortizator,synonym,пикапы
SU-015,Rulevoy amortizator,name_az,Rulevoy amortizator
SU-015,Rulevoy amortizator,name_ru,Рулевой амортизатор (внедорожники/пикапы)
KZ-067,Təhlükəsizlik kəməri,name_az,Təhlükəsizlik kəməri
KZ-067,Təhlükəsizlik kəməri,name_ru,Ремень безопасности
SU-009,Rul altı keçirici (dönmə/işıq qolu),synonym,dönmə
SU-009,Rul altı keçirici (dönmə/işıq qolu),synonym,dönmə işıq qolu
SU-009,Rul altı keçirici (dönmə/işıq qolu),synonym,işıq qolu
SU-009,Rul altı keçirici (dönmə/işıq qolu),name_az,Rul altı keçirici (dönmə/işıq qolu)
SU-009,Rul altı keçirici (dönmə/işıq qolu),name_ru,Подрулевой переключатель
SU-011,Rul (sükan çarxı),synonym,рулевое колесо
SU-011,Rul (sükan çarxı),synonym,sükan çarxı
SU-011,Rul (sükan çarxı),synonym,sükan
SU-011,Rul (sükan çarxı),synonym,sukan
SU-011,Rul (sükan çarxı),name_az,Rul (sükan çarxı)
SU-011,Rul (sükan çarxı),name_ru,Руль (рулевое колесо)
EY-013,Ruçnoy bloku/düyməsi (elektron əl əyləci),synonym,блок электронного ручника
EY-013,Ruçnoy bloku/düyməsi (elektron əl əyləci),synonym,кнопка электронного ручника
EY-013,Ruçnoy bloku/düyməsi (elektron əl əyləci),synonym,ruçnoy bloku
EY-013,Ruçnoy bloku/düyməsi (elektron əl əyləci),synonym,ruçnoy düyməsi
EY-013,Ruçnoy bloku/düyməsi (elektron əl əyləci),synonym,elektron əl əyləci
EY-013,Ruçnoy bloku/düyməsi (elektron əl əyləci),name_az,Ruçnoy bloku/düyməsi (elektron əl əyləci)
EY-013,Ruçnoy bloku/düyməsi (elektron əl əyləci),name_ru,Блок/кнопка электронного ручника
EY-012,Ruçnoy tormuz trosu,name_az,Ruçnoy tormuz trosu
EY-012,Ruçnoy tormuz trosu,name_ru,Трос ручного тормоза
AS-015,Ling/Qol (əyri/düz/banan),synonym,əyri düz banan
AS-015,Ling/Qol (əyri/düz/banan),synonym,aliminium asqı qolu
AS-015,Ling/Qol (əyri/düz/banan),synonym,alt asqı qolu
AS-015,Ling/Qol (əyri/düz/banan),synonym,alt asqı qolu dəsti
AS-015,Ling/Qol (əyri/düz/banan),synonym,alüminium asqı qolu
AS-015,Ling/Qol (əyri/düz/banan),synonym,asqı qolu
AS-015,Ling/Qol (əyri/düz/banan),synonym,sükan lingi
AS-015,Ling/Qol (əyri/düz/banan),synonym,tənzimləyici lingi
AS-015,Ling/Qol (əyri/düz/banan),synonym,üst asqı qolu
AS-015,Ling/Qol (əyri/düz/banan),synonym,əyri asqı qolu
AS-015,Ling/Qol (əyri/düz/banan),synonym,oynaqlı düz qol
AS-015,Ling/Qol (əyri/düz/banan),synonym,alt idarəetmə qolu
AS-015,Ling/Qol (əyri/düz/banan),synonym,asqı dartma qolu
AS-015,Ling/Qol (əyri/düz/banan),synonym,arxa qolu
AS-015,Ling/Qol (əyri/düz/banan),synonym,ön qolu
AS-015,Ling/Qol (əyri/düz/banan),synonym,alt qollar
AS-015,Ling/Qol (əyri/düz/banan),synonym,ön sol alt qol
AS-015,Ling/Qol (əyri/düz/banan),name_az,Ling/Qol (əyri/düz/banan)
AS-015,Ling/Qol (əyri/düz/banan),name_ru,Рычаг подвески
AS-011,Sırğa (stabilizator lingi),synonym,stabilizator lingi
AS-011,Sırğa (stabilizator lingi),name_az,Sırğa (stabilizator lingi)
AS-011,Sırğa (stabilizator lingi),name_ru,Стойка стабилизатора
AS-010,Şaravoy (kula opora),synonym,kula opora
AS-010,Şaravoy (kula opora),synonym,asqının kürəcikli oynağı
AS-010,Şaravoy (kula opora),synonym,böyük və kiçik oynaq
AS-010,Şaravoy (kula opora),synonym,kürəcikli yastıq
AS-010,Şaravoy (kula opora),synonym,kürəcikli yastığı
AS-010,Şaravoy (kula opora),synonym,alt asqının kürəcikli oynağı
AS-010,Şaravoy (kula opora),synonym,asqının yuxarı kürəvi dayağı
AS-010,Şaravoy (kula opora),synonym,asma qolun oynağı
AS-010,Şaravoy (kula opora),synonym,aşağı asqının kürəcikli oynağı
AS-010,Şaravoy (kula opora),name_az,Şaravoy (kula opora)
AS-010,Şaravoy (kula opora),name_ru,Шаровая опора
AS-033,Razvalni bolt (ekssentrik boltu,synonym,razvalın boltu
AS-033,Razvalni bolt (ekssentrik boltu,synonym,razvalni bolt qabax
AS-033,Razvalni bolt (ekssentrik boltu,synonym,arxa balaca ştanq
AS-033,Razvalni bolt (ekssentrik boltu,synonym,balaca ştanq
AS-033,Razvalni bolt (ekssentrik boltu,name_az,Razvalni bolt (ekssentrik boltu
AS-033,Razvalni bolt (ekssentrik boltu,name_ru,Болт развала
AS-032,Podramnik rezini (çərçivəaltı vtulkası),name_az,Podramnik rezini (çərçivəaltı vtulkası)
AS-032,Podramnik rezini (çərçivəaltı vtulkası),name_ru,Втулка подрамника
AS-013,Razvalni vtulka,name_az,Razvalni vtulka
AS-013,Razvalni vtulka,name_ru,Втулка развала
AS-026,Ressora vtulkası,name_az,Ressora vtulkası
AS-026,Ressora vtulkası,name_ru,Втулка рессоры
AS-012,Stabilizator rezini,name_az,Stabilizator rezini
AS-012,Stabilizator rezini,name_ru,Втулка стабилизатора
AS-025,Balka silentbloku,name_az,Balka silentbloku
AS-025,Balka silentbloku,name_ru,Сайлентблок задней балки
AS-014,Silentblok (qolun),synonym,qolun
AS-014,Silentblok (qolun),synonym,asqı qolunun metal oynağı
AS-014,Silentblok (qolun),synonym,böyük rezin metal oynağı
AS-014,Silentblok (qolun),synonym,rezin metal oynağı
AS-014,Silentblok (qolun),synonym,rezin metal oynağı qolu
AS-014,Silentblok (qolun),synonym,tənzimləyici rezini
AS-014,Silentblok (qolun),synonym,rezin metal oynaq
AS-014,Silentblok (qolun),synonym,böyük rezin metal oynaq
AS-014,Silentblok (qolun),synonym,kiçik rezin metal oynaq
AS-014,Silentblok (qolun),synonym,üst rezin metal oynaq
AS-014,Silentblok (qolun),name_az,Silentblok (qolun)
AS-014,Silentblok (qolun),name_ru,Сайлентблок рычага
SR-014,Alışdırma şamı (sveça),synonym,sveça
SR-014,Alışdırma şamı (sveça),synonym,alışdırıcı şam
SR-014,Alışdırma şamı (sveça),synonym,alışma şamı
SR-014,Alışdırma şamı (sveça),name_az,Alışdırma şamı (sveça)
SR-014,Alışdırma şamı (sveça),name_ru,Свеча зажигания
AK-021,Uşaq oturacağı,name_az,Uşaq oturacağı
AK-021,Uşaq oturacağı,name_ru,Детское автокресло
AK-049,Oturacaq qızdırıcı örtüyü,name_az,Oturacaq qızdırıcı örtüyü
AK-049,Oturacaq qızdırıcı örtüyü,name_ru,Накидка на сиденье с подогревом
AK-018,Oturacaq,synonym,oturacağın irəli arxaya aparan mator
AK-018,Oturacaq,synonym,oturacaq motoru
AK-018,Oturacaq,name_az,Oturacaq
AK-018,Oturacaq,name_ru,Сиденье
AK-002,Oturacaq üzlüyü,synonym,oturacaq çexolu
AK-002,Oturacaq üzlüyü,name_az,Oturacaq üzlüyü
AK-002,Oturacaq üzlüyü,name_ru,Чехол сиденья
TY-004,Arxa bufer diffuzoru,synonym,arxa bagaj üstü spoiler
TY-004,Arxa bufer diffuzoru,synonym,arxa diffuser
TY-004,Arxa bufer diffuzoru,name_az,Arxa bufer diffuzoru
TY-004,Arxa bufer diffuzoru,name_ru,Диффузор заднего бампера
KZ-036,Spoyler,synonym,baqaj spoyleri
KZ-036,Spoyler,synonym,baqaj üstü spoyler
KZ-036,Spoyler,synonym,baqaj üstü spoyleri
KZ-036,Spoyler,synonym,ışıqlı spoyleri
KZ-036,Spoyler,name_az,Spoyler
KZ-036,Spoyler,name_ru,Спойлер
MU-094,Starter bendiksi,synonym,statelin bendeksi avtomati ilə
MU-094,Starter bendiksi,name_az,Starter bendiksi
MU-094,Starter bendiksi,name_ru,Бендикс стартера
MU-047,Dinamo (generator),synonym,generator
MU-047,Dinamo (generator),synonym,dinamo
MU-047,Dinamo (generator),name_az,Dinamo (generator)
MU-047,Dinamo (generator),name_ru,Генератор
EL-039,Generator tənzimləyici (reле),synonym,reле
EL-039,Generator tənzimləyici (reле),synonym,gərginlik tənzimləyicisi dinamo relesi
EL-039,Generator tənzimləyici (reле),synonym,dartma relesi
EL-039,Generator tənzimləyici (reле),name_az,Generator tənzimləyici (reле)
EL-039,Generator tənzimləyici (reле),name_ru,Реле-регулятор генератора
MU-048,Starter,synonym,stater
MU-048,Starter,synonym,startyor
MU-048,Starter,name_az,Starter
MU-048,Starter,name_ru,Стартер
AS-030,Sapfa (povorotnı kulak),synonym,цапфа
AS-030,Sapfa (povorotnı kulak),synonym,povorotnı kulak
AS-030,Sapfa (povorotnı kulak),name_az,Sapfa (povorotnı kulak)
AS-030,Sapfa (povorotnı kulak),name_ru,Поворотный кулак (цапфа)
AS-007,Stupitsa podşipniki,synonym,usdubçiya paçeniki
AS-007,Stupitsa podşipniki,synonym,usdupçiya podşipniki
AS-007,Stupitsa podşipniki,synonym,stupisa paçeniki
AS-007,Stupitsa podşipniki,synonym,ступица паченик
AS-007,Stupitsa podşipniki,synonym,paçenik.
AS-007,Stupitsa podşipniki,synonym,təkər topu yastığı
AS-007,Stupitsa podşipniki,synonym,təkər topunun diyircəyi
AS-007,Stupitsa podşipniki,synonym,təkər topunun diyirlənmə yastığı
AS-007,Stupitsa podşipniki,synonym,paçennik
AS-007,Stupitsa podşipniki,synonym,usdubçiyanın paçeniki
AS-007,Stupitsa podşipniki,synonym,qabaq stupsiyaların poçenniki
AS-007,Stupitsa podşipniki,synonym,stupsiya paçevniki
AS-007,Stupitsa podşipniki,name_az,Stupitsa podşipniki
AS-007,Stupitsa podşipniki,name_ru,Подшипник ступицы
AS-006,Stupitsa (təkər topu),synonym,təkər topu
AS-006,Stupitsa (təkər topu),synonym,təkər qovşağı
AS-006,Stupitsa (təkər topu),name_az,Stupitsa (təkər topu)
AS-006,Stupitsa (təkər topu),name_ru,Ступица колеса
AS-027,Təkər şpilkası,name_az,Təkər şpilkası
AS-027,Təkər şpilkası,name_ru,Шпилька крепления колеса
KZ-053,Ön şüşə su axarı (jabo),synonym,жабо
KZ-053,Ön şüşə su axarı (jabo),synonym,jabo
KZ-053,Ön şüşə su axarı (jabo),synonym,ön sinəlik
KZ-053,Ön şüşə su axarı (jabo),synonym,sinəlik
KZ-053,Ön şüşə su axarı (jabo),synonym,jabo paneli
KZ-053,Ön şüşə su axarı (jabo),synonym,ön şüşə su axarı
KZ-053,Ön şüşə su axarı (jabo),synonym,ön şüşə plastik
KZ-053,Ön şüşə su axarı (jabo),synonym,patpres altı plastik
KZ-053,Ön şüşə su axarı (jabo),synonym,şüşə altı plastik
KZ-053,Ön şüşə su axarı (jabo),synonym,külək şüşəsinin alt plastiki
KZ-053,Ön şüşə su axarı (jabo),name_az,Ön şüşə su axarı (jabo)
KZ-053,Ön şüşə su axarı (jabo),name_ru,Водосток лобового стекла (жабо)
KZ-012,Arxa şüşə,name_az,Arxa şüşə
KZ-012,Arxa şüşə,name_ru,Заднее стекло
KZ-090,Jabo kronşteyni,name_az,Jabo kronşteyni
KZ-090,Jabo kronşteyni,name_ru,Кронштейн жабо
KZ-011,Ön şüşə (patpres),synonym,patpres
KZ-011,Ön şüşə (patpres),synonym,alın şüşəsi
KZ-011,Ön şüşə (patpres),synonym,patples
KZ-011,Ön şüşə (patpres),synonym,patpresin qamisi
KZ-011,Ön şüşə (patpres),synonym,plyonka
KZ-011,Ön şüşə (patpres),synonym,plyonka vinil
KZ-011,Ön şüşə (patpres),synonym,on patples
KZ-011,Ön şüşə (patpres),synonym,fiolet patpres
KZ-011,Ön şüşə (patpres),synonym,benson patpres
KZ-011,Ön şüşə (patpres),synonym,luk firmasiynan
KZ-011,Ön şüşə (patpres),synonym,üstən çıxma alın şüşəsi
KZ-011,Ön şüşə (patpres),synonym,parpres rezinleri
KZ-011,Ön şüşə (patpres),name_az,Ön şüşə (patpres)
KZ-011,Ön şüşə (patpres),name_ru,Лобовое стекло
KZ-035,Lyuk mexanizmi,synonym,lyuk
KZ-035,Lyuk mexanizmi,name_az,Lyuk mexanizmi
KZ-035,Lyuk mexanizmi,name_ru,Механизм люка
KZ-013,Qapı şüşəsi,name_az,Qapı şüşəsi
KZ-013,Qapı şüşəsi,name_ru,Стекло двери
KZ-014,Lyuk şüşəsi,synonym,tavan şüşəsi
KZ-014,Lyuk şüşəsi,synonym,ultra tavan şüşəsi
KZ-014,Lyuk şüşəsi,name_az,Lyuk şüşəsi
KZ-014,Lyuk şüşəsi,name_ru,Стекло люка
KZ-056,Lyuk rezini,synonym,резинка
KZ-056,Lyuk rezini,synonym,lukun rezinleri
KZ-056,Lyuk rezini,synonym,lukun rezini
KZ-056,Lyuk rezini,name_az,Lyuk rezini
KZ-056,Lyuk rezini,name_ru,Уплотнитель (резинка) люка
KZ-082,Şüşə rezini,name_az,Şüşə rezini
KZ-082,Şüşə rezini,name_ru,Уплотнитель стекла
KZ-072,Lyuk pərdəsi,synonym,lyukun pərdəsi
KZ-072,Lyuk pərdəsi,name_az,Lyuk pərdəsi
KZ-072,Lyuk pərdəsi,name_ru,Шторка люка
EY-004,Support təmir dəsti (toz qoruyucusu/manjet),synonym,манжеты
EY-004,Support təmir dəsti (toz qoruyucusu/manjet),synonym,пыльники
EY-004,Support təmir dəsti (toz qoruyucusu/manjet),synonym,пыльники манжеты
EY-004,Support təmir dəsti (toz qoruyucusu/manjet),synonym,manjet
EY-004,Support təmir dəsti (toz qoruyucusu/manjet),synonym,toz qoruyucusu
EY-004,Support təmir dəsti (toz qoruyucusu/manjet),synonym,toz qoruyucusu manjet
EY-004,Support təmir dəsti (toz qoruyucusu/manjet),synonym,rulavoy komplekt supportun palisleri
EY-004,Support təmir dəsti (toz qoruyucusu/manjet),synonym,supportun palisleri
EY-004,Support təmir dəsti (toz qoruyucusu/manjet),name_az,Support təmir dəsti (toz qoruyucusu/manjet)
EY-004,Support təmir dəsti (toz qoruyucusu/manjet),name_ru,Ремкомплект суппорта (пыльники/манжеты)
EY-003,Support (suport),synonym,suport
EY-003,Support (suport),synonym,support
EY-003,Support (suport),name_az,Support (suport)
EY-003,Support (suport),name_ru,Тормозной суппорт
TR-023,Maxovik vengi,synonym,зубчатка стартера
TR-023,Maxovik vengi,name_az,Maxovik vengi
TR-023,Maxovik vengi,name_ru,Венец маховика (зубчатка стартера)
TR-024,Mufta vilkası,name_az,Mufta vilkası
TR-024,Mufta vilkası,name_ru,Вилка сцепления
TR-008,Vıjımnoy (buraxıcı podşipnik),synonym,buraxıcı podşipnik
TR-008,Vıjımnoy (buraxıcı podşipnik),name_az,Vıjımnoy (buraxıcı podşipnik)
TR-008,Vıjımnoy (buraxıcı podşipnik),name_ru,Выжимной подшипник
TR-026,Mufta hidravlik şlanqı (gidrositel borusu),synonym,gidrositel borusu
TR-026,Mufta hidravlik şlanqı (gidrositel borusu),name_az,Mufta hidravlik şlanqı (gidrositel borusu)
TR-026,Mufta hidravlik şlanqı (gidrositel borusu),name_ru,Гибкая трубка привода сцепления
TR-009,Mufta qlavni silindiri,name_az,Mufta qlavni silindiri
TR-009,Mufta qlavni silindiri,name_ru,Главный цилиндр сцепления
TR-006,Feredo (mufta diski),synonym,mufta diski
TR-006,Feredo (mufta diski),synonym,feredosu
TR-006,Feredo (mufta diski),synonym,ferdo
TR-006,Feredo (mufta diski),name_az,Feredo (mufta diski)
TR-006,Feredo (mufta diski),name_ru,Диск сцепления
TR-032,Mufta dəsti,synonym,caşka feredo vijimnoy desti
TR-032,Mufta dəsti,synonym,feredo vijimnoy dest
TR-032,Mufta dəsti,name_az,Mufta dəsti
TR-032,Mufta dəsti,name_ru,Комплект сцепления
TR-007,Çaşqa (sıxıcı disk/korzin),synonym,нажимной диск
TR-007,Çaşqa (sıxıcı disk/korzin),synonym,korzin
TR-007,Çaşqa (sıxıcı disk/korzin),synonym,sıxıcı disk
TR-007,Çaşqa (sıxıcı disk/korzin),synonym,sıxıcı disk korzin
TR-007,Çaşqa (sıxıcı disk/korzin),synonym,caska
TR-007,Çaşqa (sıxıcı disk/korzin),synonym,çaska
TR-007,Çaşqa (sıxıcı disk/korzin),synonym,корзина сцепления
TR-007,Çaşqa (sıxıcı disk/korzin),name_az,Çaşqa (sıxıcı disk/korzin)
TR-007,Çaşqa (sıxıcı disk/korzin),name_ru,Корзина сцепления (нажимной диск)
TR-010,Maxovik (maxavik),name_az,Maxovik (maxavik)
TR-010,Maxovik (maxavik),name_ru,Маховик (махавик)
TR-020,Mufta raboçi silindiri,name_az,Mufta raboçi silindiri
TR-020,Mufta raboçi silindiri,name_ru,Рабочий цилиндр сцепления
TR-031,Torsion dempferi,name_az,Torsion dempferi
TR-031,Torsion dempferi,name_ru,Торсионный демпфер
AK-017,Bardaçok,synonym,перчаточный ящик
AK-017,Bardaçok,synonym,ön panelde olan mebel
AK-017,Bardaçok,synonym,tahta mebel
AK-017,Bardaçok,synonym,mərkəzi konsol tahta
AK-017,Bardaçok,synonym,panoramanın ramkası
AK-017,Bardaçok,synonym,panorama ramkasi
AK-017,Bardaçok,synonym,bardacok
AK-017,Bardaçok,synonym,salonda sol gunluk kozeroq
AK-017,Bardaçok,synonym,gunluk kozeroq
AK-017,Bardaçok,synonym,alt panel qoruyucusu
AK-017,Bardaçok,synonym,panel alt qoruyucusu
AK-017,Bardaçok,name_az,Bardaçok
AK-017,Bardaçok,name_ru,Бардачок (перчаточный ящик)
AK-019,Bardaçok kilidi,name_az,Bardaçok kilidi
AK-019,Bardaçok kilidi,name_ru,Замок бардачка
AK-003,Günəşlik (günlük),synonym,günlük
AK-003,Günəşlik (günlük),synonym,günəşlik
AK-003,Günəşlik (günlük),synonym,salon günlüyü
AK-003,Günəşlik (günlük),synonym,salon günəşliyi
AK-003,Günəşlik (günlük),synonym,günəş qoruyucusu
AK-003,Günəşlik (günlük),synonym,günəş sipəri
AK-003,Günəşlik (günlük),synonym,sun visor
AK-003,Günəşlik (günlük),synonym,sunshade visor
AK-003,Günəşlik (günlük),synonym,козырек
AK-003,Günəşlik (günlük),synonym,солнцезащитный козырек
AK-003,Günəşlik (günlük),synonym,козырек салона
AK-003,Günəşlik (günlük),synonym,козырек от солнца
AK-003,Günəşlik (günlük),synonym,günəş günlüyü
AK-003,Günəşlik (günlük),synonym,gunes gunluyu
AK-003,Günəşlik (günlük),name_az,Günəşlik (günlük)
AK-003,Günəşlik (günlük),name_ru,Козырёк солнцезащитный
KZ-068,Salon tavanı (dam örtüyü),synonym,потолок
KZ-068,Salon tavanı (dam örtüyü),synonym,dam örtüyü
KZ-068,Salon tavanı (dam örtüyü),synonym,dam dəsti
KZ-068,Salon tavanı (dam örtüyü),name_az,Salon tavanı (dam örtüyü)
KZ-068,Salon tavanı (dam örtüyü),name_ru,Обшивка потолка салона (потолок)
KZ-057,Peçin barmaqlıqları (ventilyasiya barmaqlığı),synonym,дефлектор панели
KZ-057,Peçin barmaqlıqları (ventilyasiya barmaqlığı),synonym,ventilyasiya barmaqlığı
KZ-057,Peçin barmaqlıqları (ventilyasiya barmaqlığı),name_az,Peçin barmaqlıqları (ventilyasiya barmaqlığı)
KZ-057,Peçin barmaqlıqları (ventilyasiya barmaqlığı),name_ru,Решётка воздуховода (дефлектор панели)
AK-012,Torpeda (panel),synonym,передняя панель
AK-012,Torpeda (panel),synonym,panel
AK-012,Torpeda (panel),synonym,torpedo
AK-012,Torpeda (panel),name_az,Torpeda (panel)
AK-012,Torpeda (panel),name_ru,Торпедо (передняя панель)
SR-005,Karopka yağı (mexanika/avtomat),synonym,avtomat
SR-005,Karopka yağı (mexanika/avtomat),synonym,mexanika
SR-005,Karopka yağı (mexanika/avtomat),synonym,mexanika avtomat
SR-005,Karopka yağı (mexanika/avtomat),name_az,Karopka yağı (mexanika/avtomat)
SR-005,Karopka yağı (mexanika/avtomat),name_ru,Трансмиссионное масло
SO-024,Kondisioner zolotniki (doldurma klapanı),synonym,клапан заправки
SO-024,Kondisioner zolotniki (doldurma klapanı),synonym,doldurma klapanı
SO-024,Kondisioner zolotniki (doldurma klapanı),name_az,Kondisioner zolotniki (doldurma klapanı)
SO-024,Kondisioner zolotniki (doldurma klapanı),name_ru,Золотник (клапан заправки) кондиционера
SO-037,Kondisioner quruducusu,name_az,Kondisioner quruducusu
SO-037,Kondisioner quruducusu,name_ru,Осушитель кондиционера
SO-014,Kondisioner borusu,synonym,трубка кондиционера
SO-014,Kondisioner borusu,synonym,шланг кондиционера
SO-014,Kondisioner borusu,synonym,kondisonerin borulari ve slanklari
SO-014,Kondisioner borusu,synonym,kondisioner borulari
SO-014,Kondisioner borusu,name_az,Kondisioner borusu
MU-038,Turbo aktuatoru,synonym,вестгейт
MU-038,Turbo aktuatoru,name_az,Turbo aktuatoru
MU-038,Turbo aktuatoru,name_ru,Актюатор турбины (вестгейт)
RG-13,Bypass klapanı,synonym,bypass
RG-13,Bypass klapanı,synonym,by pass
RG-13,Bypass klapanı,synonym,baypass
RG-13,Bypass klapanı,synonym,перепускной клапан
RG-13,Bypass klapanı,synonym,bypass klapan
RG-13,Bypass klapanı,name_az,Bypass klapanı
RG-13,Bypass klapanı,name_ru,Байпас клапан (перепускной)
MU-075,Turbo (nadduv) datçiki,synonym,nadduv
MU-075,Turbo (nadduv) datçiki,synonym,turbo sensoru
MU-075,Turbo (nadduv) datçiki,name_az,Turbo (nadduv) datçiki
MU-075,Turbo (nadduv) datçiki,name_ru,Датчик давления наддува турбины
MU-085,Turbonun qoruyucusu (zaşitniki),synonym,кожух
MU-085,Turbonun qoruyucusu (zaşitniki),synonym,zaşitniki
MU-085,Turbonun qoruyucusu (zaşitniki),name_az,Turbonun qoruyucusu (zaşitniki)
MU-085,Turbonun qoruyucusu (zaşitniki),name_ru,Защита (кожух) турбины
MU-091,Turbo kartrici,synonym,kartric
MU-091,Turbo kartrici,synonym,turbo kartici
MU-091,Turbo kartrici,synonym,turbo kartric
MU-091,Turbo kartrici,synonym,turbo katrici
MU-091,Turbo kartrici,name_az,Turbo kartrici
MU-091,Turbo kartrici,name_ru,Картридж турбины
MU-037,Turbo,synonym,turbo kompressoru
MU-037,Turbo,synonym,turbo kompressor
MU-037,Turbo,synonym,torbonun yağlama durbası
MU-037,Turbo,synonym,turbonun yağlama borusu
MU-037,Turbo,name_az,Turbo
MU-037,Turbo,name_ru,Турбина
KZ-059,Faranın üst plasması,synonym,верхняя пластиковая накладка фары
KZ-059,Faranın üst plasması,synonym,верхняя пластиковая рамка фары
KZ-059,Faranın üst plasması,name_az,Faranın üst plasması
KZ-059,Faranın üst plasması,name_ru,Верхняя пластиковая накладка/рамка фары
KZ-044,Gündüz işığı (DRL),synonym,drl
KZ-044,Gündüz işığı (DRL),name_az,Gündüz işığı (DRL)
KZ-044,Gündüz işığı (DRL),name_ru,Дневной ходовой огонь
KZ-078,Fara korpusu,name_az,Fara korpusu
KZ-078,Fara korpusu,name_ru,Корпус фары
KZ-088,Fara bərkidici kronşteyni,synonym,faranin salackasi
KZ-088,Fara bərkidici kronşteyni,synonym,fara salaskası
KZ-088,Fara bərkidici kronşteyni,synonym,faranın salaçkası
KZ-088,Fara bərkidici kronşteyni,synonym,salaska fara
KZ-088,Fara bərkidici kronşteyni,synonym,salacka fara
KZ-088,Fara bərkidici kronşteyni,synonym,fara kronşteyni
KZ-088,Fara bərkidici kronşteyni,synonym,faranın bərkidici hissəsi
KZ-088,Fara bərkidici kronşteyni,name_az,Fara bərkidici kronşteyni
KZ-088,Fara bərkidici kronşteyni,name_ru,Кронштейн крепления фары
KZ-080,Fara yuyucu qapağı,synonym,faraya su vuran qapağı
KZ-080,Fara yuyucu qapağı,name_az,Fara yuyucu qapağı
KZ-080,Fara yuyucu qapağı,name_ru,Крышка форсунки омывателя фар
KZ-066,Fara linzası,synonym,проекторный модуль
KZ-066,Fara linzası,name_az,Fara linzası
KZ-066,Fara linzası,name_ru,Линза фары (проекторный модуль)
KZ-010,Fara şüşəsi,synonym,fara eynəyi
KZ-010,Fara şüşəsi,synonym,sağ fara şüşəsi
KZ-010,Fara şüşəsi,name_az,Fara şüşəsi
KZ-010,Fara şüşəsi,name_ru,Стекло фары
KZ-005,Fara (baş fara),synonym,baş fara
KZ-005,Fara (baş fara),synonym,fara
KZ-005,Fara (baş fara),synonym,fara dəsti
KZ-005,Fara (baş fara),synonym,led farası
KZ-005,Fara (baş fara),synonym,on farası
KZ-005,Fara (baş fara),synonym,ışıq
KZ-005,Fara (baş fara),synonym,xenon farası
KZ-005,Fara (baş fara),synonym,ksenon farası
KZ-005,Fara (baş fara),synonym,ksenon fara
KZ-005,Fara (baş fara),synonym,lazer farası
KZ-005,Fara (baş fara),name_az,Fara (baş fara)
KZ-005,Fara (baş fara),name_ru,Фара головного света
SR-003,Hava filtri,synonym,Hava filtri (mühərrik)
SR-003,Hava filtri,synonym,hava filteri
SR-003,Hava filtri,synonym,hava filtri
SR-003,Hava filtri,synonym,mühərrik hava filteri
SR-003,Hava filtri,synonym,hava filteri mühərrik üçün
SR-003,Hava filtri,synonym,mühərrik hava filtri
SR-003,Hava filtri,synonym,hibrid filteri
SR-003,Hava filtri,synonym,hibrid filtri
SR-003,Hava filtri,name_ru,Воздушный фильтр
SR-002,Yağ filtri,synonym,Yağ filtri (mühərrik)
SR-002,Yağ filtri,synonym,yağ filteri
SR-002,Yağ filtri,synonym,mühərrik yağ filteri
SR-002,Yağ filtri,synonym,mühərrik yağ filtri
SR-002,Yağ filtri,synonym,yağ filteri mühərrik üçün
SR-002,Yağ filtri,synonym,yağ filtri
SR-002,Yağ filtri,name_ru,Масляный фильтр
SR-004,Salon filtri (kondisioner filtri),synonym,kondisioner filtri
SR-004,Salon filtri (kondisioner filtri),synonym,kondisioner filteri
SR-004,Salon filtri (kondisioner filtri),synonym,salon filteri
SR-004,Salon filtri (kondisioner filtri),synonym,antibakterial salon filteri
SR-004,Salon filtri (kondisioner filtri),synonym,antibakterial salon filtri
SR-004,Salon filtri (kondisioner filtri),synonym,salon filteri kondisioner filteri
SR-004,Salon filtri (kondisioner filtri),synonym,salon filtri
SR-004,Salon filtri (kondisioner filtri),name_az,Salon filtri (kondisioner filtri)
SR-004,Salon filtri (kondisioner filtri),name_ru,Салонный фильтр
SR-010,Benzin/Yanacaq filtri,synonym,benzin filtri
SR-010,Benzin/Yanacaq filtri,synonym,yanacaq filtri
SR-010,Benzin/Yanacaq filtri,synonym,benzin filteri
SR-010,Benzin/Yanacaq filtri,synonym,dizel yanacaq filteri
SR-010,Benzin/Yanacaq filtri,synonym,dizel yanacaq filtri
SR-010,Benzin/Yanacaq filtri,synonym,benzin yanacaq filteri
SR-010,Benzin/Yanacaq filtri,synonym,yanacaq filteri
SR-010,Benzin/Yanacaq filtri,name_az,Benzin/Yanacaq filtri
SR-010,Benzin/Yanacaq filtri,name_ru,Топливный фильтр
SR-006,Karopka filtri,synonym,sürətlər qutusu filteri
SR-006,Karopka filtri,synonym,sürətlər qutusunun filteri
SR-006,Karopka filtri,synonym,filter transmissiyası
SR-006,Karopka filtri,synonym,filter transmissiya
SR-006,Karopka filtri,synonym,qutu filteri
SR-006,Karopka filtri,synonym,sürət qutusu filteri
SR-006,Karopka filtri,synonym,transmissiya filteri
SR-006,Karopka filtri,synonym,transmissiya filtri
SR-006,Karopka filtri,synonym,transmisiya filteri
SR-006,Karopka filtri,synonym,transmisiya filtri
SR-006,Karopka filtri,synonym,avtomat transmisiya filteri
SR-006,Karopka filtri,synonym,avtomat transmissiya filtri
SR-006,Karopka filtri,synonym,avtomat transmisiya filtri
SR-006,Karopka filtri,synonym,avtomat transmissiya filteri
SR-006,Karopka filtri,synonym,karopka filteri
SR-006,Karopka filtri,synonym,qutu filtri
SR-006,Karopka filtri,synonym,sürət qutusu filtri
SR-006,Karopka filtri,synonym,sürətlər qutusu filtri
SR-006,Karopka filtri,synonym,sürətlər qutusunun filtri
SR-006,Karopka filtri,name_az,Karopka filtri
SR-006,Karopka filtri,name_ru,Фильтр коробки передач
MU-079,Karbürator,name_az,Karbürator
MU-079,Karbürator,name_ru,Карбюратор
YA-024,Dizel yanacaq nasosunun korpusu,synonym,тнвд
YA-024,Dizel yanacaq nasosunun korpusu,name_az,Dizel yanacaq nasosunun korpusu
YA-024,Dizel yanacaq nasosunun korpusu,name_ru,Корпус дизельного топливного насоса (ТНВД)
YA-003,TNVD (yüksək təzyiqli nasos),synonym,насос высокого давления
YA-003,TNVD (yüksək təzyiqli nasos),synonym,насос высокого давления дизель
YA-003,TNVD (yüksək təzyiqli nasos),synonym,yüksək təzyiqli nasos
YA-003,TNVD (yüksək təzyiqli nasos),synonym,dizel tnvd
YA-003,TNVD (yüksək təzyiqli nasos),name_az,TNVD (yüksək təzyiqli nasos)
YA-003,TNVD (yüksək təzyiqli nasos),name_ru,ТНВД (насос высокого давления)
YA-026,Yanacaq nasosunun itələyicisi,synonym,tnvd itələyicisi
YA-026,Yanacaq nasosunun itələyicisi,synonym,yanacaq nasosu itələyicisi
YA-026,Yanacaq nasosunun itələyicisi,synonym,nasos itələyicisi
YA-026,Yanacaq nasosunun itələyicisi,synonym,толкатель тнвд
YA-026,Yanacaq nasosunun itələyicisi,name_az,Yanacaq nasosunun itələyicisi
YA-011,Yanacaq reykası,name_az,Yanacaq reykası
YA-011,Yanacaq reykası,name_ru,Топливная рампа
MU-035,Farsunka (forsunka),synonym,forsunka
MU-035,Farsunka (forsunka),synonym,yanacaq farsunka
MU-035,Farsunka (forsunka),synonym,yanacaq farsunkasi
MU-035,Farsunka (forsunka),synonym,уплотнительное кольцо фильтра топливного
MU-035,Farsunka (forsunka),synonym,трубки дизельные на форсунки
MU-035,Farsunka (forsunka),synonym,dizel turbalari farsunka
MU-035,Farsunka (forsunka),name_az,Farsunka (forsunka)
MU-035,Farsunka (forsunka),name_ru,Форсунка
TK-008,Ventil (nippel),synonym,вентиль для шины
TK-008,Ventil (nippel),synonym,ниппель для шины
TK-008,Ventil (nippel),synonym,nippel
TK-008,Ventil (nippel),name_az,Ventil (nippel)
TK-008,Ventil (nippel),name_ru,Вентиль/ниппель для шины
TK-001,Şin (təkərin rezini),synonym,покрышка
TK-001,Şin (təkərin rezini),synonym,təkərin rezini
TK-001,Şin (təkərin rezini),synonym,təkərin çöl tərəfində olan plasmas
TK-001,Şin (təkərin rezini),name_az,Şin (təkərin rezini)
TK-001,Şin (təkərin rezini),name_ru,Шина (покрышка)
AK-004,Obşivka klipsi,synonym,klips
AK-004,Obşivka klipsi,synonym,klipsi
AK-004,Obşivka klipsi,synonym,obşivka klipsi
AK-004,Obşivka klipsi,synonym,plastik klips
AK-004,Obşivka klipsi,synonym,piston klips
AK-004,Obşivka klipsi,synonym,saplama
AK-004,Obşivka klipsi,synonym,фиксатор обшивки
AK-004,Obşivka klipsi,synonym,клипса
AK-004,Obşivka klipsi,synonym,клипсы
AK-004,Obşivka klipsi,synonym,пистон обшивки
AK-004,Obşivka klipsi,name_ru,Клипса обшивки
AK-006,Oturacaq plastik örtüyü,synonym,oturacaq plastik örtüyü
AK-006,Oturacaq plastik örtüyü,synonym,oturacaq plastik qapağı
AK-006,Oturacaq plastik örtüyü,synonym,oturacağın plastik qapağı
AK-006,Oturacaq plastik örtüyü,synonym,arka oturacağın plastik qapağı
AK-006,Oturacaq plastik örtüyü,synonym,sürücü oturacağının sol tərəf plastik qapağı
AK-006,Oturacaq plastik örtüyü,name_ru,Пластиковая облицовка сиденья
YA-027,Farsunkanın abratkası,synonym,abratka
YA-027,Farsunkanın abratkası,synonym,abratkasi
YA-027,Farsunkanın abratkası,synonym,dizel abratkasi
YA-027,Farsunkanın abratkası,synonym,farsunka abratkasi
YA-027,Farsunkanın abratkası,synonym,farsunkanın abratkası
YA-027,Farsunkanın abratkası,synonym,abratka slanqi
YA-027,Farsunkanın abratkası,synonym,обратка форсунок
YA-027,Farsunkanın abratkası,synonym,обратка
MU-011,Silindr gilzası,synonym,gilza
MU-011,Silindr gilzası,synonym,gilzalar
MU-011,Silindr gilzası,synonym,silindr gilzasi
MU-011,Silindr gilzası,synonym,motor gilzasi
MU-011,Silindr gilzası,synonym,гильза
MU-011,Silindr gilzası,synonym,гильза цилиндра
MU-011,Silindr gilzası,synonym,гильзы
MU-011,Silindr gilzası,name_az,Silindr gilzası
EY-010,ABS bloku,name_term,блок abs гидроблок с насосом
EL-013,Park radar sensoru (şunuru),name_term,park radar sensoru şunuru
EL-015,Kor zona sensoru/detektoru (BSM),name_term,kor zona sensoru detektoru bsm
EL-061,Distronic kabeli (adaptiv kruiz sensoru kabeli),name_term,distronic kabeli adaptiv kruiz sensoru kabeli
EL-061,Distronic kabeli (adaptiv kruiz sensoru kabeli),name_term,кабель адаптивного круиз контроля distronic
EL-070,Faranın korrektoru (tənzimləyici motoru),name_term,faranın korrektoru tənzimləyici motoru
EL-070,Faranın korrektoru (tənzimləyici motoru),name_term,корректор фары моторчик регулировки
EL-029,Distronik/Cruise control modulu,name_term,distronik cruise control modulu
EL-029,Distronik/Cruise control modulu,name_term,модуль круиз контроля
MU-082,Boğaz rezini (zaslonkanın),name_term,boğaz rezini zaslonkanın
MU-082,Boğaz rezini (zaslonkanın),name_term,резина дроссельного узла патрубок впуска
YA-007,EVAP sistemi/klapanı (yanacaq kömürü),name_term,evap sistemi klapanı yanacaq kömürü
YA-007,EVAP sistemi/klapanı (yanacaq kömürü),name_term,система evap адсорбер
MU-072,Qaz trosu (akselerator trosu),name_term,qaz trosu akselerator trosu
MU-072,Qaz trosu (akselerator trosu),name_term,трос газа акселератора
AB-001,Akkumulyator (batareya),name_term,akkumulyator batareya
AB-004,Akkumulyator bərkitmə skobası (planka),name_term,akkumulyator bərkitmə skobası planka
AB-004,Akkumulyator bərkitmə skobası (planka),name_term,крепление аккумулятора планка скоба
AB-002,Akkumulyator qoruyucusu (əsas sigorta),name_term,akkumulyator qoruyucusu əsas sigorta
AB-002,Akkumulyator qoruyucusu (əsas sigorta),name_term,предохранитель акб силовой
TY-006,Coilover (sport asma dəsti),name_term,coilover sport asma dəsti
TY-006,Coilover (sport asma dəsti),name_term,койловеры спортивная подвеска
AS-002,Amortizator dayaq yastığı (opora),name_term,amortizator dayaq yastığı opora
AS-002,Amortizator dayaq yastığı (opora),name_term,опора амортизатора верхняя
AS-031,Pnevmoasqının platası (idarəetmə bloku),name_term,pnevmoasqının platası idarəetmə bloku
AS-031,Pnevmoasqının platası (idarəetmə bloku),name_term,плата блок управления пневмоподушки
AS-021,Pnevmopodveska (hava balonu),name_term,pnevmopodveska hava balonu
AS-021,Pnevmopodveska (hava balonu),name_term,pnevmopodveska hava yastığı
TY-013,Sport yay/koilover,name_term,sport yay koilover
TY-013,Sport yay/koilover,name_term,спортивная пружина койловер
SR-011,AdBlue (dizel egzoz mayesi),name_term,adblue dizel egzoz mayesi
SR-011,AdBlue (dizel egzoz mayesi),name_term,adblue жидкость для очистки выхлопа дизеля
SR-007,Antifriz,name_term,антифриз охлаждающая жидкость
SR-009,Rulavoy mayesi (PSF),name_term,rulavoy mayesi psf
SR-012,Şüşəyuyan maye (nezamerzayka),name_term,şüşəyuyan maye nezamerzayka
SR-012,Şüşəyuyan maye (nezamerzayka),name_term,жидкость омывателя стекла незамерзайка
SR-008,Əyləc mayesi (tormoz mayesi/DOT4),name_term,əyləc mayesi tormoz mayesi dot4
KZ-042,Baqaj amortizatoru,name_term,амортизатор упор багажника
KZ-093,Baqaj rezin buferi (otboynik),name_term,baqaj rezin buferi otboynik
KZ-093,Baqaj rezin buferi (otboynik),name_term,резиновый упор отбойник крышки багажника
KZ-070,Baqaj jaluzu (pərdəsi),name_term,baqaj jaluzu pərdəsi
KZ-070,Baqaj jaluzu (pərdəsi),name_term,шторка жалюзи багажника
YA-023,Yanacaq çəninin iç qapağı,name_term,внутренняя крышка топливного бака горловины
YA-025,Yanacaq çəni təzyiq sensoru (EVAP təzyiqi),name_term,yanacaq çəni təzyiq sensoru evap təzyiqi
YA-025,Yanacaq çəni təzyiq sensoru (EVAP təzyiqi),name_term,датчик давления топливного бака система evap
YA-025,Yanacaq çəni təzyiq sensoru (EVAP təzyiqi),name_term,yanacaq çəni təzyiq sensoru evap
YA-006,Yanacaq datçiki (səviyyə),name_term,yanacaq datçiki səviyyə
YA-008,Paplavok (yanacaq səviyyə üzgəci),name_term,paplavok yanacaq səviyyə üzgəci
AS-018,Most (körpü),name_term,most körpü
AS-016,Traves (podramnik),name_term,traves podramnik
KZ-004,Bufer daxili köpük (absorber),name_term,bufer daxili köpük absorber
KZ-002,Bufer kronşteyni (salaska),name_term,bufer kronşteyni salaska
KZ-003,Bufer üzlüyü (abrisofka),name_term,bufer üzlüyü abrisofka
KZ-003,Bufer üzlüyü (abrisofka),name_term,облицовка накладка бампера
KZ-043,Bufer gücləndiricisi (arma),name_term,bufer gücləndiricisi arma
KZ-043,Bufer gücləndiricisi (arma),name_term,усилитель бампера силовая балка
YA-009,Geri qaytarma klapanı (obratka),name_term,geri qaytarma klapanı obratka
YA-001,Benzin nasosu (yanacaq nasosu),name_term,benzin nasosu yanacaq nasosu
YA-012,Yanacaq şlanqı,name_term,топливный шланг гибкий
SO-002,Radiator ventilyatoru (elektroventilyator),name_term,radiator ventilyatoru elektroventilyator
SO-002,Radiator ventilyatoru (elektroventilyator),name_term,вентилятор радиатора электровентилятор
SO-022,Radiator difuzoru (ventilyator korpusu),name_term,radiator difuzoru ventilyator korpusu
SO-022,Radiator difuzoru (ventilyator korpusu),name_term,диффузор радиатора кожух вентилятора
EG-005,Egzoz kollektoru (downpipe),name_term,egzoz kollektoru downpipe
EG-005,Egzoz kollektoru (downpipe),name_term,выпускной коллектор даунпайп
EG-011,Egzoz gofrası,name_term,гофра выхлопной системы гибкий виброкомпенсатор
EG-010,Qəbul borusu (priyomnaya truba),name_term,qəbul borusu priyomnaya truba
YA-022,VZU (qaz doldurma qurğusu),name_term,vzu qaz doldurma qurğusu
YA-022,VZU (qaz doldurma qurğusu),name_term,взу заправочное устройство газа
YA-020,Qaz magistralı (yüksək təzyiq borusu),name_term,qaz magistralı yüksək təzyiq borusu
YA-020,Qaz magistralı (yüksək təzyiq borusu),name_term,газовая магистраль трубка высокого давления
YA-020,Qaz magistralı (yüksək təzyiq borusu),name_term,топливные трубки форсунок
YA-013,Qaz reduktoru (buxarlandırıcı),name_term,qaz reduktoru buxarlandırıcı
YA-013,Qaz reduktoru (buxarlandırıcı),name_term,газовый редуктор испаритель гбо
YA-017,Yanacaq növü keçid düyməsi (qaz/benzin),name_term,yanacaq növü keçid düyməsi qaz benzin
YA-017,Yanacaq növü keçid düyməsi (qaz/benzin),name_term,переключатель вида топлива газ бензин
YA-018,QBA ECU bloku,name_term,электронный блок управления гбо эбу
RG-04,Hava borusu (hava filtri şlanqı),name_term,hava borusu hava filtri şlanqı
RG-04,Hava borusu (hava filtri şlanqı),name_term,воздушный патрубок впускной
MU-062,Baş (silindr blokunun başı),name_term,baş silindr blokunun başı
MU-062,Baş (silindr blokunun başı),name_term,головка блока цилиндров гбц
MU-015,Klapan,name_term,клапан впускной выпускной
MU-013,Üst krişka (klapan qapağı),name_term,üst krişka klapan qapağı
MU-065,Koromislo (rokker),name_term,koromislo rokker
MU-065,Koromislo (rokker),name_term,коромысло рокер грм
MU-051,Membran (PCV klapanı),name_term,membran pcv klapanı
MU-051,Membran (PCV klapanı),name_term,мембрана pcv клапана маслоотделитель
RG-11,Klapan qapağı membranı,name_term,klapan qapağı membranı klapan qapağı diafraqması pcv membranı karter qazı membranı karter ventilyasiya membranı valve cover membrane valve cover diaphragm pcv diaphragm мембрана клапанной крышки диафрагма клапанной крышки мембрана pcv мембрана вентиляции картерных газов
MU-050,Vanos (VVT solenoidi),name_term,vanos vvt solenoidi
MU-050,Vanos (VVT solenoidi),name_term,соленоид vanos vvt
MU-063,Klapan suxariki (klapan fiksatoru),name_term,klapan suxariki klapan fiksatoru
MU-063,Klapan suxariki (klapan fiksatoru),name_term,фиксатор сухарики клапана
MU-063,Klapan suxariki (klapan fiksatoru),name_term,klapan suxariki fiksator
MU-061,Zəncir başmağı (sep başmağı),name_term,zəncir başmağı sep başmağı
MU-061,Zəncir başmağı (sep başmağı),name_term,башмак успокоитель цепи грм
MU-093,Qrm krışkası (paylama qapağı),name_term,qrm krışkası paylama qapağı
MU-022,Natijitel (natyajnoy),name_term,natijitel natyajnoy
MU-020,Çöl remen (dinamo remeni),name_term,çöl remen dinamo remeni
MU-020,Çöl remen (dinamo remeni),name_term,приводной генераторный ремень
MU-019,İç remen (dişli qayış),name_term,iç remen dişli qayış
MU-023,Rolik,name_term,ролик обводной натяжной
MU-055,Zəncir (vaxtlama zənciri),name_term,zəncir vaxtlama zənciri
SU-005,Rulevoy usilitel (gidrousilitel),name_term,rulevoy usilitel gidrousilitel
SU-007,Rulevoy motoru (elektrik gücləndirici),name_term,rulevoy motoru elektrik gücləndirici
SU-007,Rulevoy motoru (elektrik gücləndirici),name_term,мотор электроусилителя руля eps
SU-013,Rulevoy şlanqı,name_term,шланг гур гидравлика
EY-006,Vakum (tormoz gücləndiricisi),name_term,vakum tormoz gücləndiricisi
EY-019,Arxa əyləc silindri (baraban),name_term,arxa əyləc silindri baraban
EY-019,Arxa əyləc silindri (baraban),name_term,задний тормозной цилиндр барабанный
EY-016,Tormoz borusu (jyostkaya),name_term,tormoz borusu jyostkaya
EY-016,Tormoz borusu (jyostkaya),name_term,тормозная трубка жёсткая
EL-065,AKPP bloku (sürət qutusunun beyni),name_term,akpp bloku sürət qutusunun beyni
TR-004,Karopka beyni (TCU/gidro bloku),name_term,karopka beyni tcu gidro bloku
TR-004,Karopka beyni (TCU/gidro bloku),name_term,блок управления коробкой tcu гидроблок
TR-005,Karopka datçiki (təzyiq/sürət),name_term,karopka datçiki təzyiq sürət
TR-005,Karopka datçiki (təzyiq/sürət),name_term,датчик коробки давления скорости
RG-06,Mexatronik (DSG idarəetmə bloku),name_term,mexatronik dsg idarəetmə bloku
RG-06,Mexatronik (DSG idarəetmə bloku),name_term,мехатроник блок управления dsg
TR-018,Solenoid (karopka klapanı),name_term,solenoid karopka klapanı
TR-018,Solenoid (karopka klapanı),name_term,solenoid karopka
EG-003,Qluşitel (susdurucu),name_term,qluşitel susdurucu
EG-009,Səsboğucu ucluğu (müştük),name_term,səsboğucu ucluğu müştük
EG-007,Qluşitel/egzoz asqısı (podvesnoy rezini),name_term,qluşitel egzoz asqısı podvesnoy rezini
EG-007,Qluşitel/egzoz asqısı (podvesnoy rezini),name_term,подвеска глушителя резиновая подушка
EG-004,Qazan (rezonator),name_term,qazan rezonator
EG-004,Qazan (rezonator),name_term,резонатор средняя задняя банка
EG-006,DPF filtri,name_term,сажевый фильтр dpf
TK-005,TPMS sensoru (təkər hava sensoru),name_term,tpms sensoru təkər hava sensoru
TK-005,TPMS sensoru (təkər hava sensoru),name_term,датчик давления в шине tpms
MU-045,MAP sensoru,name_term,map датчик давления во впуске
MU-033,Vozduxamer (MAF sensoru),name_term,vozduxamer maf sensoru
MU-033,Vozduxamer (MAF sensoru),name_term,датчик расхода воздуха дмрв
RG-08,Şarj bloku (OBC),name_term,şarj bloku obc
RG-08,Şarj bloku (OBC),name_term,блок зарядки obc бортовое зарядное устройство
EL-028,Predaxranitel bloku (qoruyucular),name_term,predaxranitel bloku qoruyucular
EL-006,Mühərrik idarəetmə bloku (ECU),name_term,mühərrik idarəetmə bloku ecu
EL-006,Mühərrik idarəetmə bloku (ECU),name_term,блок управления двигателем ecu
EL-007,BCM (kuzov idarəetmə bloku),name_term,bcm kuzov idarəetmə bloku
EL-007,BCM (kuzov idarəetmə bloku),name_term,блок управления кузовом bcm
EL-037,Stop siqnal açarı (laqruşka),name_term,stop siqnal açarı laqruşka
EL-037,Stop siqnal açarı (laqruşka),name_term,выключатель стоп сигнала лягушка
RG-12,NOx sensoru,name_term,nox датчик
EL-081,İşıq sensoru,name_term,işıq sensoru
EL-027,Sürət sensoru (spidometr),name_term,sürət sensoru spidometr
EL-056,Siqnal (qudok),name_term,siqnal qudok
EL-056,Siqnal (qudok),name_term,звуковой сигнал гудок
EL-045,Qapı konsevigi (açıq qapı datçiki),name_term,qapı konsevigi açıq qapı datçiki
EL-045,Qapı konsevigi (açıq qapı datçiki),name_term,концевик двери датчик открытой двери
EL-078,DC-DC gərginlik çeviricisi,name_term,dc dc gərginlik çeviricisi
EL-078,DC-DC gərginlik çeviricisi,name_term,преобразователь напряжения dc dc
EL-032,Naqillər/ştekerlər (provodka),name_term,naqillər ştekerlər provodka
EL-032,Naqillər/ştekerlər (provodka),name_term,проводка разъёмы
EL-083,Head-up displey,name_term,head up displey
EL-052,Povorotnik relesi,name_term,реле поворотов прерыватель
EL-033,Oturacaq/sükan qızdırıcı-soyuducu bloku,name_term,oturacaq sükan qızdırıcı soyuducu bloku
EL-033,Oturacaq/sükan qızdırıcı-soyuducu bloku,name_term,блок обогрева охлаждения сидений и руля
EL-019,Kondisioner idarəetmə bloku (klimat kontrol),name_term,kondisioner idarəetmə bloku klimat kontrol
EL-019,Kondisioner idarəetmə bloku (klimat kontrol),name_term,блок управления климат контролем
KZ-015,Qapı (polotno),name_term,qapı polotno
KZ-019,Qapı kartası,name_term,обшивка двери карта
KZ-058,Qapı fiksatoru,name_term,ограничитель фиксатор двери
KZ-061,Şüşəqaldıran cerviyakı (val),name_term,şüşəqaldıran cerviyakı val
MU-068,Blok tıxacı (çopik),name_term,blok tıxacı çopik
MU-009,Karter,name_term,картер маслосборник
MU-059,Hava filtri qutusu (korpus),name_term,hava filtri qutusu korpus
MU-059,Hava filtri qutusu (korpus),name_term,корпус воздушного фильтра airbox
MU-029,Yağ filtri korpusu (kitabça),name_term,yağ filtri korpusu kitabça
MU-074,Mühərrik qapağı (dekorativ),name_term,mühərrik qapağı dekorativ
MU-074,Mühərrik qapağı (dekorativ),name_term,крышка двигателя декоративная
MU-057,Yağ qapağı (maslozalivnaya qapaq),name_term,yağ qapağı maslozalivnaya qapaq
MU-067,Yağ nasosu sorucu borusu (setka),name_term,yağ nasosu sorucu borusu setka
MU-084,VANOS-a gedən yağ şlanqı,name_term,vanos a gedən yağ şlanqı
MU-076,Aypara şayba (şponka),name_term,aypara şayba şponka
MU-076,Aypara şayba (şponka),name_term,полулунная шпонка шкива коленвала
MU-008,Kladiş (porşen barmağı),name_term,kladiş porşen barmağı
AK-020,Papiros yandırıcı (prikurivatel),name_term,papiros yandırıcı prikurivatel
AK-016,Joystic (sürət qutusu dekoru),name_term,joystic sürət qutusu dekoru
AK-016,Joystic (sürət qutusu dekoru),name_term,джойстик декор селектора кпп
TY-012,Karbon salon üzlüyü (dekor),name_term,karbon salon üzlüyü dekor
TY-012,Karbon salon üzlüyü (dekor),name_term,карбоновые накладки в салон декор
AK-022,Rul üzlüyü (oplyotka),name_term,rul üzlüyü oplyotka
AK-015,Maşın plonkası (folya),name_term,maşın plonkası folya
AK-015,Maşın plonkası (folya),name_term,плёнка обклейка кузова
AK-032,Eynək qutusu (açki qabı),name_term,eynək qutusu açki qabı
AK-032,Eynək qutusu (açki qabı),name_term,полка чашка для очков
AK-011,Nömrə altlığı/kantı,name_term,nömrə altlığı kantı
AK-009,Reylinq (dam üstü baqaj),name_term,reylinq dam üstü baqaj
AK-009,Reylinq (dam üstü baqaj),name_term,рейлинги багажник на крышу
AK-042,Günəş pərdəsi (yan şüşə),name_term,günəş pərdəsi yan şüşə
KZ-038,Kant (xrom kant),name_term,kant xrom kant
KZ-038,Kant (xrom kant),name_term,хром кант окантовка
AK-033,Barsetka (mərkəzi konsol qutusu),name_term,barsetka mərkəzi konsol qutusu
AK-033,Barsetka (mərkəzi konsol qutusu),name_term,центральный бокс барсетка подлокотник бокс
AK-044,Açar qabı (açar korpusu),name_term,açar qabı açar korpusu
TK-007,Təkər boltu/qaykası,name_term,təkər boltu qaykası
TK-007,Təkər boltu/qaykası,name_term,болт гайка колеса
TK-002,Disk (təkər diski),name_term,disk təkər diski
TK-006,Spacer (təkər araqatı),name_term,spacer təkər araqatı
TK-006,Spacer (təkər araqatı),name_term,проставка колеса spacer
EY-018,Əyləc diskinin toz qoruyucusu (ayna),name_term,əyləc diskinin toz qoruyucusu ayna
EY-018,Əyləc diskinin toz qoruyucusu (ayna),name_term,пыльник щиток тормозного диска ayna
EY-002,Apornu (əyləc diski),name_term,apornu əyləc diski
TY-002,Duqa (kенгурятник),name_term,duqa kенгурятник
TY-002,Duqa (kенгурятник),name_term,дуга кенгурятник силовой бампер
TW-001,Qoşqu qurğusu,name_term,фаркоп сцепное устройство
KZ-049,Əlavə stop (üçüncü stop),name_term,əlavə stop üçüncü stop
KZ-049,Əlavə stop (üçüncü stop),name_term,дополнительный третий стоп сигнал
KZ-007,Stop (arxa fənər),name_term,stop arxa fənər
KZ-009,Reflektor,name_term,катафот отражатель
KZ-063,Arxa fənərin platası (LED),name_term,arxa fənərin platası led
KZ-063,Arxa fənərin platası (LED),name_term,плата светодиодов заднего фонаря
MU-058,Şam naqili (yüksək gərginlik naqili),name_term,şam naqili yüksək gərginlik naqili
MU-058,Şam naqili (yüksək gərginlik naqili),name_term,высоковольтный провод бронепровод
MU-025,Babin (bobin),name_term,babin bobin
MU-026,Kalyan (bobin başlığı),name_term,kalyan bobin başlığı
MU-026,Kalyan (bobin başlığı),name_term,наконечник катушки колпачок свечи
MU-060,Trambler (alışdırma paylayıcısı),name_term,trambler alışdırma paylayıcısı
MU-060,Trambler (alışdırma paylayıcısı),name_term,трамблёр распределитель зажигания
TK-003,Ehtiyat təkər (zapaska),name_term,ehtiyat təkər zapaska
KZ-020,Güzgü (yan güzgü),name_term,güzgü yan güzgü
KZ-069,Güzgüdə povorotnik (təkrarlayıcı),name_term,güzgüdə povorotnik təkrarlayıcı
TR-029,Hidrotransformator (torkon),name_term,hidrotransformator torkon
TR-029,Hidrotransformator (torkon),name_term,гидротрансформатор торкон
TR-033,Karopka borusu (şlanq),name_term,karopka borusu şlanq
RG-09,Razdatka qutusu,name_term,раздаточная коробка transfer case
TR-014,Karopka salniki (val salniki),name_term,karopka salniki val salniki
TR-014,Karopka salniki (val salniki),name_term,сальник коробки полуоси
TR-015,Rıçaq (sellektor),name_term,rıçaq sellektor
TR-015,Rıçaq (sellektor),name_term,селектор рычаг переключения передач
TR-016,Skorus/sürət trosu,name_term,skorus sürət trosu
TR-017,Friksion (paket disk),name_term,friksion paket disk
TR-017,Friksion (paket disk),name_term,фрикционные диски пакет акпп
KZ-026,Kapot amortizatoru,name_term,амортизатор упор капота
KZ-027,Krılo (qanad),name_term,krılo qanad
KZ-052,Kapot/baqaj açma trosu,name_term,kapot baqaj açma trosu
KZ-052,Kapot/baqaj açma trosu,name_term,тросик открывания капота багажника
TR-012,Kardan (ötürücü kardan valı),name_term,kardan ötürücü kardan valı
TR-012,Kardan (ötürücü kardan valı),name_term,kardan ötürücü val
TR-022,Kardan valının yastığı (podvesnoy yastıq),name_term,kardan valının yastığı podvesnoy yastıq
TR-022,Kardan valının yastığı (podvesnoy yastıq),name_term,kardan valının yastığı podvesnoy
TR-011,Bublik (flanets),name_term,bublik flanets
TR-011,Bublik (flanets),name_term,фланец карданный приводной
TR-013,Elastik mufta,name_term,эластичная муфта гибкая связь карданного вала
KZ-037,Deflektor (vetrovik),name_term,deflektor vetrovik
KZ-037,Deflektor (vetrovik),name_term,дефлектор ветровик
AK-001,Ayaqaltı (kovrik),name_term,ayaqaltı kovrik
AK-005,Baqaj xalçası/keçəsi,name_term,baqaj xalçası keçəsi
AK-005,Baqaj xalçası/keçəsi,name_term,коврик подстилка багажника
AK-034,Salon kovrolini (döşəmə örtüyü),name_term,salon kovrolini döşəmə örtüyü
AK-034,Salon kovrolini (döşəmə örtüyü),name_term,ковролин салона напольное покрытие
AK-010,Şüşə silən (əl/pərdə),name_term,şüşə silən əl pərdə
EY-001,Naklatka (əyləc bəndi),name_term,naklatka əyləc bəndi
AK-024,Təkər kolpakı,name_term,колпак колёсный декоративный
SO-033,Kompressor muftası (maqnit),name_term,kompressor muftası maqnit
EG-002,Katalizator/oksigen datçiki (lambda zond),name_term,katalizator oksigen datçiki lambda zond
EG-002,Katalizator/oksigen datçiki (lambda zond),name_term,датчик катализатора кислородный датчик лямбда зонд
EL-004,Qapı zamoku aktuatoru (mərkəzi kilid),name_term,qapı zamoku aktuatoru mərkəzi kilid
EL-004,Qapı zamoku aktuatoru (mərkəzi kilid),name_term,активатор замка центральный замок
EL-021,Baqaj/yanacaq qapağı aktuatoru (prisos),name_term,baqaj yanacaq qapağı aktuatoru prisos
EL-021,Baqaj/yanacaq qapağı aktuatoru (prisos),name_term,актуатор багажника лючка бензобака
EL-022,Baqaj/yanacaq açma düyməsi,name_term,baqaj yanacaq açma düyməsi
EL-022,Baqaj/yanacaq açma düyməsi,name_term,кнопка открытия багажника лючка
EL-003,Şüşəqaldıran düyməsi/blok,name_term,şüşəqaldıran düyməsi blok
EL-003,Şüşəqaldıran düyməsi/blok,name_term,кнопка блок стеклоподъёмника
EL-041,Qapı kilid mühərriyi,name_term,моторчик замка двери привод цз
EL-054,Yuyucu motoru (omıvatel),name_term,yuyucu motoru omıvatel
EL-072,Şüşə silənin motoru (dvornik motoru),name_term,şüşə silənin motoru dvornik motoru
EL-072,Şüşə silənin motoru (dvornik motoru),name_term,моторчик стеклоочистителя дворников
EL-043,Sükan kilid motoru,name_term,моторчик привод замка руля электронный
EL-071,Yuyucu forsunkası (jikler),name_term,yuyucu forsunkası jikler
EL-071,Yuyucu forsunkası (jikler),name_term,форсунка омывателя жиклёр
AU-008,USB/CarPlay modulu (port),name_term,usb carplay modulu port
AU-008,USB/CarPlay modulu (port),name_term,usb порт модуль carplay
AU-001,Kalonka (dinamik),name_term,kalonka dinamik
AU-001,Kalonka (dinamik),name_term,колонка динамик
AU-003,Maqnitafon (baş qurğu),name_term,maqnitafon baş qurğu
AU-003,Maqnitafon (baş qurğu),name_term,магнитола головное устройство
AU-005,Midbass (dinamik növü),name_term,midbass dinamik növü
AU-005,Midbass (dinamik növü),name_term,мидбас тип динамика
EL-023,Manitor (multimedia ekranı),name_term,manitor multimedia ekranı
AU-007,Radio panel (çərçivə),name_term,radio panel çərçivə
AU-007,Radio panel (çərçivə),name_term,накладка рамка под магнитолу монитор
EL-038,Cihazlar paneli (şit),name_term,cihazlar paneli şit
EL-038,Cihazlar paneli (şit),name_term,панель приборов щиток
AU-004,Manitorun çərçivəsi (montaj),name_term,manitorun çərçivəsi montaj
AU-006,Basofka (subvufer),name_term,basofka subvufer
AU-002,Usilitel (sesgücləndirici),name_term,usilitel sesgücləndirici
SU-001,Nakonechnik (sükan dartısı ucluğu),name_term,nakonechnik sükan dartısı ucluğu
SU-003,Almacıq (tyaqanın),name_term,almacıq tyaqanın
TY-010,Angel eyes (LED halqası),name_term,angel eyes led halqası
TY-010,Angel eyes (LED halqası),name_term,ангельские глазки led кольца в фару
TY-005,Lip (bufer alt dodağı),name_term,lip bufer alt dodağı
TY-005,Lip (bufer alt dodağı),name_term,губа бампера lip
TY-003,Body kit (tam tyuning dəsti),name_term,body kit tam tyuning dəsti
TY-003,Body kit (tam tyuning dəsti),name_term,обвес кузова body kit
TY-021,"Obves paketi (M paket, AMG, S-line)",name_term,obves paketi m paket amg s line
TY-021,"Obves paketi (M paket, AMG, S-line)",name_term,пакет обвеса m пакет amg s line
TY-009,Rəsniçka (fara üstü naklatka),name_term,rəsniçka fara üstü naklatka
TY-009,Rəsniçka (fara üstü naklatka),name_term,реснички на фары накладки брови
EL-063,Rozjiq bloku (ksenon),name_term,rozjiq bloku ksenon
EL-063,Rozjiq bloku (ksenon),name_term,блок розжига балласт ксенона
EL-066,LCM (işıq idarəetmə bloku),name_term,lcm işıq idarəetmə bloku
EL-066,LCM (işıq idarəetmə bloku),name_term,блок управления светом lcm
EL-055,Lampa patronu,name_term,патрон лампы цоколь
EL-012,Dönmə işığı qolu (kombi keçirici),name_term,dönmə işığı qolu kombi keçirici
EL-012,Dönmə işığı qolu (kombi keçirici),name_term,подрулевой переключатель света поворотников
KZ-008,Dönmə işığı (povorotnik),name_term,dönmə işığı povorotnik
KZ-046,Döşəmə paneli,name_term,панель пола перед зад центр багажник
KZ-030,Şveller (porog),name_term,şveller porog
KZ-055,Qanad genişləndiricisi (arka),name_term,qanad genişləndiricisi arka
KZ-055,Qanad genişləndiricisi (arka),name_term,расширитель арки накладка бокового обвеса
KZ-060,Döşəmə probkası (drenaj),name_term,döşəmə probkası drenaj
KZ-060,Döşəmə probkası (drenaj),name_term,сливная пробка пола дренаж
KZ-039,Emblema/logo,name_term,emblema logo
KZ-039,Emblema/logo,name_term,эмблема логотип
SO-030,Peçin vakum paylayıcısı,name_term,вакуумный распределитель актуатор заслонок печки
SO-019,Peçka zaslonkası (isitmə/ventilyasiya),name_term,peçka zaslonkası isitmə ventilyasiya
SO-019,Peçka zaslonkası (isitmə/ventilyasiya),name_term,заслонка печки отопления вентиляции
EL-018,Fan motoru (salon/peç),name_term,fan motoru salon peç
EL-018,Fan motoru (salon/peç),name_term,мотор вентилятора отопителя салона
SO-023,Peçka motoru (salon ventilyatoru),name_term,peçka motoru salon ventilyatoru
SO-023,Peçka motoru (salon ventilyatoru),name_term,моторчик вентилятор печки отопителя
SO-011,Peçin radiatoru (salon isitmə radiatoru),name_term,peçin radiatoru salon isitmə radiatoru
SO-011,Peçin radiatoru (salon isitmə radiatoru),name_term,радиатор печки отопителя салона
SO-011,Peçin radiatoru (salon isitmə radiatoru),name_term,радиатор печки отопителя
SO-034,Peç şlanqı (istilik sistemi),name_term,peç şlanqı istilik sistemi
SO-034,Peç şlanqı (istilik sistemi),name_term,шланг печки отопителя
AK-013,Brizqavik (palçıqqoruyucu),name_term,brizqavik palçıqqoruyucu
KZ-029,Podkrilnik,name_term,подкрылок локер
TY-001,Padnoşka (pilləkən),name_term,padnoşka pilləkən
TY-001,Padnoşka (pilləkən),name_term,порог подножка running board
TY-011,Elektrik padnoşka (açılıb-yığılan),name_term,elektrik padnoşka açılıb yığılan
TY-011,Elektrik padnoşka (açılıb-yığılan),name_term,электроподножка выдвижная складывающаяся
EL-008,SRS/Airbag bloku,name_term,srs airbag bloku
EL-008,SRS/Airbag bloku,name_term,блок управления airbag srs
EL-009,Airbag (yastıq),name_term,airbag yastıq
EL-074,Sərnişin airbaqı,name_term,кнопка сброса пробега trip
EL-010,Rul lenti (saat yayı),name_term,rul lenti saat yayı
EL-010,Rul lenti (saat yayı),name_term,шлейф руля clock spring
EL-062,Pərdə airbag,name_term,шторка безопасности боковая подушка
AS-023,Ötürücü val (yarımox),name_term,ötürücü val yarımox
AS-023,Ötürücü val (yarımox),name_term,приводной вал полуось
AS-008,Qranat (SHRUS),name_term,qranat shrus
MU-078,Baş silindr proklatkası (GBT),name_term,baş silindr proklatkası gbt
MU-078,Baş silindr proklatkası (GBT),name_term,прокладка гбц головки блока цилиндров
MU-098,Turbo araqatı (turbo proklatkası),name_term,turbo araqatı turbo proklatkası
MU-083,Kollektor rezinləri (forsunka altlığı),name_term,kollektor rezinləri forsunka altlığı
MU-083,Kollektor rezinləri (forsunka altlığı),name_term,резинки впускного коллектора посадочные форсунок
AS-004,Purjun (prujin),name_term,purjun prujin
SO-010,Kondisioner radiatoru,name_term,радиатор кондиционера конденсер
SO-026,İnterkuler,name_term,interkuler
SO-015,Yağ soyuducusu (radiatoru),name_term,yağ soyuducusu radiatoru
SO-015,Yağ soyuducusu (radiatoru),name_term,масляный радиатор маслоохладитель
SO-027,İnterkuler şlanqı (nadduv borusu),name_term,interkuler şlanqı nadduv borusu
SO-027,İnterkuler şlanqı (nadduv borusu),name_term,патрубок интеркулера наддув
SO-009,"Soyutma şlanqı (su, antifriz)",name_term,soyutma şlanqı su antifriz
SO-008,Antifriz baçoku (genişlənmə çəni),name_term,antifriz baçoku genişlənmə çəni
SU-016,Rul reykası remkomplekti (salnikler),name_term,rul reykası remkomplekti salnikler
SU-016,Rul reykası remkomplekti (salnikler),name_term,ремкомплект рулевой рейки сальники
SU-006,Rulevoy reyka (dişli qutusu),name_term,rulevoy reyka dişli qutusu
SU-015,Rulevoy amortizator,name_term,рулевой амортизатор внедорожники пикапы
SU-009,Rul altı keçirici (dönmə/işıq qolu),name_term,rul altı keçirici dönmə işıq qolu
SU-011,Rul (sükan çarxı),name_term,rul sükan çarxı
SU-011,Rul (sükan çarxı),name_term,руль рулевое колесо
EY-013,Ruçnoy bloku/düyməsi (elektron əl əyləci),name_term,ruçnoy bloku düyməsi elektron əl əyləci
EY-013,Ruçnoy bloku/düyməsi (elektron əl əyləci),name_term,блок кнопка электронного ручника
AS-015,Ling/Qol (əyri/düz/banan),name_term,ling qol əyri düz banan
AS-011,Sırğa (stabilizator lingi),name_term,sırğa stabilizator lingi
AS-010,Şaravoy (kula opora),name_term,şaravoy kula opora
AS-033,Razvalni bolt (ekssentrik boltu,name_term,razvalni bolt ekssentrik boltu
AS-032,Podramnik rezini (çərçivəaltı vtulkası),name_term,podramnik rezini çərçivəaltı vtulkası
AS-014,Silentblok (qolun),name_term,silentblok qolun
SR-014,Alışdırma şamı (sveça),name_term,alışdırma şamı sveça
MU-047,Dinamo (generator),name_term,dinamo generator
EL-039,Generator tənzimləyici (reле),name_term,generator tənzimləyici reле
EL-039,Generator tənzimləyici (reле),name_term,реле регулятор генератора
AS-030,Sapfa (povorotnı kulak),name_term,sapfa povorotnı kulak
AS-030,Sapfa (povorotnı kulak),name_term,поворотный кулак цапфа
AS-007,Stupitsa podşipniki,name_term,paçenik
AS-006,Stupitsa (təkər topu),name_term,stupitsa təkər topu
KZ-053,Ön şüşə su axarı (jabo),name_term,ön şüşə su axarı jabo
KZ-053,Ön şüşə su axarı (jabo),name_term,водосток лобового стекла жабо
KZ-011,Ön şüşə (patpres),name_term,ön şüşə patpres
KZ-056,Lyuk rezini,name_term,уплотнитель резинка люка
EY-004,Support təmir dəsti (toz qoruyucusu/manjet),name_term,support təmir dəsti toz qoruyucusu manjet
EY-004,Support təmir dəsti (toz qoruyucusu/manjet),name_term,ремкомплект суппорта пыльники манжеты
EY-003,Support (suport),name_term,support suport
TR-023,Maxovik vengi,name_term,венец маховика зубчатка стартера
TR-008,Vıjımnoy (buraxıcı podşipnik),name_term,vıjımnoy buraxıcı podşipnik
TR-026,Mufta hidravlik şlanqı (gidrositel borusu),name_term,mufta hidravlik şlanqı gidrositel borusu
TR-006,Feredo (mufta diski),name_term,feredo mufta diski
TR-007,Çaşqa (sıxıcı disk/korzin),name_term,çaşqa sıxıcı disk korzin
TR-007,Çaşqa (sıxıcı disk/korzin),name_term,корзина сцепления нажимной диск
TR-010,Maxovik (maxavik),name_term,maxovik maxavik
TR-010,Maxovik (maxavik),name_term,маховик махавик
AK-017,Bardaçok,name_term,бардачок перчаточный ящик
AK-003,Günəşlik (günlük),name_term,günəşlik günlük
KZ-068,Salon tavanı (dam örtüyü),name_term,salon tavanı dam örtüyü
KZ-068,Salon tavanı (dam örtüyü),name_term,обшивка потолка салона потолок
KZ-057,Peçin barmaqlıqları (ventilyasiya barmaqlığı),name_term,peçin barmaqlıqları ventilyasiya barmaqlığı
KZ-057,Peçin barmaqlıqları (ventilyasiya barmaqlığı),name_term,решётка воздуховода дефлектор панели
AK-012,Torpeda (panel),name_term,torpeda panel
AK-012,Torpeda (panel),name_term,торпедо передняя панель
SR-005,Karopka yağı (mexanika/avtomat),name_term,karopka yağı mexanika avtomat
SO-024,Kondisioner zolotniki (doldurma klapanı),name_term,kondisioner zolotniki doldurma klapanı
SO-024,Kondisioner zolotniki (doldurma klapanı),name_term,золотник клапан заправки кондиционера
MU-038,Turbo aktuatoru,name_term,актюатор турбины вестгейт
RG-13,Bypass klapanı,name_term,байпас клапан перепускной
MU-075,Turbo (nadduv) datçiki,name_term,turbo nadduv datçiki
MU-085,Turbonun qoruyucusu (zaşitniki),name_term,turbonun qoruyucusu zaşitniki
MU-085,Turbonun qoruyucusu (zaşitniki),name_term,защита кожух турбины
KZ-059,Faranın üst plasması,name_term,верхняя пластиковая накладка рамка фары
KZ-044,Gündüz işığı (DRL),name_term,gündüz işığı drl
KZ-066,Fara linzası,name_term,линза фары проекторный модуль
KZ-005,Fara (baş fara),name_term,fara baş fara
SR-004,Salon filtri (kondisioner filtri),name_term,salon filtri kondisioner filtri
SR-010,Benzin/Yanacaq filtri,name_term,benzin yanacaq filtri
YA-024,Dizel yanacaq nasosunun korpusu,name_term,корпус дизельного топливного насоса тнвд
YA-003,TNVD (yüksək təzyiqli nasos),name_term,tnvd yüksək təzyiqli nasos
YA-003,TNVD (yüksək təzyiqli nasos),name_term,тнвд насос высокого давления
MU-035,Farsunka (forsunka),name_term,farsunka forsunka
TK-008,Ventil (nippel),name_term,ventil nippel
TK-008,Ventil (nippel),name_term,вентиль ниппель для шины
TK-001,Şin (təkərin rezini),name_term,şin təkərin rezini
TK-001,Şin (təkərin rezini),name_term,шина покрышка
EY-011,ABS datçiki,synonym,teker sensoru
EY-011,ABS datçiki,synonym,abs datciki
EL-014,Park radar bloku,synonym,park radari
EL-014,Park radar bloku,synonym,on radar
EL-014,Park radar bloku,synonym,qabaq radari
EL-013,Park radar sensoru (şunuru),synonym,sunuru
EL-013,Park radar sensoru (şunuru),synonym,park radar sensoru sunuru
EL-015,Kor zona sensoru/detektoru (BSM),synonym,kor noqte bloku
EL-015,Kor zona sensoru/detektoru (BSM),synonym,kor zonali guzgu
EL-015,Kor zona sensoru/detektoru (BSM),synonym,kor zonali yan guzgu
AK-029,Arxa görüş kamerası,synonym,goruntu kamerasi
AK-029,Arxa görüş kamerası,synonym,arxa gorus kamerasi
EL-016,Zolaq tanıma kamerası,synonym,zolaq tanima kamerasi
EL-070,Faranın korrektoru (tənzimləyici motoru),synonym,tenzimleyici motoru
EL-070,Faranın korrektoru (tənzimləyici motoru),synonym,faranin korrektoru tenzimleyici motoru
AK-028,Park datçikləri,synonym,park datcikleri
RG-05,Zaslonka aktuatoru,synonym,kollektorun kepeneyinin aktuatoru
RG-05,Zaslonka aktuatoru,synonym,kepenek aktuatoru
MU-090,Drossel qapağı datçiki,synonym,drossel qapagi sensoru
MU-090,Drossel qapağı datçiki,synonym,drossel qapagi datciki
MU-034,Zaslonka,synonym,drossel qapagi
MU-034,Zaslonka,synonym,zaslonkanin disi
MU-034,Zaslonka,synonym,zaslonka disi
MU-036,EGR klapanı,synonym,egr klapani
MU-082,Boğaz rezini (zaslonkanın),synonym,zaslonkanin
MU-082,Boğaz rezini (zaslonkanın),synonym,bogaz rezini zaslonkanin
YA-007,EVAP sistemi/klapanı (yanacaq kömürü),synonym,evap klapani
YA-007,EVAP sistemi/klapanı (yanacaq kömürü),synonym,yanacaq komuru
YA-007,EVAP sistemi/klapanı (yanacaq kömürü),synonym,evap sistemi klapani yanacaq komuru
EL-030,Hibrid batareyası,synonym,hibrid batareyasi
AB-003,Akkumulyator kleması,synonym,akkumulyator klemasi
AB-004,Akkumulyator bərkitmə skobası (planka),synonym,akkumulyator berkitme skobasi planka
AB-002,Akkumulyator qoruyucusu (əsas sigorta),synonym,esas sigorta
AB-002,Akkumulyator qoruyucusu (əsas sigorta),synonym,akkumulyator qoruyucusu esas sigorta
TY-006,Coilover (sport asma dəsti),synonym,sport asma desti
TY-006,Coilover (sport asma dəsti),synonym,coilover sport asma desti
AS-022,Pnevma kompressoru,synonym,hava asqi kompressoru
TY-017,Lift kit (asma yüksəldici),synonym,lift kit asma yukseldici
AS-002,Amortizator dayaq yastığı (opora),synonym,amartizator padusqasi
AS-002,Amortizator dayaq yastığı (opora),synonym,amartizatorun padusqasi
AS-002,Amortizator dayaq yastığı (opora),synonym,amortizator yastigi
AS-002,Amortizator dayaq yastığı (opora),synonym,amortizator ust yatagi
AS-002,Amortizator dayaq yastığı (opora),synonym,amarzatorun ust dartciki
AS-002,Amortizator dayaq yastığı (opora),synonym,amortizatorun ust dartciki
AS-002,Amortizator dayaq yastığı (opora),synonym,amortizator dayaq yastigi opora
AS-031,Pnevmoasqının platası (idarəetmə bloku),synonym,idareetme bloku
AS-031,Pnevmoasqının platası (idarəetmə bloku),synonym,pnevmoasqinin platasi idareetme bloku
AS-021,Pnevmopodveska (hava balonu),synonym,pnevmopodveska hava yastigi
AS-021,Pnevmopodveska (hava balonu),synonym,pnevmopoduska
AS-003,Amortizator dayaq podşipniki,synonym,amortizator podsipniki
AS-003,Amortizator dayaq podşipniki,synonym,oporninin pativniki
AS-003,Amortizator dayaq podşipniki,synonym,amortizator dayaq podsipniki
AS-024,Amortizator pılniki,synonym,amortizator ortuyu
AS-024,Amortizator pılniki,synonym,amortizator pilniki
TY-013,Sport yay/koilover,synonym,sport yayi
SR-012,Şüşəyuyan maye (nezamerzayka),synonym,suseyuyan maye nezamerzayka
SR-013,Kondisioner kompressoru yağı,synonym,kondisioner kompressoru yagi
SR-008,Əyləc mayesi (tormoz mayesi/DOT4),synonym,eylec mayesi tormoz mayesi dot4
KZ-033,Baqaj qapısı,synonym,baqaj qapagi
KZ-033,Baqaj qapısı,synonym,baqaj qapisi
KZ-051,Baqaj qapağı menteşəsi,synonym,baqaj qapagi mentesesi
KZ-034,Baqaj daxili plastikləri,synonym,yuk yerinin uzluyu
KZ-034,Baqaj daxili plastikləri,synonym,yuk yeri plastiki
KZ-034,Baqaj daxili plastikləri,synonym,yuk yerinin plastiki
KZ-034,Baqaj daxili plastikləri,synonym,bagajin ortulen yerindeki plastik
KZ-034,Baqaj daxili plastikləri,synonym,qapilarin ve baqajin rezinleri
KZ-034,Baqaj daxili plastikləri,synonym,baqaj aynasinin amortizatoru
KZ-034,Baqaj daxili plastikləri,synonym,baqaj daxili plastikleri
KZ-070,Baqaj jaluzu (pərdəsi),synonym,perdesi
KZ-070,Baqaj jaluzu (pərdəsi),synonym,baqaj jaluzu perdesi
YA-023,Yanacaq çəninin iç qapağı,synonym,yanacaq ceninin ic qapagi
YA-023,Yanacaq çəninin iç qapağı,synonym,yanacaq doldurma bogazinin ic qapagi
YA-023,Yanacaq çəninin iç qapağı,synonym,benzin bakinin ic qapagi
YA-025,Yanacaq çəni təzyiq sensoru (EVAP təzyiqi),synonym,yanacaq ceni tezyiq sensoru evap
YA-025,Yanacaq çəni təzyiq sensoru (EVAP təzyiqi),synonym,evap tezyiqi
YA-025,Yanacaq çəni təzyiq sensoru (EVAP təzyiqi),synonym,yanacaq ceni tezyiq sensoru evap tezyiqi
YA-006,Yanacaq datçiki (səviyyə),synonym,seviyye
YA-006,Yanacaq datçiki (səviyyə),synonym,yanacaq datciki seviyye
YA-005,Benzin bakı qapağı,synonym,benzin baki qapagi
YA-005,Benzin bakı qapağı,synonym,benzin baki zamoku
YA-005,Benzin bakı qapağı,synonym,dizel bakinin qapagi
YA-008,Paplavok (yanacaq səviyyə üzgəci),synonym,yanacaq seviyye uzgeci
YA-008,Paplavok (yanacaq səviyyə üzgəci),synonym,paplavok yanacaq seviyye uzgeci
YA-004,Benzin bakı,synonym,yanacaq ceni
YA-004,Benzin bakı,synonym,benzin ceni lazimdi
YA-004,Benzin bakı,synonym,dizel bak qapagi
YA-004,Benzin bakı,synonym,benzin baki
AS-028,Tam ötürücü mufta aktuatoru,synonym,tam oturucu mufta aktuatoru
AS-018,Most (körpü),synonym,most korpu
KZ-004,Bufer daxili köpük (absorber),synonym,bufer penasi
KZ-004,Bufer daxili köpük (absorber),synonym,bufer daxili kopuk absorber
KZ-001,Bufer,synonym,bufer desti
KZ-001,Bufer,synonym,bufer plasmasi
KZ-001,Bufer,synonym,bufer plastmasi
KZ-001,Bufer,synonym,rengli buferi
KZ-001,Bufer,synonym,buferin ust hissesi
KZ-001,Bufer,synonym,alt ve ust buferi
KZ-001,Bufer,synonym,alt ust buferi
KZ-079,Buksir yeri qapağı,synonym,buksir qapagi
KZ-079,Buksir yeri qapağı,synonym,buksir yerinin qapagi
KZ-079,Buksir yeri qapağı,synonym,buksur qapagi
KZ-079,Buksir yeri qapağı,synonym,qosqu yeri qapagi
KZ-079,Buksir yeri qapağı,synonym,buksir yeri qapagi
KZ-002,Bufer kronşteyni (salaska),synonym,bufer kirsesi
KZ-002,Bufer kronşteyni (salaska),synonym,bufer salaskasi
KZ-002,Bufer kronşteyni (salaska),synonym,bufer sancagi
KZ-002,Bufer kronşteyni (salaska),synonym,fara kirsesi
KZ-002,Bufer kronşteyni (salaska),synonym,kirse
KZ-002,Bufer kronşteyni (salaska),synonym,on bamperin yan kroncteyi
KZ-002,Bufer kronşteyni (salaska),synonym,bamperin yan kronsteyni
KZ-002,Bufer kronşteyni (salaska),synonym,on bufer subaru impreza
KZ-002,Bufer kronşteyni (salaska),synonym,qabaq abircofka
KZ-002,Bufer kronşteyni (salaska),synonym,abircofka
KZ-002,Bufer kronşteyni (salaska),synonym,bufer kronsteyni salaska
KZ-076,Bufer altlığı (ətək),synonym,bamperin alt qoruyucu lovhesi
KZ-076,Bufer altlığı (ətək),synonym,bamperin asagi hissesi
KZ-076,Bufer altlığı (ətək),synonym,bamperin asagi korpus hissesi
KZ-076,Bufer altlığı (ətək),synonym,bufer alt hissesi
KZ-076,Bufer altlığı (ətək),synonym,bufer altligi
KZ-076,Bufer altlığı (ətək),synonym,bufer altligi etek
KZ-076,Bufer altlığı (ətək),synonym,bufer alti
KZ-076,Bufer altlığı (ətək),synonym,bufer alti qoruyucusu
KZ-076,Bufer altlığı (ətək),synonym,bufer eteyi
KZ-076,Bufer altlığı (ətək),synonym,buferin alt hissesi
KZ-003,Bufer üzlüyü (abrisofka),synonym,bufer uzluyu abrisofka
KZ-085,Bufer dayağı,synonym,bamper dayagi
KZ-085,Bufer dayağı,synonym,bamperin dayagi
KZ-085,Bufer dayağı,synonym,buferin dayagi
KZ-085,Bufer dayağı,synonym,bufer dayagi
KZ-086,Bufer barmaqlığı,synonym,bamper barmaqligi
KZ-086,Bufer barmaqlığı,synonym,bamperin barmaqligi
KZ-086,Bufer barmaqlığı,synonym,bufer alti barmaqligi
KZ-086,Bufer barmaqlığı,synonym,buferin alt barmaqligi
KZ-086,Bufer barmaqlığı,synonym,buferin barmaqligi
KZ-086,Bufer barmaqlığı,synonym,bufer barmaqligi
KZ-043,Bufer gücləndiricisi (arma),synonym,bamper guclendiricisi
KZ-043,Bufer gücləndiricisi (arma),synonym,bufer guclendiricisi
KZ-043,Bufer gücləndiricisi (arma),synonym,bufer guclendiricisi arma
YA-009,Geri qaytarma klapanı (obratka),synonym,geri qaytarma klapani obratka
YA-010,Yanacaq təzyiq requlyatoru,synonym,yanacaq tezyiq requlyatoru
YA-012,Yanacaq şlanqı,synonym,yanacaq xetti borusu
YA-012,Yanacaq şlanqı,synonym,yanacaq xetti
YA-012,Yanacaq şlanqı,synonym,yanacaq slanqi
SO-002,Radiator ventilyatoru (elektroventilyator),synonym,elektroper
SO-002,Radiator ventilyatoru (elektroventilyator),synonym,hava peri
SO-002,Radiator ventilyatoru (elektroventilyator),synonym,radiator peri
SO-002,Radiator ventilyatoru (elektroventilyator),synonym,soyutma peri
SO-002,Radiator ventilyatoru (elektroventilyator),synonym,radiator ucun elektro soyutma peri
SO-003,Radiator pərinin relesi,synonym,radiator perinin relesi
EG-011,Egzoz gofrası,synonym,egzoz gofrasi
EG-010,Qəbul borusu (priyomnaya truba),synonym,qebul borusu priyomnaya truba
YA-022,VZU (qaz doldurma qurğusu),synonym,qaz doldurma qurgusu
YA-022,VZU (qaz doldurma qurğusu),synonym,vzu qaz doldurma qurgusu
YA-020,Qaz magistralı (yüksək təzyiq borusu),synonym,yuksek tezyiq borusu
YA-020,Qaz magistralı (yüksək təzyiq borusu),synonym,forsunka trubkasi
YA-020,Qaz magistralı (yüksək təzyiq borusu),synonym,dizel trubkasi
YA-020,Qaz magistralı (yüksək təzyiq borusu),synonym,yuksek tezyiq trubkasi
YA-020,Qaz magistralı (yüksək təzyiq borusu),synonym,qaz magistrali yuksek tezyiq borusu
YA-014,Qaz forsunkası,synonym,qaz forsunkasi
YA-013,Qaz reduktoru (buxarlandırıcı),synonym,buxarlandirici
YA-013,Qaz reduktoru (buxarlandırıcı),synonym,qaz reduktoru buxarlandirici
YA-017,Yanacaq növü keçid düyməsi (qaz/benzin),synonym,yanacaq novu kecid duymesi qaz benzin
YA-021,Elektromaqnit qaz klapanı,synonym,elektromaqnit qaz klapani
RG-07,Silindr başlığı boltları,synonym,silindr basligi boltlari
RG-07,Silindr başlığı boltları,synonym,silindr basligi berkidici boltlari
RG-07,Silindr başlığı boltları,synonym,qalofka boltlari
RG-07,Silindr başlığı boltları,synonym,gbc boltlari
RG-04,Hava borusu (hava filtri şlanqı),synonym,hava slanqi
RG-04,Hava borusu (hava filtri şlanqı),synonym,hava daxil slanqi
RG-04,Hava borusu (hava filtri şlanqı),synonym,hava borusu hava filtri slanqi
MU-062,Baş (silindr blokunun başı),synonym,silindr blokunun basi
MU-062,Baş (silindr blokunun başı),synonym,muherrik basligi
MU-062,Baş (silindr blokunun başı),synonym,bas silindr blokunun basi
MU-013,Üst krişka (klapan qapağı),synonym,klapan qapagi
MU-013,Üst krişka (klapan qapağı),synonym,ust kriska klapan qapagi
MU-051,Membran (PCV klapanı),synonym,pcv klapani
MU-051,Membran (PCV klapanı),synonym,membran pcv klapani
RG-11,Klapan qapağı membranı,synonym,klapan qapagi membrani klapan qapagi diafraqmasi pcv membrani karter qazi membrani karter ventilyasiya membrani valve cover membrane valve cover diaphragm pcv diaphragm мембрана клапанной крышки диафрагма клапанной крышки мембрана pcv мембрана вентиляции картерных газов
RG-11,Klapan qapağı membranı,synonym,klapan qapagi membrani
RG-11,Klapan qapağı membranı,synonym,klapan qapagi diafraqmasi
RG-11,Klapan qapağı membranı,synonym,pcv membrani
RG-11,Klapan qapağı membranı,synonym,karter qazi membrani
RG-11,Klapan qapağı membranı,synonym,karter ventilyasiya membrani
MU-064,Klapan yayı,synonym,klapan yayi
MU-099,Klapan itələyici,synonym,klapan iteleyici
MU-061,Zəncir başmağı (sep başmağı),synonym,sep basmagi
MU-061,Zəncir başmağı (sep başmağı),synonym,zencir basmagi sep basmagi
MU-093,Qrm krışkası (paylama qapağı),synonym,kriska qrm
MU-093,Qrm krışkası (paylama qapağı),synonym,paylama qapagi
MU-093,Qrm krışkası (paylama qapağı),synonym,qrm kriskasi paylama qapagi
MU-022,Natijitel (natyajnoy),synonym,gerginlesdirici
MU-022,Natijitel (natyajnoy),synonym,kemer tarimlayicisi
MU-022,Natijitel (natyajnoy),synonym,kemer tenzimleyici
MU-022,Natijitel (natyajnoy),synonym,kemer tenzimleyicisi
MU-022,Natijitel (natyajnoy),synonym,kemer tarimlayici
MU-052,Zəncir gərginləşdiricisi,synonym,zencir darticisi
MU-052,Zəncir gərginləşdiricisi,synonym,zencir gerginlesdiricisi
MU-020,Çöl remen (dinamo remeni),synonym,dinamo kemeri
MU-020,Çöl remen (dinamo remeni),synonym,col kemeri
MU-020,Çöl remen (dinamo remeni),synonym,col kemer
MU-020,Çöl remen (dinamo remeni),synonym,col remen dinamo remeni
MU-019,İç remen (dişli qayış),synonym,disli qayis
MU-019,İç remen (dişli qayış),synonym,ic kemeri
MU-019,İç remen (dişli qayış),synonym,ic kemer desti
MU-019,İç remen (dişli qayış),synonym,ic kemer
MU-019,İç remen (dişli qayış),synonym,muherrik ic disli kemeri
MU-019,İç remen (dişli qayış),synonym,ic remen disli qayis
MU-023,Rolik,synonym,gerginlik roliki
MU-023,Rolik,synonym,kemer roliki
MU-023,Rolik,synonym,nizamlayici carx
MU-023,Rolik,synonym,nizamlayici carxi
MU-023,Rolik,synonym,kemer tarimlayici roliki
MU-055,Zəncir (vaxtlama zənciri),synonym,vaxtlama zenciri
MU-055,Zəncir (vaxtlama zənciri),synonym,benzin zencir desti
MU-055,Zəncir (vaxtlama zənciri),synonym,dizel zencir desti
MU-055,Zəncir (vaxtlama zənciri),synonym,muherrik zencir desti
MU-055,Zəncir (vaxtlama zənciri),synonym,muherrik zenciri
MU-055,Zəncir (vaxtlama zənciri),synonym,zencir desti
MU-055,Zəncir (vaxtlama zənciri),synonym,muherrikin sepi komplekt
MU-055,Zəncir (vaxtlama zənciri),synonym,sep kriskasi
MU-055,Zəncir (vaxtlama zənciri),synonym,zencir vaxtlama zenciri
MU-069,Zəncir dişli çarxı,synonym,paylayici valin qasnagi
MU-069,Zəncir dişli çarxı,synonym,muherrik paylayici valin qasnagi
MU-069,Zəncir dişli çarxı,synonym,zencir disli carxi
MU-021,Şkif,synonym,dinamonun skifi
MU-021,Şkif,synonym,muherrik skifi
MU-021,Şkif,synonym,dinamo skifi
MU-021,Şkif,synonym,pompa skifi
MU-021,Şkif,synonym,skif
SU-014,Rulevoy baçoku,synonym,hidravlik guclendirici ceni
SU-014,Rulevoy baçoku,synonym,hidrovlik ceni
SU-014,Rulevoy baçoku,synonym,rulevoy bacoku
SU-005,Rulevoy usilitel (gidrousilitel),synonym,dizel hidroguclendiricisi
SU-005,Rulevoy usilitel (gidrousilitel),synonym,hidroguclendirici
SU-007,Rulevoy motoru (elektrik gücləndirici),synonym,elektrik guclendirici
SU-007,Rulevoy motoru (elektrik gücləndirici),synonym,rulevoy motoru elektrik guclendirici
SU-013,Rulevoy şlanqı,synonym,rulevoy slanqi
EY-014,Tormoz mayesi baçoku,synonym,tormoz mayesi bacoku
EY-015,Vakum nasosu,synonym,vakuum yaradani
EY-015,Vakum nasosu,synonym,vakuum yaradan pompasi
EY-015,Vakum nasosu,synonym,vakuum yaradicisi
EY-015,Vakum nasosu,synonym,vakuumyaradani
EY-006,Vakum (tormoz gücləndiricisi),synonym,tormoz guclendiricisi
EY-006,Vakum (tormoz gücləndiricisi),synonym,vakum tormoz guclendiricisi
EY-007,Qlavnı silindir,synonym,qlavni tormuz
EY-007,Qlavnı silindir,synonym,qlavni silindiri
EY-007,Qlavnı silindir,synonym,glavni tormoz
EY-007,Qlavnı silindir,synonym,glavni silindir
EY-007,Qlavnı silindir,synonym,tormuz bacoku silindiri
EY-007,Qlavnı silindir,synonym,eylecin qlavnisi
EY-007,Qlavnı silindir,synonym,eylec qlavnisi
EY-007,Qlavnı silindir,synonym,eylecin esas silindiri
EY-007,Qlavnı silindir,synonym,eylec bas silindri
EY-007,Qlavnı silindir,synonym,bas eylec silindri
EY-007,Qlavnı silindir,synonym,esas eylec silindri
EY-017,Tormoz mayesi səviyyə datçiki,synonym,tormoz mayesi seviyye datciki
EY-019,Arxa əyləc silindri (baraban),synonym,arxa eylec silindri
EY-019,Arxa əyləc silindri (baraban),synonym,arxa eylec silindri baraban
EY-009,Tormuz şlankı,synonym,eylec slanqi
EY-009,Tormuz şlankı,synonym,tormoz slanqi
EY-009,Tormuz şlankı,synonym,eylec slanki
EY-009,Tormuz şlankı,synonym,tormuz slanki
EL-065,AKPP bloku (sürət qutusunun beyni),synonym,suret qutusunun beyni
EL-065,AKPP bloku (sürət qutusunun beyni),synonym,akpp bloku suret qutusunun beyni
EL-059,Tam ötürücü mufta bloku,synonym,tam oturucu mufta bloku
TR-005,Karopka datçiki (təzyiq/sürət),synonym,suret
TR-005,Karopka datçiki (təzyiq/sürət),synonym,tezyiq
TR-005,Karopka datçiki (təzyiq/sürət),synonym,tezyiq suret
TR-005,Karopka datçiki (təzyiq/sürət),synonym,karopka datciki tezyiq suret
TR-030,Karopkanın temperatur datçiki,synonym,karopkanin temperatur datciki
TR-030,Karopkanın temperatur datçiki,synonym,karofkanin tempurator daciki
TR-030,Karopkanın temperatur datçiki,synonym,karopka temperatur datciki
RG-06,Mexatronik (DSG idarəetmə bloku),synonym,mexatronik dsg idareetme bloku
TR-018,Solenoid (karopka klapanı),synonym,karopka klapani
TR-018,Solenoid (karopka klapanı),synonym,solenoid karopka klapani
EG-003,Qluşitel (susdurucu),synonym,sesbogucu
EG-003,Qluşitel (susdurucu),synonym,qlusitel susdurucu
EG-009,Səsboğucu ucluğu (müştük),synonym,mustuk
EG-009,Səsboğucu ucluğu (müştük),synonym,sesbogucu basligi
EG-009,Səsboğucu ucluğu (müştük),synonym,sesbogucu uclugu mustuk
EG-007,Qluşitel/egzoz asqısı (podvesnoy rezini),synonym,qlusitel asqisi
EG-007,Qluşitel/egzoz asqısı (podvesnoy rezini),synonym,egzoz asqisi
EG-007,Qluşitel/egzoz asqısı (podvesnoy rezini),synonym,sesbogucu rezini
EG-007,Qluşitel/egzoz asqısı (podvesnoy rezini),synonym,qlusitel egzoz asqisi podvesnoy rezini
EG-008,Qluşitel praklatkası,synonym,qlusitel praklatkasi
TK-005,TPMS sensoru (təkər hava sensoru),synonym,teker hava sensoru
TK-005,TPMS sensoru (təkər hava sensoru),synonym,tpms sensoru teker hava sensoru
MU-042,Yağ təzyiqi sensoru,synonym,yag tezyiqi sensoru
MU-044,Detonasiya datçiki,synonym,detonasiya datciki
MU-040,Kalenval datçiki,synonym,dirsekli val sensoru
MU-040,Kalenval datçiki,synonym,kalenvalin sensoru
MU-040,Kalenval datçiki,synonym,qalvalin daciqi
MU-040,Kalenval datçiki,synonym,kalenval datciki
MU-041,Raspredval datçiki,synonym,paylayici valin sensoru
MU-041,Raspredval datçiki,synonym,raspredval datciki
MU-033,Vozduxamer (MAF sensoru),synonym,hava olceni
MU-033,Vozduxamer (MAF sensoru),synonym,havaolcen
MU-033,Vozduxamer (MAF sensoru),synonym,havaolcen sensoru
MU-095,Yağ səviyyəsi sensoru,synonym,yag seviyyesi sensoru
MU-088,Boş gediş datçiki,synonym,bos gedis datciki
RG-08,Şarj bloku (OBC),synonym,sarj bloku obc
EL-067,Yaddaşlı oturacaq bloku,synonym,yaddasli oturacaq bloku
EL-080,Aktuator idarəetmə bloku,synonym,aktuator idareetme bloku
EL-006,Mühərrik idarəetmə bloku (ECU),synonym,muherrik idareetme bloku ecu
EL-007,BCM (kuzov idarəetmə bloku),synonym,kuzov idareetme bloku
EL-007,BCM (kuzov idarəetmə bloku),synonym,bcm kuzov idareetme bloku
EL-037,Stop siqnal açarı (laqruşka),synonym,laqruska
EL-037,Stop siqnal açarı (laqruşka),synonym,stop siqnal acari laqruska
EL-017,Yağış sensoru,synonym,yagis sensoru
RG-12,NOx sensoru,synonym,nox datciki
RG-12,NOx sensoru,synonym,azot oksidleri datciki
EL-081,İşıq sensoru,synonym,isiq sensoru
EL-027,Sürət sensoru (spidometr),synonym,suret sensoru spidometr
SO-016,Su temperaturu datçiki,synonym,su temperaturu datciki
EL-069,Yuyucu mayesi səviyyə datçiki,synonym,yuyucu mayesi seviyye datciki
EL-079,OBD diaqnostika yuvası,synonym,obd diaqnostika yuvasi
EL-046,Avariya düyməsi,synonym,avariya duymesi
EL-011,Multi rul düymələri,synonym,multi rul duymeleri
EL-045,Qapı konsevigi (açıq qapı datçiki),synonym,aciq qapi datciki
EL-045,Qapı konsevigi (açıq qapı datçiki),synonym,qapi konsevigi aciq qapi datciki
RG-10,Qoruyucu bloku qapağı,synonym,qoruyucu blokun qapagi
RG-10,Qoruyucu bloku qapağı,synonym,sigorta qutusunun qapagi
RG-10,Qoruyucu bloku qapağı,synonym,predaxranitel bloku qapagi
RG-10,Qoruyucu bloku qapağı,synonym,qoruyucu bloku qapagi
EL-078,DC-DC gərginlik çeviricisi,synonym,dc dc gerginlik ceviricisi
EL-032,Naqillər/ştekerlər (provodka),synonym,start stop duymesinin oboymasi
EL-032,Naqillər/ştekerlər (provodka),synonym,beyinden daciklere geden umumi sunur
EL-032,Naqillər/ştekerlər (provodka),synonym,umumi sunur sistemi
EL-032,Naqillər/ştekerlər (provodka),synonym,zbor beyin mobilzator ile
EL-032,Naqillər/ştekerlər (provodka),synonym,naqiller stekerler provodka
EL-050,Şotka relesi,synonym,sotka relesi
EL-052,Povorotnik relesi,synonym,donme isigi relesi
EL-053,Qızdırıcı şam relesi,synonym,qizdirici sam relesi
EL-026,Elektron qaz pedalı,synonym,qaz pedali
EL-026,Elektron qaz pedalı,synonym,elektron qaz pedali
EL-033,Oturacaq/sükan qızdırıcı-soyuducu bloku,synonym,oturacaq qizdirici soyuducu bloku
EL-033,Oturacaq/sükan qızdırıcı-soyuducu bloku,synonym,sukan qizdirici soyuducu bloku
EL-033,Oturacaq/sükan qızdırıcı-soyuducu bloku,synonym,oturacaq sukan qizdirici soyuducu bloku
EL-019,Kondisioner idarəetmə bloku (klimat kontrol),synonym,isti soyuqa ceviren modulyator
EL-019,Kondisioner idarəetmə bloku (klimat kontrol),synonym,kondisioner idareetme bloku klimat kontrol
EL-020,Kondisioner datçiki,synonym,kondisioner datciki
RG-01,Çöl temperatur datçiki,synonym,col temperatur datciki
RG-01,Çöl temperatur datçiki,synonym,col temperatur sensoru
RG-01,Çöl temperatur datçiki,synonym,col temperatur sensor
RG-01,Çöl temperatur datçiki,synonym,col hava temperatur datciki
RG-01,Çöl temperatur datçiki,synonym,col hava temperatur sensoru
RG-01,Çöl temperatur datçiki,synonym,xarici temperatur datciki
EL-068,Kondisionerin hava axını datçiki,synonym,kondisionerin hava axini datciki
KZ-015,Qapı (polotno),synonym,qapi
KZ-015,Qapı (polotno),synonym,qapi polotno
KZ-017,Qapı zamoku,synonym,qapi kilidi
KZ-017,Qapı zamoku,synonym,qapi zamoku
KZ-045,Şüşəqaldıran mexanizm,synonym,suse qaldiran mexanizimi
KZ-045,Şüşəqaldıran mexanizm,synonym,suse qaldirani
KZ-045,Şüşəqaldıran mexanizm,synonym,qapi suse qaldirici mexanizmi
KZ-045,Şüşəqaldıran mexanizm,synonym,suse qaldirici
KZ-045,Şüşəqaldıran mexanizm,synonym,suseqaldiran mexanizm
KZ-019,Qapı kartası,synonym,qapi kartasi
KZ-058,Qapı fiksatoru,synonym,qapi fiksatoru
KZ-041,Qapı menteşəsi,synonym,qapi petlesi
KZ-041,Qapı menteşəsi,synonym,qapi mentesesi
KZ-016,Qapı ruçkası,synonym,qapi tutacagi
KZ-016,Qapı ruçkası,synonym,qapi desteyi
KZ-016,Qapı ruçkası,synonym,qapinin xarici tutacagi
KZ-016,Qapı ruçkası,synonym,ic qapi desteyi
KZ-016,Qapı ruçkası,synonym,qapi elceyi
KZ-016,Qapı ruçkası,synonym,qapi elcegi
KZ-016,Qapı ruçkası,synonym,qapi ruckasi
KZ-018,Qapı rezini,synonym,qapi ve baqaj rezini
KZ-018,Qapı rezini,synonym,qapi rezini
KZ-061,Şüşəqaldıran cerviyakı (val),synonym,suse qaldiran trosu
KZ-061,Şüşəqaldıran cerviyakı (val),synonym,suse qaldiran tros
KZ-061,Şüşəqaldıran cerviyakı (val),synonym,susenin trosu
KZ-061,Şüşəqaldıran cerviyakı (val),synonym,suseqaldiran zencir
KZ-061,Şüşəqaldıran cerviyakı (val),synonym,suseqaldiran cerviyaki val
MU-010,Balans valı,synonym,balans vali
MU-006,Vkladış,synonym,satun yatagi
MU-006,Vkladış,synonym,vkladis
MU-001,Mühərrik,synonym,muherrik
MU-068,Blok tıxacı (çopik),synonym,copik
MU-068,Blok tıxacı (çopik),synonym,blok tixaci copik
MU-053,Mühərrik alt qoruyucusu,synonym,matorun alt zasitniki usten cixma
MU-053,Mühərrik alt qoruyucusu,synonym,muherrik alt qoruyucusu
MU-097,Yağ filtrinin qoruyucusu,synonym,yag filtrinin qoruyucusu
MU-009,Karter,synonym,muherrik karteri
MU-096,Yağ təzyiqi klapanı,synonym,yag tezyiqi klapani
MU-002,Kalenval,synonym,dirsekli val
MU-002,Kalenval,synonym,dirsekli vali
MU-002,Kalenval,synonym,muherrikin dirsekli vali
MU-059,Hava filtri qutusu (korpus),synonym,hava filter qabi
MU-059,Hava filtri qutusu (korpus),synonym,hava filteri qabi
MU-059,Hava filtri qutusu (korpus),synonym,hava qabi
MU-059,Hava filtri qutusu (korpus),synonym,havaolcen qabi
MU-059,Hava filtri qutusu (korpus),synonym,hava filteri qazani
MU-059,Hava filtri qutusu (korpus),synonym,hava filtri qabi
MU-059,Hava filtri qutusu (korpus),synonym,hava filtri qazani
MU-029,Yağ filtri korpusu (kitabça),synonym,kitabca
MU-029,Yağ filtri korpusu (kitabça),synonym,yag kitabcasi
MU-029,Yağ filtri korpusu (kitabça),synonym,yag kitabcasi korpusu
MU-029,Yağ filtri korpusu (kitabça),synonym,yag kitabi
MU-029,Yağ filtri korpusu (kitabça),synonym,yag filterinin korpusu
MU-029,Yağ filtri korpusu (kitabça),synonym,yag filteri korpusu kitabca
MU-029,Yağ filtri korpusu (kitabça),synonym,yag filtrinin korpusu
MU-029,Yağ filtri korpusu (kitabça),synonym,yag filtri korpusu kitabca
MU-074,Mühərrik qapağı (dekorativ),synonym,muherrik qapagi
MU-074,Mühərrik qapağı (dekorativ),synonym,muherrik ust qapagi
MU-074,Mühərrik qapağı (dekorativ),synonym,ust muherrik qapagi
MU-074,Mühərrik qapağı (dekorativ),synonym,muherrik ortuyu qapagi
MU-074,Mühərrik qapağı (dekorativ),synonym,muherrik qapagi dekorativ
MU-057,Yağ qapağı (maslozalivnaya qapaq),synonym,muherrik yag qapagi
MU-057,Yağ qapağı (maslozalivnaya qapaq),synonym,yag qapagi maslozalivnaya qapaq
MU-067,Yağ nasosu sorucu borusu (setka),synonym,yag nasosu sorucu borusu setka
MU-066,Porşen soyutma forsunkası,synonym,porsen soyutma forsunkasi
MU-027,Yağ nasosu,synonym,yag nasosu
MU-084,VANOS-a gedən yağ şlanqı,synonym,vanos a geden yag slanqi
MU-056,Yağ çubuğu,synonym,yag cubugu
MU-089,Hava borusu (patrubok),synonym,havaolcen borusu
MU-076,Aypara şayba (şponka),synonym,sponka
MU-076,Aypara şayba (şponka),synonym,aypara sayba sponka
MU-004,Porşen,synonym,muherrik porseni
MU-004,Porşen,synonym,porsen
MU-008,Kladiş (porşen barmağı),synonym,porsen barmagi
MU-008,Kladiş (porşen barmağı),synonym,kladis porsen barmagi
MU-005,Kolsa,synonym,porsen halqasi
MU-005,Kolsa,synonym,porsen halqalari
MU-005,Kolsa,synonym,porsen halqa desti
MU-005,Kolsa,synonym,halqa desti
MU-005,Kolsa,synonym,porsen uzugu
MU-005,Kolsa,synonym,porsen uzukleri
MU-005,Kolsa,synonym,uzuk desti
MU-005,Kolsa,synonym,kolca
MU-005,Kolsa,synonym,kolca desti
MU-003,Raspredval,synonym,muherrik paylayici vali
MU-003,Raspredval,synonym,paylayici val
MU-003,Raspredval,synonym,paylayici vali
MU-003,Raspredval,synonym,cixis paylayici vali
MU-071,Kalenvalın upor şaybaları,synonym,kalenvalin upor saybalari
MU-007,Şatun,synonym,satun
AK-020,Papiros yandırıcı (prikurivatel),synonym,papiros yandirici prikurivatel
AK-016,Joystic (sürət qutusu dekoru),synonym,suret qutusu dekoru
AK-016,Joystic (sürət qutusu dekoru),synonym,joystic suret qutusu dekoru
AK-045,Təhlükəsizlik kəməri aldadıcısı,synonym,tehlukesizlik kemeri aldadicisi
TY-012,Karbon salon üzlüyü (dekor),synonym,karbon salon uzluyu dekor
AK-047,Oturacaq arası ciblik,synonym,oturacaq arasi ciblik
AK-040,Salon zibil qabı,synonym,salon zibil qabi
AK-041,Panel örtüyü,synonym,panel ortuyu
AK-043,Pedal üzlüyü,synonym,pedal uzluyu
AK-048,Kəmər qoruyucusu,synonym,kemer qoruyucusu
AK-022,Rul üzlüyü (oplyotka),synonym,rul uzluyu oplyotka
AK-015,Maşın plonkası (folya),synonym,masin plonkasi folya
AK-008,Stəkan tutacağı,synonym,stekan tutacagi
AK-032,Eynək qutusu (açki qabı),synonym,acki qabi
AK-032,Eynək qutusu (açki qabı),synonym,eynek qutusu acki qabi
AK-036,Tavan arakəsməsi (eninə duqa),synonym,enine duqa
AK-036,Tavan arakəsməsi (eninə duqa),synonym,tavan arakesme
AK-036,Tavan arakəsməsi (eninə duqa),synonym,tavan arakesmeleri
AK-036,Tavan arakəsməsi (eninə duqa),synonym,tavan arakesmesi
AK-036,Tavan arakəsməsi (eninə duqa),synonym,tavan arakesmesi enine duqa
AK-011,Nömrə altlığı/kantı,synonym,nomre altligi
AK-011,Nömrə altlığı/kantı,synonym,nomre kanti
AK-011,Nömrə altlığı/kantı,synonym,nomre alti
AK-011,Nömrə altlığı/kantı,synonym,nomre qabi
AK-011,Nömrə altlığı/kantı,synonym,nomre altisi
AK-011,Nömrə altlığı/kantı,synonym,nomre altligi kanti
AK-009,Reylinq (dam üstü baqaj),synonym,dam ustu baqaj
AK-009,Reylinq (dam üstü baqaj),synonym,dam duqasi
AK-009,Reylinq (dam üstü baqaj),synonym,tavan duqasi
AK-009,Reylinq (dam üstü baqaj),synonym,dam ucun baqaj
AK-009,Reylinq (dam üstü baqaj),synonym,dam ucun port baqaj
AK-009,Reylinq (dam üstü baqaj),synonym,pikap ucun baqaj duqa
AK-009,Reylinq (dam üstü baqaj),synonym,baqaj duqasi
AK-009,Reylinq (dam üstü baqaj),synonym,reylinq dam ustu baqaj
AK-042,Günəş pərdəsi (yan şüşə),synonym,gunes perdesi yan suse
KZ-038,Kant (xrom kant),synonym,bufer kanti
KZ-038,Kant (xrom kant),synonym,bufer xrom kanti
KZ-038,Kant (xrom kant),synonym,bufer ustu nikeli
KZ-038,Kant (xrom kant),synonym,fara kanti
KZ-038,Kant (xrom kant),synonym,qapi alti nikeli
KZ-038,Kant (xrom kant),synonym,qapi kanti
KZ-038,Kant (xrom kant),synonym,xrom kanti
KZ-038,Kant (xrom kant),synonym,radiator barmaqligi nikeli
AK-033,Barsetka (mərkəzi konsol qutusu),synonym,merkezi konsol qutusu
AK-033,Barsetka (mərkəzi konsol qutusu),synonym,qolalti
AK-033,Barsetka (mərkəzi konsol qutusu),synonym,barsetka merkezi konsol qutusu
AK-044,Açar qabı (açar korpusu),synonym,acar qabi acar korpusu
TK-007,Təkər boltu/qaykası,synonym,teker boltu
TK-007,Təkər boltu/qaykası,synonym,teker qaykasi
TK-007,Təkər boltu/qaykası,synonym,teker boltu qaykasi
TK-002,Disk (təkər diski),synonym,teker diski
TK-002,Disk (təkər diski),synonym,disk teker diski
TK-006,Spacer (təkər araqatı),synonym,teker araqati
TK-006,Spacer (təkər araqatı),synonym,spacer teker araqati
TK-009,Sekretka,synonym,sekretka teker
EY-018,Əyləc diskinin toz qoruyucusu (ayna),synonym,eylec diskinin toz qoruyucusu ayna
EY-002,Apornu (əyləc diski),synonym,eylec diski
EY-002,Apornu (əyləc diski),synonym,apornu eylec diski
TY-002,Duqa (kенгурятник),synonym,offroad arkasi
TY-002,Duqa (kенгурятник),synonym,ofroad arkasi
TY-014,Roll bar (bağaj qövsü),synonym,baqaj ucun rollbar
TY-014,Roll bar (bağaj qövsü),synonym,roll bar bagaj qovsu
TW-001,Qoşqu qurğusu,synonym,qosqu qurgusu
KZ-049,Əlavə stop (üçüncü stop),synonym,ucuncu stop
KZ-049,Əlavə stop (üçüncü stop),synonym,baqajin ustundeki stop
KZ-049,Əlavə stop (üçüncü stop),synonym,spoylerdeki stop
KZ-049,Əlavə stop (üçüncü stop),synonym,yuxaridaki stop
KZ-049,Əlavə stop (üçüncü stop),synonym,ust stop
KZ-049,Əlavə stop (üçüncü stop),synonym,arxa ust stop
KZ-049,Əlavə stop (üçüncü stop),synonym,merkezi stop isigi
KZ-049,Əlavə stop (üçüncü stop),synonym,merkezi stopu
KZ-049,Əlavə stop (üçüncü stop),synonym,merkezi isiq
KZ-049,Əlavə stop (üçüncü stop),synonym,orta stop isigi
KZ-049,Əlavə stop (üçüncü stop),synonym,baqaj ustu stopu
KZ-049,Əlavə stop (üçüncü stop),synonym,elave stop ucuncu stop
KZ-007,Stop (arxa fənər),synonym,arxa fener
KZ-007,Stop (arxa fənər),synonym,stop farasi
KZ-007,Stop (arxa fənər),synonym,stop isigi
KZ-007,Stop (arxa fənər),synonym,stop lampasi
KZ-007,Stop (arxa fənər),synonym,xarici stop isigi
KZ-007,Stop (arxa fənər),synonym,daxili stop isigi
KZ-007,Stop (arxa fənər),synonym,stayl stop isigi
KZ-007,Stop (arxa fənər),synonym,style stop farasi
KZ-007,Stop (arxa fənər),synonym,baqaj stop isigi
KZ-007,Stop (arxa fənər),synonym,qanad stop isigi
KZ-007,Stop (arxa fənər),synonym,premier stop isigi
KZ-007,Stop (arxa fənər),synonym,baqajin stop isigi
KZ-007,Stop (arxa fənər),synonym,stop arxa fener
KZ-009,Reflektor,synonym,bufer eksetdirici isigi
KZ-009,Reflektor,synonym,bufer eksetdiricisi
KZ-009,Reflektor,synonym,eksetdirici
KZ-009,Reflektor,synonym,eksetdirici isigi
KZ-009,Reflektor,synonym,esketdirici
KZ-009,Reflektor,synonym,isiq eksetdiricisi
KZ-063,Arxa fənərin platası (LED),synonym,arxa fenerin platasi led
KZ-048,Stop şüşəsi,synonym,stop susesi
MU-058,Şam naqili (yüksək gərginlik naqili),synonym,yuksek gerginlik naqili
MU-058,Şam naqili (yüksək gərginlik naqili),synonym,sam naqili yuksek gerginlik naqili
MU-025,Babin (bobin),synonym,alisdirma bobini
MU-026,Kalyan (bobin başlığı),synonym,bobin basligi
MU-026,Kalyan (bobin başlığı),synonym,bobin mustuyu
MU-026,Kalyan (bobin başlığı),synonym,kalyan bobin basligi
MU-054,Qızdırıcı şam,synonym,dizel qizdirici sami
MU-054,Qızdırıcı şam,synonym,qizdirici sam
MU-060,Trambler (alışdırma paylayıcısı),synonym,alisdirma paylayicisi
MU-060,Trambler (alışdırma paylayıcısı),synonym,trambler alisdirma paylayicisi
TK-003,Ehtiyat təkər (zapaska),synonym,ehtiyat teker zapaska
AK-014,Zapas təkər kronşteyni,synonym,zapas teker kronsteyni
TK-011,Təkər təmir dəsti,synonym,teker temir desti
AK-038,Ehtiyat təkər örtüyü,synonym,ehtiyat teker ortuyu
KZ-020,Güzgü (yan güzgü),synonym,yan guzgu
KZ-020,Güzgü (yan güzgü),synonym,guzgu
KZ-020,Güzgü (yan güzgü),synonym,yan guzgusu
KZ-020,Güzgü (yan güzgü),synonym,guzgu desti
KZ-020,Güzgü (yan güzgü),synonym,teref guzgu
KZ-020,Güzgü (yan güzgü),synonym,guzgu yan guzgu
KZ-054,Salon güzgüsü,synonym,salon guzgusu
KZ-022,Güzgü korpusu,synonym,guzgu korpusu
KZ-022,Güzgü korpusu,synonym,guzgu qapagi
KZ-022,Güzgü korpusu,synonym,guzgu nikeli
KZ-022,Güzgü korpusu,synonym,guzgu ust plasmasi
KZ-022,Güzgü korpusu,synonym,yarasa guzgu qapagi
KZ-069,Güzgüdə povorotnik (təkrarlayıcı),synonym,tekrarlayici
KZ-069,Güzgüdə povorotnik (təkrarlayıcı),synonym,guzgu donme isigi
KZ-069,Güzgüdə povorotnik (təkrarlayıcı),synonym,guzgude povorotnik tekrarlayici
KZ-021,Güzgü şüşəsi,synonym,guzgu ici
KZ-021,Güzgü şüşəsi,synonym,guzgu icligi
KZ-021,Güzgü şüşəsi,synonym,guzgunun ici
KZ-021,Güzgü şüşəsi,synonym,guzgusu ici
KZ-021,Güzgü şüşəsi,synonym,guzgu susesi
TR-028,Karopkanın soyutma klapanı,synonym,karopkanin soyutma klapani
TR-001,Sürətlər qutusu,synonym,mexaniki suretler qutusu
TR-001,Sürətlər qutusu,synonym,suretler qutusu
TR-033,Karopka borusu (şlanq),synonym,karopka borusu slanq
TR-027,Sürət qutusunun alt pılniki,synonym,suret qutusunun alt pilniki
RG-09,Razdatka qutusu,synonym,razdatkasi
TR-015,Rıçaq (sellektor),synonym,ricaq sellektor
TR-016,Skorus/sürət trosu,synonym,suret trosu
TR-016,Skorus/sürət trosu,synonym,skorus suret trosu
TR-017,Friksion (paket disk),synonym,friksional disk desti
TR-019,Sürət qutusunun şestərnası,synonym,karopka sesternasi
TR-019,Sürət qutusunun şestərnası,synonym,suretler qutusunun selektor qapagi
TR-019,Sürət qutusunun şestərnası,synonym,suret qutusunun sesternasi
KZ-027,Krılo (qanad),synonym,krila
KZ-027,Krılo (qanad),synonym,sol qabaq qanadaltligi
KZ-027,Krılo (qanad),synonym,kapot sumkasi
KZ-027,Krılo (qanad),synonym,kapotun izolyasiyasi
KZ-027,Krılo (qanad),synonym,krilo qanad
KZ-024,Kapot petləsi,synonym,kapotun petlesi
KZ-024,Kapot petləsi,synonym,kapot mentese
KZ-024,Kapot petləsi,synonym,kapot petlesi
KZ-028,Radiator barmaqlığı,synonym,alt radiator barmaqligi
KZ-028,Radiator barmaqlığı,synonym,barmaqliq
KZ-028,Radiator barmaqlığı,synonym,nikel barmaqligi
KZ-028,Radiator barmaqlığı,synonym,orta radiator barmaqligi
KZ-028,Radiator barmaqlığı,synonym,radiator orta barmaqligi
KZ-028,Radiator barmaqlığı,synonym,radiator ust barmaqligi
KZ-028,Radiator barmaqlığı,synonym,ust radiator barmaqligi
KZ-028,Radiator barmaqlığı,synonym,radiator barmaqligi alt
KZ-028,Radiator barmaqlığı,synonym,raditor barmaqligi ust
KZ-028,Radiator barmaqlığı,synonym,xrom radiator barmaqligi
KZ-028,Radiator barmaqlığı,synonym,primyer radiator barmaqligi
KZ-028,Radiator barmaqlığı,synonym,alt barmaqligi
KZ-028,Radiator barmaqlığı,synonym,orta barmaqligi
KZ-028,Radiator barmaqlığı,synonym,ust barmaqliq
KZ-028,Radiator barmaqlığı,synonym,paxlava radiator barmaqligi
KZ-028,Radiator barmaqlığı,synonym,isiqli radiator barmaqligi
KZ-028,Radiator barmaqlığı,synonym,radiator barmaqligi
KZ-052,Kapot/baqaj açma trosu,synonym,kapot acma trosu
KZ-052,Kapot/baqaj açma trosu,synonym,baqaj acma trosu
KZ-052,Kapot/baqaj açma trosu,synonym,kapot acani
KZ-052,Kapot/baqaj açma trosu,synonym,qapi trosu
KZ-052,Kapot/baqaj açma trosu,synonym,kapot baqaj acma trosu
KZ-084,Kapot rezini,synonym,kapot kipgeci
KZ-077,Kapot üzlüyü (izolyasiya),synonym,kapot izolyasiyasi
KZ-077,Kapot üzlüyü (izolyasiya),synonym,kapot uzluyu
KZ-077,Kapot üzlüyü (izolyasiya),synonym,kapot uzluyu izolyasiya
TR-012,Kardan (ötürücü kardan valı),synonym,kardan oturucu val
TR-012,Kardan (ötürücü kardan valı),synonym,oturucu kardan vali
TR-012,Kardan (ötürücü kardan valı),synonym,kardan oturucu kardan vali
TR-021,Kardan krestovinası,synonym,kardan krestovinasi
TR-022,Kardan valının yastığı (podvesnoy yastıq),synonym,kardan valinin yastigi podvesnoy
TR-022,Kardan valının yastığı (podvesnoy yastıq),synonym,podvesnoy yastiq
TR-022,Kardan valının yastığı (podvesnoy yastıq),synonym,valin araliq dayagi
TR-022,Kardan valının yastığı (podvesnoy yastıq),synonym,valin araliq dayagi podvesnoy
TR-022,Kardan valının yastığı (podvesnoy yastıq),synonym,kardanin padrisnoyu
TR-022,Kardan valının yastığı (podvesnoy yastıq),synonym,ara dayagi
TR-022,Kardan valının yastığı (podvesnoy yastıq),synonym,kardan ara dayagi
TR-022,Kardan valının yastığı (podvesnoy yastıq),synonym,padsipnik kardan
TR-022,Kardan valının yastığı (podvesnoy yastıq),synonym,kardanin padsipniki
TR-022,Kardan valının yastığı (podvesnoy yastıq),synonym,kardan valinin yastigi podvesnoy yastiq
TR-013,Elastik mufta,synonym,elastik muftasi
KZ-037,Deflektor (vetrovik),synonym,kuleklik
KZ-037,Deflektor (vetrovik),synonym,qapi kulekliyi
AK-001,Ayaqaltı (kovrik),synonym,ayaqalti
AK-001,Ayaqaltı (kovrik),synonym,ayaqalti desti
AK-001,Ayaqaltı (kovrik),synonym,ayaqalti rezini
AK-001,Ayaqaltı (kovrik),synonym,ayaqalti kovrik
AK-005,Baqaj xalçası/keçəsi,synonym,baqaj kecesi
AK-005,Baqaj xalçası/keçəsi,synonym,baqaj xalcasi
AK-005,Baqaj xalçası/keçəsi,synonym,baqaj xalcasi kecesi
AK-034,Salon kovrolini (döşəmə örtüyü),synonym,doseme ortuyu
AK-034,Salon kovrolini (döşəmə örtüyü),synonym,salon kovrolini doseme ortuyu
AK-010,Şüşə silən (əl/pərdə),synonym,perde
AK-010,Şüşə silən (əl/pərdə),synonym,el perde
AK-010,Şüşə silən (əl/pərdə),synonym,firca desti
AK-010,Şüşə silən (əl/pərdə),synonym,suse silen fircalarin rezini
AK-010,Şüşə silən (əl/pərdə),synonym,suse silecegi
AK-010,Şüşə silən (əl/pərdə),synonym,ayaqalti etir
AK-010,Şüşə silən (əl/pərdə),synonym,kandsaner etir
AK-010,Şüşə silən (əl/pərdə),synonym,deflektor tenzimleyici
AK-010,Şüşə silən (əl/pərdə),synonym,suse silen el perde
EY-001,Naklatka (əyləc bəndi),synonym,eylec bendi
EY-001,Naklatka (əyləc bəndi),synonym,eylec uzluyu
EY-001,Naklatka (əyləc bəndi),synonym,rucnoy naklatka
EY-001,Naklatka (əyləc bəndi),synonym,rucnoyun naklatkalari
EY-001,Naklatka (əyləc bəndi),synonym,el eylec bendi
EY-001,Naklatka (əyləc bəndi),synonym,el eylecin bendleri
EY-001,Naklatka (əyləc bəndi),synonym,naklatka eylec bendi
TK-004,Disk kalpağı,synonym,disk qapagi
TK-004,Disk kalpağı,synonym,disk qapaqlari
TK-004,Disk kalpağı,synonym,disk kalpagi
AK-024,Təkər kolpakı,synonym,teker kolpaki
SO-036,Kondisioner kompressorunun kronşteyni,synonym,kompressor kronsteyni
SO-036,Kondisioner kompressorunun kronşteyni,synonym,kondisioner kompressoru kronsteyni
SO-036,Kondisioner kompressorunun kronşteyni,synonym,kondisioner kompressorunun kronsteyni
SO-033,Kompressor muftası (maqnit),synonym,kompressor muftasi
SO-033,Kompressor muftası (maqnit),synonym,kompressorun muftasi
SO-033,Kompressor muftası (maqnit),synonym,kompressor muftasi maqnit
AK-035,Kondisioner kompressorunun yastığı,synonym,kondisioner kompressorunun yastigi
EG-002,Katalizator/oksigen datçiki (lambda zond),synonym,katalizator datciki
EG-002,Katalizator/oksigen datçiki (lambda zond),synonym,oksigen datciki
EG-002,Katalizator/oksigen datçiki (lambda zond),synonym,katalizator oksigen datciki lambda zond
SR-001,Mühərrik yağı,synonym,miquin yag
SR-001,Mühərrik yağı,synonym,muherrik yagi
EL-004,Qapı zamoku aktuatoru (mərkəzi kilid),synonym,merkezi kilid
EL-004,Qapı zamoku aktuatoru (mərkəzi kilid),synonym,qapi zamoku aktuatoru merkezi kilid
EL-021,Baqaj/yanacaq qapağı aktuatoru (prisos),synonym,baqaj qapagi aktuatoru
EL-021,Baqaj/yanacaq qapağı aktuatoru (prisos),synonym,yanacaq qapagi aktuatoru
EL-021,Baqaj/yanacaq qapağı aktuatoru (prisos),synonym,baqaj yanacaq qapagi aktuatoru prisos
EL-057,Yuyucu su baçoku,synonym,su vuran ceni
EL-057,Yuyucu su baçoku,synonym,yuyucu su bacoku
EL-022,Baqaj/yanacaq açma düyməsi,synonym,baqaj acma duymesi
EL-022,Baqaj/yanacaq açma düyməsi,synonym,yanacaq acma duymesi
EL-022,Baqaj/yanacaq açma düyməsi,synonym,baqaj duymesi
EL-022,Baqaj/yanacaq açma düyməsi,synonym,baqaj yanacaq acma duymesi
EL-048,Güzgü tənzimləmə düyməsi,synonym,guzgu idareedicisi
EL-048,Güzgü tənzimləmə düyməsi,synonym,guzgu tenzimleme duymesi
EL-003,Şüşəqaldıran düyməsi/blok,synonym,suseqaldiran blok
EL-003,Şüşəqaldıran düyməsi/blok,synonym,suseqaldiran duymesi
EL-003,Şüşəqaldıran düyməsi/blok,synonym,suse qaldiran duyme bloku
EL-003,Şüşəqaldıran düyməsi/blok,synonym,suseqaldiran duyme bloku
EL-003,Şüşəqaldıran düyməsi/blok,synonym,suse qaldiran bloku
EL-003,Şüşəqaldıran düyməsi/blok,synonym,suse qaldiran knopka bloku
EL-003,Şüşəqaldıran düyməsi/blok,synonym,suse ayna qaldiran duyme bloku
EL-003,Şüşəqaldıran düyməsi/blok,synonym,suse qaldiranin duyme bloku
EL-003,Şüşəqaldıran düyməsi/blok,synonym,suse qaldiran duymesi
EL-003,Şüşəqaldıran düyməsi/blok,synonym,suse qaldiran blok
EL-003,Şüşəqaldıran düyməsi/blok,synonym,suseqaldiran duymesi blok
EL-005,Güzgü matoru,synonym,guzgu matoru
EL-058,Güzgü qatlama motoru,synonym,guzgu qatlama motoru
EL-001,Şüşəqaldıran motoru,synonym,suseqaldiran motoru
EL-077,Lyuk pərdəsinin motoru,synonym,lyuk perdesinin motoru
EL-077,Lyuk pərdəsinin motoru,synonym,lyukun perdesinin motoru
EL-077,Lyuk pərdəsinin motoru,synonym,lyuk perde motoru
EL-041,Qapı kilid mühərriyi,synonym,qapi kilid muherriyi
EL-042,Kapot kilid mühərriyi,synonym,kapot kilid muherriyi
EL-054,Yuyucu motoru (omıvatel),synonym,omivatel
EL-054,Yuyucu motoru (omıvatel),synonym,yuyucu motoru omivatel
EL-072,Şüşə silənin motoru (dvornik motoru),synonym,suse silen muherriki
EL-072,Şüşə silənin motoru (dvornik motoru),synonym,suse silenin motoru dvornik motoru
EL-043,Sükan kilid motoru,synonym,sukan kilid motoru
EL-002,Şüşəqaldıran mexanizmi,synonym,xrom suse qaldiran
EL-002,Şüşəqaldıran mexanizmi,synonym,suseqaldiran mexanizmi
EL-071,Yuyucu forsunkası (jikler),synonym,yuyucu forsunkasi jikler
AK-031,Avtomobil antenası,synonym,avtomobil antenasi
EL-036,Bort kompüter,synonym,bort komputer
AU-001,Kalonka (dinamik),synonym,on qapi kalonkasi
AU-001,Kalonka (dinamik),synonym,monitor desti
AU-003,Maqnitafon (baş qurğu),synonym,bas qurgu
AU-003,Maqnitafon (baş qurğu),synonym,maqnitafon bas qurgu
AU-005,Midbass (dinamik növü),synonym,dinamik novu
AU-005,Midbass (dinamik növü),synonym,midbass dinamik novu
EL-023,Manitor (multimedia ekranı),synonym,multimedia ekrani
EL-023,Manitor (multimedia ekranı),synonym,manitor multimedia ekrani
AU-007,Radio panel (çərçivə),synonym,cercive
AU-007,Radio panel (çərçivə),synonym,radio panel cercive
EL-038,Cihazlar paneli (şit),synonym,suret paneli
EL-038,Cihazlar paneli (şit),synonym,sit qapagi
EL-038,Cihazlar paneli (şit),synonym,panel ekrani
EL-038,Cihazlar paneli (şit),synonym,suretler paneli
EL-038,Cihazlar paneli (şit),synonym,cihazlar paneli sit
AU-004,Manitorun çərçivəsi (montaj),synonym,manitorun cercivesi montaj
AU-002,Usilitel (sesgücləndirici),synonym,sesguclendirici
AU-002,Usilitel (sesgücləndirici),synonym,usilitel sesguclendirici
SU-019,Mayatnik qolunun vtulkası,synonym,mayatnik qolunun vtulkasi
SU-001,Nakonechnik (sükan dartısı ucluğu),synonym,sukan linginin basligi
SU-001,Nakonechnik (sükan dartısı ucluğu),synonym,sukan dartisi uclugu
SU-001,Nakonechnik (sükan dartısı ucluğu),synonym,sukan qolunun sonlugu
SU-001,Nakonechnik (sükan dartısı ucluğu),synonym,sukan sonlugu
SU-001,Nakonechnik (sükan dartısı ucluğu),synonym,sukan uclugu
SU-001,Nakonechnik (sükan dartısı ucluğu),synonym,nakonechnik sukan dartisi uclugu
SU-017,Nakonechnik pılniki,synonym,sukan dartisinin ortuyu
SU-017,Nakonechnik pılniki,synonym,nakonechnik pilniki
SU-002,Sükan dartısı,synonym,sukan dartisi
RG-03,Rulavoy pacevnik,synonym,rulavoy podsipnik
RG-03,Rulavoy pacevnik,synonym,rulevoy podsipnik
RG-03,Rulavoy pacevnik,synonym,rul podsipniki
RG-03,Rulavoy pacevnik,synonym,podsipnik rulevoy
RG-03,Rulavoy pacevnik,synonym,podsipnik rulavoy
SU-003,Almacıq (tyaqanın),synonym,tyaqanin
SU-003,Almacıq (tyaqanın),synonym,almaciq
SU-003,Almacıq (tyaqanın),synonym,almaciq tyaqanin
TY-010,Angel eyes (LED halqası),synonym,led halqasi
TY-010,Angel eyes (LED halqası),synonym,angel eyes led halqasi
TY-019,Baqaj vannası (kuzov içliyi),synonym,baqaj vannasi
TY-019,Baqaj vannası (kuzov içliyi),synonym,baqaj vannasi kuzov icliyi
TY-019,Baqaj vannası (kuzov içliyi),synonym,kuzov icliyi
TY-005,Lip (bufer alt dodağı),synonym,bufer alt dodagi
TY-005,Lip (bufer alt dodağı),synonym,bufer bigi
TY-005,Lip (bufer alt dodağı),synonym,lip bufer alt dodagi
TY-018,Kapot küləkliyi,synonym,kapot kuleklik
TY-018,Kapot küləkliyi,synonym,kapot ucun kuleklik
TY-018,Kapot küləkliyi,synonym,kapot kulekliyi
TY-016,Baqaj örtüyü (tonno),synonym,baqaj jaluzu
TY-016,Baqaj örtüyü (tonno),synonym,baqaj ortuyu
TY-016,Baqaj örtüyü (tonno),synonym,baqaj ortuyu tonno
TY-016,Baqaj örtüyü (tonno),synonym,baqaj ucun jaluz
TY-020,Baqaj kabini (kunq),synonym,baqaj ucun kabin
TY-003,Body kit (tam tyuning dəsti),synonym,tam tyuning desti
TY-003,Body kit (tam tyuning dəsti),synonym,beden desti
TY-003,Body kit (tam tyuning dəsti),synonym,body kit tam tyuning desti
TY-009,Rəsniçka (fara üstü naklatka),synonym,fara ustu naklatka
TY-009,Rəsniçka (fara üstü naklatka),synonym,fara qasi
TY-009,Rəsniçka (fara üstü naklatka),synonym,isiq qasi
TY-009,Rəsniçka (fara üstü naklatka),synonym,resnicka fara ustu naklatka
TY-015,Tent (örtük),synonym,tavan cadir
TY-015,Tent (örtük),synonym,tavan cadiri
TY-015,Tent (örtük),synonym,tent ortuk
AK-037,Salon taxta örtüyü,synonym,salon taxta ortuyu
KZ-062,Ön stoyka üzlüyü,synonym,stoykanin plastmasi
KZ-062,Ön stoyka üzlüyü,synonym,ic stoyka plastmas
KZ-062,Ön stoyka üzlüyü,synonym,on stoyka uzluyu
MU-017,Mühərrik yastığı,synonym,muherrik yatagi
MU-017,Mühərrik yastığı,synonym,mator padusqasi sag
MU-017,Mühərrik yastığı,synonym,muherrik yastigi
MU-018,Karopka yastığı,synonym,suretler qutusu yastigi
MU-018,Karopka yastığı,synonym,suretler qutusunun yastigi
MU-018,Karopka yastığı,synonym,transmissiya yastigi
MU-018,Karopka yastığı,synonym,karopka yastigi
EL-066,LCM (işıq idarəetmə bloku),synonym,isiq idareetme bloku
EL-066,LCM (işıq idarəetmə bloku),synonym,lcm isiq idareetme bloku
EL-047,Duman fara düyməsi,synonym,duman fara duymesi
EL-012,Dönmə işığı qolu (kombi keçirici),synonym,kombi kecirici
EL-012,Dönmə işığı qolu (kombi keçirici),synonym,donme isigi qolu kombi kecirici
KZ-075,Duman fara qabı (çərçivə),synonym,duman eyneyi
KZ-075,Duman fara qabı (çərçivə),synonym,duman fara eyneyi
KZ-075,Duman fara qabı (çərçivə),synonym,duman fara qabi
KZ-075,Duman fara qabı (çərçivə),synonym,duman fara qabi cercive
KZ-075,Duman fara qabı (çərçivə),synonym,duman fara qapagi
KZ-075,Duman fara qabı (çərçivə),synonym,duman fara cercivesi
KZ-075,Duman fara qabı (çərçivə),synonym,duman farasi eyneyi
KZ-075,Duman fara qabı (çərçivə),synonym,duman farasi plastmasi
KZ-075,Duman fara qabı (çərçivə),synonym,duman farasi qabi
KZ-075,Duman fara qabı (çərçivə),synonym,duman farasi qapaqlari
KZ-075,Duman fara qabı (çərçivə),synonym,duman farasi qapagi
KZ-075,Duman fara qabı (çərçivə),synonym,duman isigi eyneyi
KZ-075,Duman fara qabı (çərçivə),synonym,duman isigi qabi
KZ-075,Duman fara qabı (çərçivə),synonym,duman isigi qapagi
KZ-075,Duman fara qabı (çərçivə),synonym,duman isigi cercivesi
KZ-075,Duman fara qabı (çərçivə),synonym,duman qabi
KZ-008,Dönmə işığı (povorotnik),synonym,donme isigi
KZ-008,Dönmə işığı (povorotnik),synonym,donme isigi povorotnik
KZ-006,Duman fara,synonym,duman farasi
KZ-006,Duman fara,synonym,duman isigi
KZ-006,Duman fara,synonym,duman isigi desti
KZ-006,Duman fara,synonym,duman isigi seti
KZ-006,Duman fara,synonym,duman isiq seti
KZ-006,Duman fara,synonym,duman isiqlari desti
KZ-006,Duman fara,synonym,dumana qarsi farasi
KZ-006,Duman fara,synonym,alt duman isigi
KZ-006,Duman fara,synonym,duman eleyhine isiq
KZ-071,Duman fara şüşəsi,synonym,duman fara susesi
KZ-083,Yanacaq doldurma qapağı,synonym,zaryadka qapagi
KZ-083,Yanacaq doldurma qapağı,synonym,sarj lyuku
KZ-083,Yanacaq doldurma qapağı,synonym,sarj qapagi
KZ-083,Yanacaq doldurma qapağı,synonym,sarj yuvasinin qapagi
KZ-083,Yanacaq doldurma qapağı,synonym,yanacaq doldurma qapagi
KZ-032,Kuzov paneli,synonym,on panel
KZ-032,Kuzov paneli,synonym,arxa sag saffa
KZ-032,Kuzov paneli,synonym,on panel abirisofka
KZ-032,Kuzov paneli,synonym,su bacoku panel
KZ-046,Döşəmə paneli,synonym,doseme paneli
KZ-074,Ekran plasması,synonym,ekran alt plastmasi
KZ-074,Ekran plasması,synonym,ekran plastmasi
KZ-074,Ekran plasması,synonym,ekran ust plastmasi
KZ-074,Ekran plasması,synonym,ekran ustu plasmasi
KZ-074,Ekran plasması,synonym,muherrik bolmesinin ekrani
KZ-074,Ekran plasması,synonym,radiator ekrani
KZ-074,Ekran plasması,synonym,radiator paneli ekrani
KZ-074,Ekran plasması,synonym,radiator plasmasi
KZ-074,Ekran plasması,synonym,radiator ust plasmasi
KZ-074,Ekran plasması,synonym,ust ekrani
KZ-074,Ekran plasması,synonym,ekran plasmasi
KZ-065,Yanacaq doldurma boğazının plastiki,synonym,yanacaq doldurma bogazinin plastiki
KZ-030,Şveller (porog),synonym,padnoska
KZ-030,Şveller (porog),synonym,sveller
KZ-030,Şveller (porog),synonym,sveler
KZ-030,Şveller (porog),synonym,sveyler
KZ-030,Şveller (porog),synonym,sveller porog
KZ-055,Qanad genişləndiricisi (arka),synonym,qanad genislendiricisi arka
KZ-060,Döşəmə probkası (drenaj),synonym,doseme probkasi drenaj
SO-030,Peçin vakum paylayıcısı,synonym,pecin vakum paylayicisi
SO-019,Peçka zaslonkası (isitmə/ventilyasiya),synonym,isitme
SO-019,Peçka zaslonkası (isitmə/ventilyasiya),synonym,isitme ventilyasiya
SO-019,Peçka zaslonkası (isitmə/ventilyasiya),synonym,pecka zaslonkasi isitme ventilyasiya
SO-021,Peçka korpusu,synonym,pecka korpusu
SO-020,Peçka kranı,synonym,pecka krani
EL-018,Fan motoru (salon/peç),synonym,salon pec
EL-018,Fan motoru (salon/peç),synonym,fan motoru salon pec
SO-023,Peçka motoru (salon ventilyatoru),synonym,daxili ufleyici
SO-023,Peçka motoru (salon ventilyatoru),synonym,soba muherriki
SO-023,Peçka motoru (salon ventilyatoru),synonym,sobanin muherriki
SO-023,Peçka motoru (salon ventilyatoru),synonym,pec ventilyatoru
SO-023,Peçka motoru (salon ventilyatoru),synonym,pec motoreduktoru
SO-023,Peçka motoru (salon ventilyatoru),synonym,pecka motoru salon ventilyatoru
SO-011,Peçin radiatoru (salon isitmə radiatoru),synonym,salon isitme radiatoru
SO-011,Peçin radiatoru (salon isitmə radiatoru),synonym,pecka radiatoru
SO-011,Peçin radiatoru (salon isitmə radiatoru),synonym,radiator sobasi
SO-011,Peçin radiatoru (salon isitmə radiatoru),synonym,pecin radiatoru salon isitme radiatoru
EL-082,Peç ventilyatorunun rezistoru,synonym,pec ventilyatorunun rezistoru
SO-034,Peç şlanqı (istilik sistemi),synonym,pec slanqi
SO-034,Peç şlanqı (istilik sistemi),synonym,pecin slanqlari
SO-034,Peç şlanqı (istilik sistemi),synonym,pecin alt ve ust slanqlari
SO-034,Peç şlanqı (istilik sistemi),synonym,pec slanqi istilik sistemi
AK-013,Brizqavik (palçıqqoruyucu),synonym,palciqqoruyucu
AK-013,Brizqavik (palçıqqoruyucu),synonym,teker palciq qoruyucusu
AK-013,Brizqavik (palçıqqoruyucu),synonym,palciq qoruyucu ortuk
AK-013,Brizqavik (palçıqqoruyucu),synonym,teker palciq siti
AK-013,Brizqavik (palçıqqoruyucu),synonym,palciqliq
AK-013,Brizqavik (palçıqqoruyucu),synonym,palciq siti
AK-013,Brizqavik (palçıqqoruyucu),synonym,palciqlq
AK-013,Brizqavik (palçıqqoruyucu),synonym,brizqavik palciqqoruyucu
KZ-091,Qanad kantı,synonym,qanad kanti
KZ-092,Qapı altı kantı,synonym,qapi alti kanti
KZ-029,Podkrilnik,synonym,qanad altligi
KZ-029,Podkrilnik,synonym,qanad altligi podkrilok
KZ-029,Podkrilnik,synonym,qanad alti
KZ-029,Podkrilnik,synonym,qanad alti qoruyucusu
KZ-029,Podkrilnik,synonym,qanad altisi
KZ-029,Podkrilnik,synonym,qanadaltliq
KZ-029,Podkrilnik,synonym,qanadalti
KZ-029,Podkrilnik,synonym,teker taginin bezek paneli
KZ-029,Podkrilnik,synonym,teker taginin bezek
KZ-029,Podkrilnik,synonym,teker qovsu
KZ-029,Podkrilnik,synonym,padkrelnikler
KZ-029,Podkrilnik,synonym,qabaq padkrelnik on zasitnik
KZ-029,Podkrilnik,synonym,arxa tekerin qoruyucu kapronlari
TY-001,Padnoşka (pilləkən),synonym,pilleken
TY-001,Padnoşka (pilləkən),synonym,ayaq lovhesi
TY-001,Padnoşka (pilləkən),synonym,padnoska pilleken
TY-011,Elektrik padnoşka (açılıb-yığılan),synonym,acilib yigilan
TY-011,Elektrik padnoşka (açılıb-yığılan),synonym,elektrik padnoska acilib yigilan
EL-075,Diz altı airbaqı,synonym,airbag qapagi
EL-075,Diz altı airbaqı,synonym,hava yastigi qapagi
EL-075,Diz altı airbaqı,synonym,diz alti airbaqi
EL-009,Airbag (yastıq),synonym,yastiq
EL-009,Airbag (yastıq),synonym,hava yastigi
EL-009,Airbag (yastıq),synonym,surucu airbagi
EL-009,Airbag (yastıq),synonym,sernisin airbagi
EL-009,Airbag (yastıq),synonym,sukan airbagi
EL-009,Airbag (yastıq),synonym,airbag yastiq
EL-074,Sərnişin airbaqı,synonym,trip duymesi
EL-074,Sərnişin airbaqı,synonym,sernisin airbaqi
EL-073,Sükan airbaqı,synonym,sukan airbaqi
EL-076,Oturacaq airbaqı,synonym,oturacaq airbaqi
EL-010,Rul lenti (saat yayı),synonym,saat yayi
EL-010,Rul lenti (saat yayı),synonym,sukan lentasi
EL-010,Rul lenti (saat yayı),synonym,sukan lenti
EL-010,Rul lenti (saat yayı),synonym,sukanin lentasi
EL-010,Rul lenti (saat yayı),synonym,sukanin lenti
EL-010,Rul lenti (saat yayı),synonym,rul lenti saat yayi
EL-062,Pərdə airbag,synonym,perde airbag
SO-006,Su pompası,synonym,su nasosu pompasi
SO-006,Su pompası,synonym,elektronik su pompasi
SO-006,Su pompası,synonym,su pompasi
SO-005,Termostatın korpusu,synonym,termostatin korpusu
SO-005,Termostatın korpusu,synonym,termostatin qapagi
SO-005,Termostatın korpusu,synonym,termostat qapagi
SO-005,Termostatın korpusu,synonym,korpuslu termostati
SO-004,Termostat,synonym,muherrik termostati
SO-004,Termostat,synonym,muherrik temperatur tenzimleyici termostati
AS-023,Ötürücü val (yarımox),synonym,yarimox
AS-023,Ötürücü val (yarımox),synonym,oturucu val yarimox
AS-009,Qranat pılniki,synonym,qranat cexolu
AS-009,Qranat pılniki,synonym,srus cexolu
AS-009,Qranat pılniki,synonym,qranat pilniki
AS-008,Qranat (SHRUS),synonym,ic oynaqli birlesmesi
AS-008,Qranat (SHRUS),synonym,col oynaqli birlesmesi
AS-008,Qranat (SHRUS),synonym,oynaqli birlesmesi
AS-008,Qranat (SHRUS),synonym,oynaqli birlesme
AS-008,Qranat (SHRUS),synonym,ic ve col qiranatlar
AS-008,Qranat (SHRUS),synonym,sag ic qranat butov
AS-008,Qranat (SHRUS),synonym,colqranati
MU-012,Qalofka praklatkası,synonym,qalofka praklatkasi
MU-078,Baş silindr proklatkası (GBT),synonym,muherrik basliginin araqati
MU-078,Baş silindr proklatkası (GBT),synonym,muherrik basligi ucun araqati
MU-078,Baş silindr proklatkası (GBT),synonym,muherrik basligi araqati
MU-078,Baş silindr proklatkası (GBT),synonym,bas silindr proklatkasi gbt
MU-014,Üst krişka praklatkası,synonym,muherrik klapan qapaginin araqati
MU-014,Üst krişka praklatkası,synonym,klapan qapaginin araqati
MU-014,Üst krişka praklatkası,synonym,ust qapaq araqati
MU-014,Üst krişka praklatkası,synonym,ust qapagin ara qati
MU-014,Üst krişka praklatkası,synonym,klapan mexanizminin qapaginin araqati
MU-014,Üst krişka praklatkası,synonym,ust klapan qapaginin araqati
MU-014,Üst krişka praklatkası,synonym,klapan salniki lazimdir
MU-014,Üst krişka praklatkası,synonym,ust kriska praklatkasi
MU-087,Kollektor araqatı,synonym,kollektor araqati
MU-098,Turbo araqatı (turbo proklatkası),synonym,turbo araqati turbo proklatkasi
MU-083,Kollektor rezinləri (forsunka altlığı),synonym,forsunka altligi
MU-083,Kollektor rezinləri (forsunka altlığı),synonym,kollektor rezinleri forsunka altligi
MU-086,Salnik,synonym,muherrik salniki
AS-029,Purjun alt çaşkası,synonym,purjun alt caskasi
AS-004,Purjun (prujin),synonym,amortizator yayi
AS-004,Purjun (prujin),synonym,asqi yayi
SO-018,Kondisionerin buxarlandırıcısı,synonym,kondisionerin buxarlandiricisi
SO-031,Radiator jalüzü,synonym,jaluz
SO-031,Radiator jalüzü,synonym,jaluz eyneyi
SO-031,Radiator jalüzü,synonym,jaluzu
SO-031,Radiator jalüzü,synonym,ust jaluzu
SO-031,Radiator jalüzü,synonym,radiator jaluzu
SO-026,İnterkuler,synonym,interkuler radiatoru
SO-015,Yağ soyuducusu (radiatoru),synonym,yag radiatoru
SO-015,Yağ soyuducusu (radiatoru),synonym,yag soyuducusu
SO-015,Yağ soyuducusu (radiatoru),synonym,radiator transmissiyasi
SO-015,Yağ soyuducusu (radiatoru),synonym,yag soyuducusu radiatoru
SO-027,İnterkuler şlanqı (nadduv borusu),synonym,interkuller borusu
SO-027,İnterkuler şlanqı (nadduv borusu),synonym,interkuller slanqi
SO-027,İnterkuler şlanqı (nadduv borusu),synonym,interkuller slank
SO-027,İnterkuler şlanqı (nadduv borusu),synonym,interkuler slanqi nadduv borusu
SO-009,"Soyutma şlanqı (su, antifriz)",synonym,suyun potrubkasi
SO-009,"Soyutma şlanqı (su, antifriz)",synonym,ust su borusu
SO-009,"Soyutma şlanqı (su, antifriz)",synonym,radiator slanqi
SO-009,"Soyutma şlanqı (su, antifriz)",synonym,radiator demir borusu
SO-009,"Soyutma şlanqı (su, antifriz)",synonym,antifriz bacokundan radiatora geden borular
SO-009,"Soyutma şlanqı (su, antifriz)",synonym,antifriz bacokundan radiatora geden nazik turbalar
SO-009,"Soyutma şlanqı (su, antifriz)",synonym,asagi patrupa
SO-009,"Soyutma şlanqı (su, antifriz)",synonym,antiviris soyutma slanaq
SO-009,"Soyutma şlanqı (su, antifriz)",synonym,soyutma slanqi su antifriz
SO-001,Su radiatoru,synonym,asagi temperaturlu radiator
SO-001,Su radiatoru,synonym,radiator desti
SO-035,Peç troyniki,synonym,pec troyniki
SO-017,Su səviyyəsi datçiki,synonym,su seviyyesi datciki
SO-032,Baçok qapağı,synonym,bacok qapagi
SO-008,Antifriz baçoku (genişlənmə çəni),synonym,genislenme ceni
SO-008,Antifriz baçoku (genişlənmə çəni),synonym,antifriz ceni
SO-008,Antifriz baçoku (genişlənmə çəni),synonym,su ceni
SO-008,Antifriz baçoku (genişlənmə çəni),synonym,antfriz ceni
SO-008,Antifriz baçoku (genişlənmə çəni),synonym,antifriz su ceni
SO-008,Antifriz baçoku (genişlənmə çəni),synonym,cen antifrizi
SO-008,Antifriz baçoku (genişlənmə çəni),synonym,behr antifriz ceni
SO-008,Antifriz baçoku (genişlənmə çəni),synonym,komekci su ceni
SO-008,Antifriz baçoku (genişlənmə çəni),synonym,antifriz qapagi
SO-008,Antifriz baçoku (genişlənmə çəni),synonym,rassritel bacok qapagi
SO-008,Antifriz baçoku (genişlənmə çəni),synonym,antifriz bacoku genislenme ceni
SU-012,Rul reykasının pılniki,synonym,rul reykasinin pilniki
SU-016,Rul reykası remkomplekti (salnikler),synonym,rul reykasi remkomplekti salnikler
SU-006,Rulevoy reyka (dişli qutusu),synonym,disli qutusu
SU-006,Rulevoy reyka (dişli qutusu),synonym,sukan reykasi
SU-006,Rulevoy reyka (dişli qutusu),synonym,sukan mexanizmi
SU-006,Rulevoy reyka (dişli qutusu),synonym,rulavoy lazimdir
SU-006,Rulevoy reyka (dişli qutusu),synonym,rulevoy reyka disli qutusu
KZ-067,Təhlükəsizlik kəməri,synonym,tehlukesizlik kemeri
SU-009,Rul altı keçirici (dönmə/işıq qolu),synonym,donme
SU-009,Rul altı keçirici (dönmə/işıq qolu),synonym,donme isiq qolu
SU-009,Rul altı keçirici (dönmə/işıq qolu),synonym,isiq qolu
SU-009,Rul altı keçirici (dönmə/işıq qolu),synonym,rul alti kecirici donme isiq qolu
SU-011,Rul (sükan çarxı),synonym,sukan carxi
SU-011,Rul (sükan çarxı),synonym,rul sukan carxi
EY-013,Ruçnoy bloku/düyməsi (elektron əl əyləci),synonym,rucnoy bloku
EY-013,Ruçnoy bloku/düyməsi (elektron əl əyləci),synonym,rucnoy duymesi
EY-013,Ruçnoy bloku/düyməsi (elektron əl əyləci),synonym,elektron el eyleci
EY-013,Ruçnoy bloku/düyməsi (elektron əl əyləci),synonym,rucnoy bloku duymesi elektron el eyleci
EY-012,Ruçnoy tormuz trosu,synonym,rucnoy tormuz trosu
AS-015,Ling/Qol (əyri/düz/banan),synonym,eyri duz banan
AS-015,Ling/Qol (əyri/düz/banan),synonym,aliminium asqi qolu
AS-015,Ling/Qol (əyri/düz/banan),synonym,alt asqi qolu
AS-015,Ling/Qol (əyri/düz/banan),synonym,alt asqi qolu desti
AS-015,Ling/Qol (əyri/düz/banan),synonym,aluminium asqi qolu
AS-015,Ling/Qol (əyri/düz/banan),synonym,asqi qolu
AS-015,Ling/Qol (əyri/düz/banan),synonym,sukan lingi
AS-015,Ling/Qol (əyri/düz/banan),synonym,tenzimleyici lingi
AS-015,Ling/Qol (əyri/düz/banan),synonym,ust asqi qolu
AS-015,Ling/Qol (əyri/düz/banan),synonym,eyri asqi qolu
AS-015,Ling/Qol (əyri/düz/banan),synonym,oynaqli duz qol
AS-015,Ling/Qol (əyri/düz/banan),synonym,alt idareetme qolu
AS-015,Ling/Qol (əyri/düz/banan),synonym,asqi dartma qolu
AS-015,Ling/Qol (əyri/düz/banan),synonym,on qolu
AS-015,Ling/Qol (əyri/düz/banan),synonym,on sol alt qol
AS-015,Ling/Qol (əyri/düz/banan),synonym,ling qol eyri duz banan
AS-011,Sırğa (stabilizator lingi),synonym,sirga stabilizator lingi
AS-010,Şaravoy (kula opora),synonym,asqinin kurecikli oynagi
AS-010,Şaravoy (kula opora),synonym,boyuk ve kicik oynaq
AS-010,Şaravoy (kula opora),synonym,kurecikli yastiq
AS-010,Şaravoy (kula opora),synonym,kurecikli yastigi
AS-010,Şaravoy (kula opora),synonym,alt asqinin kurecikli oynagi
AS-010,Şaravoy (kula opora),synonym,asqinin yuxari kurevi dayagi
AS-010,Şaravoy (kula opora),synonym,asma qolun oynagi
AS-010,Şaravoy (kula opora),synonym,asagi asqinin kurecikli oynagi
AS-010,Şaravoy (kula opora),synonym,saravoy kula opora
AS-033,Razvalni bolt (ekssentrik boltu,synonym,razvalin boltu
AS-033,Razvalni bolt (ekssentrik boltu,synonym,arxa balaca stanq
AS-033,Razvalni bolt (ekssentrik boltu,synonym,balaca stanq
AS-032,Podramnik rezini (çərçivəaltı vtulkası),synonym,podramnik rezini cercivealti vtulkasi
AS-026,Ressora vtulkası,synonym,ressora vtulkasi
AS-014,Silentblok (qolun),synonym,asqi qolunun metal oynagi
AS-014,Silentblok (qolun),synonym,boyuk rezin metal oynagi
AS-014,Silentblok (qolun),synonym,rezin metal oynagi
AS-014,Silentblok (qolun),synonym,rezin metal oynagi qolu
AS-014,Silentblok (qolun),synonym,tenzimleyici rezini
AS-014,Silentblok (qolun),synonym,boyuk rezin metal oynaq
AS-014,Silentblok (qolun),synonym,kicik rezin metal oynaq
AS-014,Silentblok (qolun),synonym,ust rezin metal oynaq
SR-014,Alışdırma şamı (sveça),synonym,sveca
SR-014,Alışdırma şamı (sveça),synonym,alisdirici sam
SR-014,Alışdırma şamı (sveça),synonym,alisma sami
SR-014,Alışdırma şamı (sveça),synonym,alisdirma sami sveca
AK-021,Uşaq oturacağı,synonym,usaq oturacagi
AK-049,Oturacaq qızdırıcı örtüyü,synonym,oturacaq qizdirici ortuyu
AK-018,Oturacaq,synonym,oturacagin ireli arxaya aparan mator
AK-002,Oturacaq üzlüyü,synonym,oturacaq cexolu
AK-002,Oturacaq üzlüyü,synonym,oturacaq uzluyu
TY-004,Arxa bufer diffuzoru,synonym,arxa bagaj ustu spoiler
KZ-036,Spoyler,synonym,baqaj ustu spoyler
KZ-036,Spoyler,synonym,baqaj ustu spoyleri
KZ-036,Spoyler,synonym,isiqli spoyleri
MU-094,Starter bendiksi,synonym,statelin bendeksi avtomati ile
EL-039,Generator tənzimləyici (reле),synonym,gerginlik tenzimleyicisi dinamo relesi
EL-039,Generator tənzimləyici (reле),synonym,generator tenzimleyici reле
AS-030,Sapfa (povorotnı kulak),synonym,povorotni kulak
AS-030,Sapfa (povorotnı kulak),synonym,sapfa povorotni kulak
AS-007,Stupitsa podşipniki,synonym,usdubciya paceniki
AS-007,Stupitsa podşipniki,synonym,usdupciya podsipniki
AS-007,Stupitsa podşipniki,synonym,stupisa paceniki
AS-007,Stupitsa podşipniki,synonym,pacenik
AS-007,Stupitsa podşipniki,synonym,teker topu yastigi
AS-007,Stupitsa podşipniki,synonym,teker topunun diyirceyi
AS-007,Stupitsa podşipniki,synonym,teker topunun diyirlenme yastigi
AS-007,Stupitsa podşipniki,synonym,pacennik
AS-007,Stupitsa podşipniki,synonym,usdubciyanin paceniki
AS-007,Stupitsa podşipniki,synonym,qabaq stupsiyalarin pocenniki
AS-007,Stupitsa podşipniki,synonym,stupsiya pacevniki
AS-007,Stupitsa podşipniki,synonym,stupitsa podsipniki
AS-006,Stupitsa (təkər topu),synonym,teker topu
AS-006,Stupitsa (təkər topu),synonym,teker qovsagi
AS-006,Stupitsa (təkər topu),synonym,stupitsa teker topu
AS-027,Təkər şpilkası,synonym,teker spilkasi
KZ-053,Ön şüşə su axarı (jabo),synonym,on sinelik
KZ-053,Ön şüşə su axarı (jabo),synonym,sinelik
KZ-053,Ön şüşə su axarı (jabo),synonym,on suse su axari
KZ-053,Ön şüşə su axarı (jabo),synonym,on suse plastik
KZ-053,Ön şüşə su axarı (jabo),synonym,patpres alti plastik
KZ-053,Ön şüşə su axarı (jabo),synonym,suse alti plastik
KZ-053,Ön şüşə su axarı (jabo),synonym,kulek susesinin alt plastiki
KZ-053,Ön şüşə su axarı (jabo),synonym,on suse su axari jabo
KZ-012,Arxa şüşə,synonym,arxa suse
KZ-090,Jabo kronşteyni,synonym,jabo kronsteyni
KZ-011,Ön şüşə (patpres),synonym,alin susesi
KZ-011,Ön şüşə (patpres),synonym,usten cixma alin susesi
KZ-011,Ön şüşə (patpres),synonym,on suse patpres
KZ-013,Qapı şüşəsi,synonym,qapi susesi
KZ-014,Lyuk şüşəsi,synonym,tavan susesi
KZ-014,Lyuk şüşəsi,synonym,ultra tavan susesi
KZ-014,Lyuk şüşəsi,synonym,lyuk susesi
KZ-082,Şüşə rezini,synonym,suse rezini
KZ-072,Lyuk pərdəsi,synonym,lyukun perdesi
KZ-072,Lyuk pərdəsi,synonym,lyuk perdesi
EY-004,Support təmir dəsti (toz qoruyucusu/manjet),synonym,support temir desti toz qoruyucusu manjet
TR-024,Mufta vilkası,synonym,mufta vilkasi
TR-008,Vıjımnoy (buraxıcı podşipnik),synonym,buraxici podsipnik
TR-008,Vıjımnoy (buraxıcı podşipnik),synonym,vijimnoy buraxici podsipnik
TR-026,Mufta hidravlik şlanqı (gidrositel borusu),synonym,mufta hidravlik slanqi gidrositel borusu
TR-032,Mufta dəsti,synonym,caska feredo vijimnoy desti
TR-032,Mufta dəsti,synonym,mufta desti
TR-007,Çaşqa (sıxıcı disk/korzin),synonym,sixici disk
TR-007,Çaşqa (sıxıcı disk/korzin),synonym,sixici disk korzin
TR-007,Çaşqa (sıxıcı disk/korzin),synonym,casqa sixici disk korzin
TR-020,Mufta raboçi silindiri,synonym,mufta raboci silindiri
AK-017,Bardaçok,synonym,on panelde olan mebel
AK-017,Bardaçok,synonym,merkezi konsol tahta
AK-017,Bardaçok,synonym,panoramanin ramkasi
AK-019,Bardaçok kilidi,synonym,bardacok kilidi
AK-003,Günəşlik (günlük),synonym,gunluk
AK-003,Günəşlik (günlük),synonym,guneslik
AK-003,Günəşlik (günlük),synonym,salon gunluyu
AK-003,Günəşlik (günlük),synonym,salon gunesliyi
AK-003,Günəşlik (günlük),synonym,gunes qoruyucusu
AK-003,Günəşlik (günlük),synonym,gunes siperi
AK-003,Günəşlik (günlük),synonym,guneslik gunluk
KZ-068,Salon tavanı (dam örtüyü),synonym,dam ortuyu
KZ-068,Salon tavanı (dam örtüyü),synonym,dam desti
KZ-068,Salon tavanı (dam örtüyü),synonym,salon tavani dam ortuyu
KZ-057,Peçin barmaqlıqları (ventilyasiya barmaqlığı),synonym,ventilyasiya barmaqligi
KZ-057,Peçin barmaqlıqları (ventilyasiya barmaqlığı),synonym,pecin barmaqliqlari ventilyasiya barmaqligi
SR-005,Karopka yağı (mexanika/avtomat),synonym,karopka yagi mexanika avtomat
SO-024,Kondisioner zolotniki (doldurma klapanı),synonym,doldurma klapani
SO-024,Kondisioner zolotniki (doldurma klapanı),synonym,kondisioner zolotniki doldurma klapani
RG-13,Bypass klapanı,synonym,bypass klapani
MU-075,Turbo (nadduv) datçiki,synonym,turbo nadduv datciki
MU-085,Turbonun qoruyucusu (zaşitniki),synonym,zasitniki
MU-085,Turbonun qoruyucusu (zaşitniki),synonym,turbonun qoruyucusu zasitniki
MU-037,Turbo,synonym,torbonun yaglama durbasi
MU-037,Turbo,synonym,turbonun yaglama borusu
KZ-059,Faranın üst plasması,synonym,faranin ust plasmasi
KZ-044,Gündüz işığı (DRL),synonym,gunduz isigi drl
KZ-088,Fara bərkidici kronşteyni,synonym,fara salaskasi
KZ-088,Fara bərkidici kronşteyni,synonym,fara kronsteyni
KZ-088,Fara bərkidici kronşteyni,synonym,faranin berkidici hissesi
KZ-088,Fara bərkidici kronşteyni,synonym,fara berkidici kronsteyni
KZ-080,Fara yuyucu qapağı,synonym,faraya su vuran qapagi
KZ-080,Fara yuyucu qapağı,synonym,fara yuyucu qapagi
KZ-066,Fara linzası,synonym,fara linzasi
KZ-010,Fara şüşəsi,synonym,fara eyneyi
KZ-010,Fara şüşəsi,synonym,sag fara susesi
KZ-010,Fara şüşəsi,synonym,fara susesi
KZ-005,Fara (baş fara),synonym,bas fara
KZ-005,Fara (baş fara),synonym,fara desti
KZ-005,Fara (baş fara),synonym,led farasi
KZ-005,Fara (baş fara),synonym,on farasi
KZ-005,Fara (baş fara),synonym,isiq
KZ-005,Fara (baş fara),synonym,xenon farasi
KZ-005,Fara (baş fara),synonym,ksenon farasi
KZ-005,Fara (baş fara),synonym,lazer farasi
KZ-005,Fara (baş fara),synonym,fara bas fara
SR-003,Hava filtri,synonym,hava filtri muherrik
SR-003,Hava filtri,synonym,muherrik hava filteri
SR-003,Hava filtri,synonym,hava filteri muherrik ucun
SR-003,Hava filtri,synonym,muherrik hava filtri
SR-002,Yağ filtri,synonym,yag filtri muherrik
SR-002,Yağ filtri,synonym,yag filteri
SR-002,Yağ filtri,synonym,muherrik yag filteri
SR-002,Yağ filtri,synonym,muherrik yag filtri
SR-002,Yağ filtri,synonym,yag filteri muherrik ucun
SR-002,Yağ filtri,synonym,yag filtri
SR-006,Karopka filtri,synonym,suretler qutusu filteri
SR-006,Karopka filtri,synonym,suretler qutusunun filteri
SR-006,Karopka filtri,synonym,filter transmissiyasi
SR-006,Karopka filtri,synonym,suret qutusu filteri
SR-006,Karopka filtri,synonym,suret qutusu filtri
SR-006,Karopka filtri,synonym,suretler qutusu filtri
SR-006,Karopka filtri,synonym,suretler qutusunun filtri
MU-079,Karbürator,synonym,karburator
YA-003,TNVD (yüksək təzyiqli nasos),synonym,yuksek tezyiqli nasos
YA-003,TNVD (yüksək təzyiqli nasos),synonym,tnvd yuksek tezyiqli nasos
YA-026,Yanacaq nasosunun itələyicisi,synonym,tnvd iteleyicisi
YA-026,Yanacaq nasosunun itələyicisi,synonym,yanacaq nasosu iteleyicisi
YA-026,Yanacaq nasosunun itələyicisi,synonym,nasos iteleyicisi
YA-026,Yanacaq nasosunun itələyicisi,synonym,yanacaq nasosunun iteleyicisi
YA-011,Yanacaq reykası,synonym,yanacaq reykasi
TK-001,Şin (təkərin rezini),synonym,tekerin rezini
TK-001,Şin (təkərin rezini),synonym,tekerin col terefinde olan plasmas
TK-001,Şin (təkərin rezini),synonym,sin tekerin rezini
AK-004,Obşivka klipsi,synonym,obsivka klipsi
AK-006,Oturacaq plastik örtüyü,synonym,oturacaq plastik ortuyu
AK-006,Oturacaq plastik örtüyü,synonym,oturacaq plastik qapagi
AK-006,Oturacaq plastik örtüyü,synonym,oturacagin plastik qapagi
AK-006,Oturacaq plastik örtüyü,synonym,arka oturacagin plastik qapagi
AK-006,Oturacaq plastik örtüyü,synonym,surucu oturacaginin sol teref plastik qapagi
YA-027,Farsunkanın abratkası,synonym,farsunkanin abratkasi
EY-010,ABS bloku,synonym,absmodulu
EY-010,ABS bloku,synonym,absbloku
EY-011,ABS datçiki,synonym,abcsensoru
EY-011,ABS datçiki,synonym,abssensoru
EY-011,ABS datçiki,synonym,tekersensoru
EY-011,ABS datçiki,synonym,absdatciki
EY-011,ABS datçiki,synonym,датчикabs
EL-014,Park radar bloku,synonym,parkradari
EL-014,Park radar bloku,synonym,qabaqradari
EL-014,Park radar bloku,synonym,блокпарктроника
EL-013,Park radar sensoru (şunuru),synonym,датчикпарктроника
EL-035,Kamera,synonym,круговогообзора
AK-029,Arxa görüş kamerası,synonym,goruntukamerasi
EL-070,Faranın korrektoru (tənzimləyici motoru),synonym,моторчикрегулировки
EL-070,Faranın korrektoru (tənzimləyici motoru),synonym,tenzimleyicimotoru
AK-028,Park datçikləri,synonym,parkdatcikleri
AK-028,Park datçikləri,synonym,парковочныедатчики
RG-05,Zaslonka aktuatoru,synonym,zaslonkaaktuatoru
RG-05,Zaslonka aktuatoru,synonym,zaslonkamotoru
RG-05,Zaslonka aktuatoru,synonym,droselinaktuatoru
RG-05,Zaslonka aktuatoru,synonym,kepenekaktuatoru
MU-034,Zaslonka,synonym,drosselqapagi
MU-034,Zaslonka,synonym,zaslonkanindisi
MU-034,Zaslonka,synonym,zaslonkadisi
MU-034,Zaslonka,synonym,дроссельнаязаслонка
MU-036,EGR klapanı,synonym,egrklapani
MU-036,EGR klapanı,synonym,клапанegr
MU-082,Boğaz rezini (zaslonkanın),synonym,патрубоквпуска
YA-007,EVAP sistemi/klapanı (yanacaq kömürü),synonym,evapklapani
YA-007,EVAP sistemi/klapanı (yanacaq kömürü),synonym,evapsistemi
YA-007,EVAP sistemi/klapanı (yanacaq kömürü),synonym,yanacaqkomuru
MU-072,Qaz trosu (akselerator trosu),synonym,akseleratortrosu
MU-092,EGR borusu,synonym,egrborusu
MU-092,EGR borusu,synonym,eqrborusu
MU-092,EGR borusu,synonym,трубкаegr
AB-001,Akkumulyator (batareya),synonym,akkumulyatorbatareya
EL-030,Hibrid batareyası,synonym,hibridbatareyasi
AB-003,Akkumulyator kleması,synonym,akkumulyatorklemasi
AB-003,Akkumulyator kleması,synonym,клеммааккумулятора
AB-004,Akkumulyator bərkitmə skobası (planka),synonym,планкаскоба
AB-002,Akkumulyator qoruyucusu (əsas sigorta),synonym,esassigorta
TY-006,Coilover (sport asma dəsti),synonym,спортивнаяподвеска
AS-022,Pnevma kompressoru,synonym,pnevmakompressoru
AS-022,Pnevma kompressoru,synonym,компрессорпневмоподвески
AS-002,Amortizator dayaq yastığı (opora),synonym,amartizatorpadusqasi
AS-002,Amortizator dayaq yastığı (opora),synonym,amartizatorunpadusqasi
AS-002,Amortizator dayaq yastığı (opora),synonym,amartizatoryastigi
AS-002,Amortizator dayaq yastığı (opora),synonym,amortizatorpaduskasi
AS-002,Amortizator dayaq yastığı (opora),synonym,amortizatoryastigi
AS-031,Pnevmoasqının platası (idarəetmə bloku),synonym,idareetmebloku
AS-021,Pnevmopodveska (hava balonu),synonym,havabalonu
AS-021,Pnevmopodveska (hava balonu),synonym,amortizatorbalonu
AS-003,Amortizator dayaq podşipniki,synonym,amortizatorpodsipniki
AS-003,Amortizator dayaq podşipniki,synonym,opornininpativniki
AS-003,Amortizator dayaq podşipniki,synonym,oporninpativniki
AS-024,Amortizator pılniki,synonym,amortizatorortuyu
AS-024,Amortizator pılniki,synonym,amortizatorpilniki
AS-024,Amortizator pılniki,synonym,пыльникамортизатора
TY-013,Sport yay/koilover,synonym,спортивнаякойловер
TY-013,Sport yay/koilover,synonym,спортивнаяпружина
TY-013,Sport yay/koilover,synonym,sportkoilover
TY-013,Sport yay/koilover,synonym,sportyay
TY-013,Sport yay/koilover,synonym,sportyayi
SR-007,Antifriz,synonym,охлаждающаяжидкость
SR-009,Rulavoy mayesi (PSF),synonym,жидкостьгур
SR-008,Əyləc mayesi (tormoz mayesi/DOT4),synonym,tormozmayesi
SR-008,Əyləc mayesi (tormoz mayesi/DOT4),synonym,тормознаяжидкость
KZ-042,Baqaj amortizatoru,synonym,амортизаторбагажника
KZ-042,Baqaj amortizatoru,synonym,упорбагажника
KZ-042,Baqaj amortizatoru,synonym,baqajamortizatoru
KZ-050,Baqaj kilidi,synonym,baqajkilidi
KZ-033,Baqaj qapısı,synonym,baqajkapotu
KZ-033,Baqaj qapısı,synonym,baqajqapagi
KZ-033,Baqaj qapısı,synonym,baqajqapisi
KZ-033,Baqaj qapısı,synonym,крышкабагажника
KZ-034,Baqaj daxili plastikləri,synonym,baqajrezinleri
KZ-034,Baqaj daxili plastikləri,synonym,baqajqapaginin
KZ-070,Baqaj jaluzu (pərdəsi),synonym,шторкабагажника
KZ-070,Baqaj jaluzu (pərdəsi),synonym,жалюзибагажника
YA-025,Yanacaq çəni təzyiq sensoru (EVAP təzyiqi),synonym,системаevap
YA-025,Yanacaq çəni təzyiq sensoru (EVAP təzyiqi),synonym,evaptezyiqi
YA-025,Yanacaq çəni təzyiq sensoru (EVAP təzyiqi),synonym,evapsensoru
YA-004,Benzin bakı,synonym,yanacaqceni
YA-004,Benzin bakı,synonym,benzinbaki
YA-004,Benzin bakı,synonym,топливныйбак
AS-017,Arxa balka,synonym,arxabalka
AS-018,Most (körpü),synonym,mostkorpu
AS-016,Traves (podramnik),synonym,travespodramnik
KZ-004,Bufer daxili köpük (absorber),synonym,buferpenasi
KZ-004,Bufer daxili köpük (absorber),synonym,абсорбербампера
KZ-001,Bufer,synonym,buferdesti
KZ-001,Bufer,synonym,setbuferi
KZ-001,Bufer,synonym,buferplasmasi
KZ-001,Bufer,synonym,buferplastmasi
KZ-001,Bufer,synonym,renglibuferi
KZ-001,Bufer,synonym,hybridbuferi
KZ-001,Bufer,synonym,buferinxromu
KZ-001,Bufer,synonym,buferxromu
KZ-001,Bufer,synonym,m5buferi
KZ-079,Buksir yeri qapağı,synonym,buksirqapagi
KZ-079,Buksir yeri qapağı,synonym,buksiryeri
KZ-079,Buksir yeri qapağı,synonym,buksurqapagi
KZ-002,Bufer kronşteyni (salaska),synonym,buferkirsesi
KZ-002,Bufer kronşteyni (salaska),synonym,bufersalaskasi
KZ-002,Bufer kronşteyni (salaska),synonym,bufersancagi
KZ-002,Bufer kronşteyni (salaska),synonym,farakirsesi
KZ-002,Bufer kronşteyni (salaska),synonym,buferkronsteyni
KZ-002,Bufer kronşteyni (salaska),synonym,qabaqabircofka
KZ-076,Bufer altlığı (ətək),synonym,altbuferi
KZ-076,Bufer altlığı (ətək),synonym,buferaltligi
KZ-076,Bufer altlığı (ətək),synonym,buferalti
KZ-076,Bufer altlığı (ətək),synonym,buferqoruyucu
KZ-076,Bufer altlığı (ətək),synonym,buferqoruyucusu
KZ-076,Bufer altlığı (ətək),synonym,bufereteyi
KZ-003,Bufer üzlüyü (abrisofka),synonym,облицовкабампера
KZ-003,Bufer üzlüyü (abrisofka),synonym,накладкабампера
KZ-085,Bufer dayağı,synonym,bamperdayagi
KZ-085,Bufer dayağı,synonym,bamperindayagi
KZ-085,Bufer dayağı,synonym,buferindayagi
KZ-085,Bufer dayağı,synonym,buferdayagi
KZ-085,Bufer dayağı,synonym,опорабампера
KZ-086,Bufer barmaqlığı,synonym,bamperbarmaqligi
KZ-086,Bufer barmaqlığı,synonym,bamperinbarmaqligi
KZ-086,Bufer barmaqlığı,synonym,bufertoru
KZ-086,Bufer barmaqlığı,synonym,buferinbarmaqligi
KZ-086,Bufer barmaqlığı,synonym,buferbarmaqligi
KZ-043,Bufer gücləndiricisi (arma),synonym,силоваябалка
KZ-043,Bufer gücləndiricisi (arma),synonym,bamperguclendiricisi
KZ-043,Bufer gücləndiricisi (arma),synonym,buferguclendiricisi
YA-001,Benzin nasosu (yanacaq nasosu),synonym,yanacaqnasosu
YA-001,Benzin nasosu (yanacaq nasosu),synonym,benzinnasos
YA-001,Benzin nasosu (yanacaq nasosu),synonym,benzinnasosu
YA-001,Benzin nasosu (yanacaq nasosu),synonym,топливныйнасос
YA-012,Yanacaq şlanqı,synonym,yanacaqxetti
YA-012,Yanacaq şlanqı,synonym,yanacaqborusu
YA-012,Yanacaq şlanqı,synonym,топливнаятрубка
YA-012,Yanacaq şlanqı,synonym,топливнаямагистраль
YA-012,Yanacaq şlanqı,synonym,yanacaqslanqi
SO-002,Radiator ventilyatoru (elektroventilyator),synonym,havaperi
SO-002,Radiator ventilyatoru (elektroventilyator),synonym,radiatorperi
SO-002,Radiator ventilyatoru (elektroventilyator),synonym,soyutmaperi
SO-013,Viskomufta,synonym,вискомуфтавентилятора
SO-022,Radiator difuzoru (ventilyator korpusu),synonym,кожухвентилятора
SO-022,Radiator difuzoru (ventilyator korpusu),synonym,ventilyatorkorpusu
EG-005,Egzoz kollektoru (downpipe),synonym,выпускнойдаунпайп
EG-005,Egzoz kollektoru (downpipe),synonym,выпускнойколлектор
EG-011,Egzoz gofrası,synonym,гибкийвиброкомпенсатор
EG-011,Egzoz gofrası,synonym,egzozgofrasi
EG-010,Qəbul borusu (priyomnaya truba),synonym,priyomnayatruba
EG-010,Qəbul borusu (priyomnaya truba),synonym,приёмнаятруба
YA-020,Qaz magistralı (yüksək təzyiq borusu),synonym,forsunkaborusu
YA-020,Qaz magistralı (yüksək təzyiq borusu),synonym,forsunkatrubkasi
YA-020,Qaz magistralı (yüksək təzyiq borusu),synonym,dizeltrubkasi
YA-020,Qaz magistralı (yüksək təzyiq borusu),synonym,трубкифорсунок
YA-020,Qaz magistralı (yüksək təzyiq borusu),synonym,трубкидизельные
YA-014,Qaz forsunkası,synonym,qazforsunkasi
YA-015,Qaz balonu,synonym,qazbalonu
YA-015,Qaz balonu,synonym,газовыйбаллон
YA-019,Qaz filtri,synonym,qazfiltri
YA-017,Yanacaq növü keçid düyməsi (qaz/benzin),synonym,газбензин
YA-017,Yanacaq növü keçid düyməsi (qaz/benzin),synonym,qazbenzin
RG-07,Silindr başlığı boltları,synonym,qalofkaboltlari
RG-07,Silindr başlığı boltları,synonym,gbcboltlari
RG-07,Silindr başlığı boltları,synonym,головкиболты
RG-07,Silindr başlığı boltları,synonym,болтыгбц
RG-04,Hava borusu (hava filtri şlanqı),synonym,havaborusu
RG-04,Hava borusu (hava filtri şlanqı),synonym,havaslanqi
RG-04,Hava borusu (hava filtri şlanqı),synonym,filtrborusu
RG-04,Hava borusu (hava filtri şlanqı),synonym,впускнойшланг
RG-04,Hava borusu (hava filtri şlanqı),synonym,воздушныйшланг
RG-04,Hava borusu (hava filtri şlanqı),synonym,воздушныйпатрубок
MU-062,Baş (silindr blokunun başı),synonym,muherrikbasligi
MU-015,Klapan,synonym,впускнойвыпускной
MU-013,Üst krişka (klapan qapağı),synonym,klapanqapagi
MU-013,Üst krişka (klapan qapağı),synonym,клапаннаякрышка
MU-065,Koromislo (rokker),synonym,коромыслогрм
MU-065,Koromislo (rokker),synonym,рокергрм
MU-065,Koromislo (rokker),synonym,koromislorokker
MU-051,Membran (PCV klapanı),synonym,pcvklapani
MU-051,Membran (PCV klapanı),synonym,klapanmembran
RG-11,Klapan qapağı membranı,synonym,pcvmembrani
RG-11,Klapan qapağı membranı,synonym,pcvdiaphragm
RG-11,Klapan qapağı membranı,synonym,мембранаpcv
MU-064,Klapan yayı,synonym,klapanyayi
MU-064,Klapan yayı,synonym,пружинаклапана
MU-050,Vanos (VVT solenoidi),synonym,соленоидvanos
MU-050,Vanos (VVT solenoidi),synonym,соленоидvvt
MU-050,Vanos (VVT solenoidi),synonym,vvtsolenoidi
MU-050,Vanos (VVT solenoidi),synonym,vanussensoru
MU-099,Klapan itələyici,synonym,klapaniteleyici
MU-099,Klapan itələyici,synonym,толкательклапана
MU-063,Klapan suxariki (klapan fiksatoru),synonym,klapanfiksatoru
MU-061,Zəncir başmağı (sep başmağı),synonym,sepbasmagi
MU-061,Zəncir başmağı (sep başmağı),synonym,sepuspakaiteli
MU-061,Zəncir başmağı (sep başmağı),synonym,успокоительцепи
MU-061,Zəncir başmağı (sep başmağı),synonym,cepbasmaq
MU-061,Zəncir başmağı (sep başmağı),synonym,sepbasmaq
MU-093,Qrm krışkası (paylama qapağı),synonym,qrmkriskasi
MU-093,Qrm krışkası (paylama qapağı),synonym,kriskaqrm
MU-093,Qrm krışkası (paylama qapağı),synonym,крышкагрм
MU-093,Qrm krışkası (paylama qapağı),synonym,paylamaqapagi
MU-022,Natijitel (natyajnoy),synonym,kemertarimlayicisi
MU-022,Natijitel (natyajnoy),synonym,kemertenzimleyici
MU-022,Natijitel (natyajnoy),synonym,kemertenzimleyicisi
MU-022,Natijitel (natyajnoy),synonym,kemertarimlayici
MU-022,Natijitel (natyajnoy),synonym,natijitelnatyajnoy
MU-022,Natijitel (natyajnoy),synonym,натяжительремня
MU-052,Zəncir gərginləşdiricisi,synonym,zencirdarticisi
MU-052,Zəncir gərginləşdiricisi,synonym,zencirgerginlesdiricisi
MU-020,Çöl remen (dinamo remeni),synonym,dinamokemeri
MU-020,Çöl remen (dinamo remeni),synonym,colkemeri
MU-020,Çöl remen (dinamo remeni),synonym,colkemer
MU-019,İç remen (dişli qayış),synonym,disliqayis
MU-019,İç remen (dişli qayış),synonym,ickemeri
MU-019,İç remen (dişli qayış),synonym,ременьгрм
MU-023,Rolik,synonym,обводнойнатяжной
MU-023,Rolik,synonym,gerginlikroliki
MU-023,Rolik,synonym,kemerroliki
MU-023,Rolik,synonym,nizamlayicicarx
MU-023,Rolik,synonym,nizamlayicicarxi
MU-055,Zəncir (vaxtlama zənciri),synonym,vaxtlamazenciri
MU-055,Zəncir (vaxtlama zənciri),synonym,muherrikzenciri
MU-055,Zəncir (vaxtlama zənciri),synonym,zencirdesti
MU-055,Zəncir (vaxtlama zənciri),synonym,muherriksepi
MU-055,Zəncir (vaxtlama zənciri),synonym,muherrikinsepi
MU-055,Zəncir (vaxtlama zənciri),synonym,sepkriskasi
MU-055,Zəncir (vaxtlama zənciri),synonym,sepdesti
MU-055,Zəncir (vaxtlama zənciri),synonym,cepdesti
MU-021,Şkif,synonym,dinamonunskifi
MU-021,Şkif,synonym,muherrikskifi
MU-021,Şkif,synonym,dinamoskifi
MU-021,Şkif,synonym,pompaskifi
SU-014,Rulevoy baçoku,synonym,hidrovlikceni
SU-014,Rulevoy baçoku,synonym,rulevoybacoku
SU-014,Rulevoy baçoku,synonym,бачокгур
SU-005,Rulevoy usilitel (gidrousilitel),synonym,dizelhidroguclendiricisi
SU-005,Rulevoy usilitel (gidrousilitel),synonym,гидроусилительруля
SU-007,Rulevoy motoru (elektrik gücləndirici),synonym,elektrikguclendirici
SU-010,Gidrousilitel nasosu,synonym,gidrousilitelnasosu
SU-013,Rulevoy şlanqı,synonym,rulevoyslanqi
EY-015,Vakum nasosu,synonym,vakuumyaradicisi
EY-015,Vakum nasosu,synonym,vakumnasosu
EY-015,Vakum nasosu,synonym,вакуумныйнасос
EY-006,Vakum (tormoz gücləndiricisi),synonym,tormozguclendiricisi
EY-007,Qlavnı silindir,synonym,tormuzunqlavnisi
EY-007,Qlavnı silindir,synonym,tormuzqlavnisi
EY-007,Qlavnı silindir,synonym,qlavnitormuz
EY-007,Qlavnı silindir,synonym,qlavnisilindir
EY-007,Qlavnı silindir,synonym,qlavniysilindir
EY-007,Qlavnı silindir,synonym,qlavnisilindiri
EY-007,Qlavnı silindir,synonym,tormozunqlavnisi
EY-007,Qlavnı silindir,synonym,qlavnoysilindir
EY-007,Qlavnı silindir,synonym,qlavnoytormoz
EY-007,Qlavnı silindir,synonym,glavnoytormoz
EY-007,Qlavnı silindir,synonym,glavnitormoz
EY-007,Qlavnı silindir,synonym,glavnisilindir
EY-007,Qlavnı silindir,synonym,glavniysilindir
EY-007,Qlavnı silindir,synonym,tormuzunsilindiri
EY-007,Qlavnı silindir,synonym,eylecinqlavnisi
EY-007,Qlavnı silindir,synonym,eylecqlavnisi
EY-007,Qlavnı silindir,synonym,главныйтормозной
EY-007,Qlavnı silindir,synonym,мастерцилиндр
EY-007,Qlavnı silindir,synonym,тормозноймастер
EY-007,Qlavnı silindir,synonym,mastercylinder
EY-019,Arxa əyləc silindri (baraban),synonym,arxasilindir
EY-009,Tormuz şlankı,synonym,eylecslanqi
EY-009,Tormuz şlankı,synonym,tormozslanqi
EY-009,Tormuz şlankı,synonym,eylecslanki
EY-009,Tormuz şlankı,synonym,tormuzslanki
EY-009,Tormuz şlankı,synonym,тормознойшланг
TR-004,Karopka beyni (TCU/gidro bloku),synonym,tcuгидроблок
TR-004,Karopka beyni (TCU/gidro bloku),synonym,gidrobloku
TR-005,Karopka datçiki (təzyiq/sürət),synonym,давленияскорости
TR-005,Karopka datçiki (təzyiq/sürət),synonym,tezyiqsuret
RG-06,Mexatronik (DSG idarəetmə bloku),synonym,mexatronikibeyni
RG-06,Mexatronik (DSG idarəetmə bloku),synonym,dsgbeyni
RG-06,Mexatronik (DSG idarəetmə bloku),synonym,robotunbeyni
RG-06,Mexatronik (DSG idarəetmə bloku),synonym,mexatronkibeyni
RG-06,Mexatronik (DSG idarəetmə bloku),synonym,мозгимехатроника
RG-06,Mexatronik (DSG idarəetmə bloku),synonym,dsgbloku
RG-06,Mexatronik (DSG idarəetmə bloku),synonym,dq200beyni
RG-06,Mexatronik (DSG idarəetmə bloku),synonym,dq250beyni
TR-018,Solenoid (karopka klapanı),synonym,solenoidkaropka
TR-018,Solenoid (karopka klapanı),synonym,karopkaklapani
EG-003,Qluşitel (susdurucu),synonym,qlusitelsusdurucu
EG-009,Səsboğucu ucluğu (müştük),synonym,sesbogucubasligi
EG-009,Səsboğucu ucluğu (müştük),synonym,насадкаглушителя
EG-007,Qluşitel/egzoz asqısı (podvesnoy rezini),synonym,резиноваяподушка
EG-007,Qluşitel/egzoz asqısı (podvesnoy rezini),synonym,qlusitelasqisi
EG-007,Qluşitel/egzoz asqısı (podvesnoy rezini),synonym,egzozasqisi
EG-007,Qluşitel/egzoz asqısı (podvesnoy rezini),synonym,podvesnoyrezini
EG-007,Qluşitel/egzoz asqısı (podvesnoy rezini),synonym,sesbogucurezini
EG-008,Qluşitel praklatkası,synonym,qlusitelpraklatkasi
EG-008,Qluşitel praklatkası,synonym,прокладкаглушителя
EG-004,Qazan (rezonator),synonym,задняябанка
EG-004,Qazan (rezonator),synonym,qazanrezonator
EG-006,DPF filtri,synonym,dpffilteri
EG-006,DPF filtri,synonym,dpffiltri
MU-045,MAP sensoru,synonym,mapsensoru
MU-044,Detonasiya datçiki,synonym,detonasiyadatciki
MU-044,Detonasiya datçiki,synonym,датчикдетонации
MU-040,Kalenval datçiki,synonym,kalenvalsensoru
MU-040,Kalenval datçiki,synonym,kalenvalinsensoru
MU-040,Kalenval datçiki,synonym,qalvalindaciqi
MU-040,Kalenval datçiki,synonym,kalenvaldatciki
MU-040,Kalenval datçiki,synonym,датчикколенвала
MU-041,Raspredval datçiki,synonym,raspidvaldaccik
MU-041,Raspredval datçiki,synonym,raspidvaldatciki
MU-041,Raspredval datçiki,synonym,raspredvaldaccik
MU-041,Raspredval datçiki,synonym,raspredvaldatciki
MU-041,Raspredval datçiki,synonym,датчикраспредвала
MU-033,Vozduxamer (MAF sensoru),synonym,mafsensoru
MU-033,Vozduxamer (MAF sensoru),synonym,havasensoru
MU-033,Vozduxamer (MAF sensoru),synonym,havaolceni
MU-033,Vozduxamer (MAF sensoru),synonym,havaolcensensoru
RG-08,Şarj bloku (OBC),synonym,obcbloku
RG-08,Şarj bloku (OBC),synonym,sarjbloku
RG-08,Şarj bloku (OBC),synonym,бортовоезарядное
RG-08,Şarj bloku (OBC),synonym,блокзарядки
RG-08,Şarj bloku (OBC),synonym,зарядныйблок
EL-028,Predaxranitel bloku (qoruyucular),synonym,блокпредохранителей
EL-031,Hibrid invertoru,synonym,hibridinvertoru
EL-031,Hibrid invertoru,synonym,гибридныйинвертор
EL-017,Yağış sensoru,synonym,yagissensoru
EL-017,Yağış sensoru,synonym,датчикдождя
RG-12,NOx sensoru,synonym,noxsensor
RG-12,NOx sensoru,synonym,noxsensoru
RG-12,NOx sensoru,synonym,noxdatciki
RG-12,NOx sensoru,synonym,датчикnox
RG-12,NOx sensoru,synonym,noxдатчик
EL-081,İşıq sensoru,synonym,isiqsensoru
EL-081,İşıq sensoru,synonym,датчикосвещённости
EL-027,Sürət sensoru (spidometr),synonym,датчикскорости
EL-056,Siqnal (qudok),synonym,siqnalqudok
EL-046,Avariya düyməsi,synonym,avariyaduymesi
RG-10,Qoruyucu bloku qapağı,synonym,крышкапредохранителей
EL-032,Naqillər/ştekerlər (provodka),synonym,проводкаразъёмы
EL-083,Head-up displey,synonym,проекционныйдисплей
EL-049,Benzin nasosu relesi,synonym,релебензонасоса
EL-050,Şotka relesi,synonym,sotkarelesi
EL-050,Şotka relesi,synonym,реледворников
EL-051,Kondisioner relesi,synonym,kondisionerrelesi
EL-051,Kondisioner relesi,synonym,релекондиционера
EL-052,Povorotnik relesi,synonym,povorotnikrelesi
EL-026,Elektron qaz pedalı,synonym,qazpedali
EL-019,Kondisioner idarəetmə bloku (klimat kontrol),synonym,klimatkontrol
EL-020,Kondisioner datçiki,synonym,датчиккондиционера
EL-020,Kondisioner datçiki,synonym,актуаторкондиционера
EL-020,Kondisioner datçiki,synonym,kondisioneraktuatoru
EL-020,Kondisioner datçiki,synonym,kondisionerdatciki
RG-01,Çöl temperatur datçiki,synonym,ambientsensor
KZ-015,Qapı (polotno),synonym,qapipolotno
KZ-017,Qapı zamoku,synonym,qapikilidi
KZ-017,Qapı zamoku,synonym,qapizamoku
KZ-017,Qapı zamoku,synonym,замокдвери
KZ-045,Şüşəqaldıran mexanizm,synonym,suseqaldirani
KZ-045,Şüşəqaldıran mexanizm,synonym,suseqaldirici
KZ-045,Şüşəqaldıran mexanizm,synonym,suseqaldiranmexanizm
KZ-045,Şüşəqaldıran mexanizm,synonym,механизмстеклоподъёмника
KZ-019,Qapı kartası,synonym,qapikartasi
KZ-058,Qapı fiksatoru,synonym,qapifiksatoru
KZ-041,Qapı menteşəsi,synonym,qapipetlesi
KZ-041,Qapı menteşəsi,synonym,qapimentesesi
KZ-041,Qapı menteşəsi,synonym,петлядвери
KZ-016,Qapı ruçkası,synonym,qapitutacag
KZ-016,Qapı ruçkası,synonym,qapitutacagi
KZ-016,Qapı ruçkası,synonym,qapidesteyi
KZ-016,Qapı ruçkası,synonym,qapielceyi
KZ-016,Qapı ruçkası,synonym,qapielcegi
KZ-016,Qapı ruçkası,synonym,qapiruckasi
KZ-016,Qapı ruçkası,synonym,ручкадвери
KZ-018,Qapı rezini,synonym,qapirezini
KZ-018,Qapı rezini,synonym,уплотнительдвери
KZ-061,Şüşəqaldıran cerviyakı (val),synonym,susenintrosu
KZ-061,Şüşəqaldıran cerviyakı (val),synonym,suseqaldiranzencir
KZ-061,Şüşəqaldıran cerviyakı (val),synonym,червякстеклоподъёмника
MU-010,Balans valı,synonym,balansvali
MU-010,Balans valı,synonym,балансировочныйвал
MU-070,Silindr bloku,synonym,silindrbloku
MU-070,Silindr bloku,synonym,блокцилиндров
MU-006,Vkladış,synonym,satunyatagi
MU-032,Hava kollektoru,synonym,havakollektoru
MU-032,Hava kollektoru,synonym,впускнойколлектор
MU-053,Mühərrik alt qoruyucusu,synonym,korpusprk
MU-009,Karter,synonym,muherrikkarteri
MU-009,Karter,synonym,картермаслосборник
MU-002,Kalenval,synonym,dirseklival
MU-002,Kalenval,synonym,dirseklivali
MU-059,Hava filtri qutusu (korpus),synonym,havaqabi
MU-059,Hava filtri qutusu (korpus),synonym,havaolcenqabi
MU-029,Yağ filtri korpusu (kitabça),synonym,yagkitabcasi
MU-029,Yağ filtri korpusu (kitabça),synonym,yagkitabi
MU-074,Mühərrik qapağı (dekorativ),synonym,muherrikqapagi
MU-057,Yağ qapağı (maslozalivnaya qapaq),synonym,maslozalivnayaqapaq
MU-027,Yağ nasosu,synonym,yagnasosu
MU-027,Yağ nasosu,synonym,масляныйнасос
MU-056,Yağ çubuğu,synonym,yagcubugu
MU-056,Yağ çubuğu,synonym,масляныйщуп
MU-089,Hava borusu (patrubok),synonym,havaboru
MU-089,Hava borusu (patrubok),synonym,havaxortumu
MU-089,Hava borusu (patrubok),synonym,havaolcenborusu
MU-089,Hava borusu (patrubok),synonym,патрубоквоздуховода
MU-076,Aypara şayba (şponka),synonym,шкиваколенвала
MU-004,Porşen,synonym,muherrikporseni
MU-008,Kladiş (porşen barmağı),synonym,porsenbarmagi
MU-008,Kladiş (porşen barmağı),synonym,поршневойпалец
MU-005,Kolsa,synonym,porsenhalqasi
MU-005,Kolsa,synonym,porsenhalqalari
MU-005,Kolsa,synonym,halqadesti
MU-005,Kolsa,synonym,porsenuzugu
MU-005,Kolsa,synonym,porsenuzukleri
MU-005,Kolsa,synonym,uzukdesti
MU-005,Kolsa,synonym,kolcadesti
MU-005,Kolsa,synonym,поршневыекольца
MU-003,Raspredval,synonym,paylayicival
MU-003,Raspredval,synonym,paylayicivali
AK-026,Buksir trosu,synonym,buksirtrosu
AK-026,Buksir trosu,synonym,буксировочныйтрос
AK-020,Papiros yandırıcı (prikurivatel),synonym,гнездоприкуривателя
AK-041,Panel örtüyü,synonym,panelortuyu
AK-043,Pedal üzlüyü,synonym,pedaluzluyu
AK-048,Kəmər qoruyucusu,synonym,kemerqoruyucusu
AK-046,Baqaj orqanayzeri,synonym,baqajorqanayzeri
AK-015,Maşın plonkası (folya),synonym,обклейкакузова
AK-008,Stəkan tutacağı,synonym,stekantutacagi
AK-032,Eynək qutusu (açki qabı),synonym,ackiqabi
AK-036,Tavan arakəsməsi (eninə duqa),synonym,enineduqa
AK-036,Tavan arakəsməsi (eninə duqa),synonym,tavanarakesme
AK-036,Tavan arakəsməsi (eninə duqa),synonym,tavanarakesmeleri
AK-036,Tavan arakəsməsi (eninə duqa),synonym,tavanarakesmesi
AK-011,Nömrə altlığı/kantı,synonym,nomrealtligi
AK-011,Nömrə altlığı/kantı,synonym,nomrekanti
AK-011,Nömrə altlığı/kantı,synonym,nomrealti
AK-011,Nömrə altlığı/kantı,synonym,nomreqabi
AK-011,Nömrə altlığı/kantı,synonym,nomrealtisi
AK-009,Reylinq (dam üstü baqaj),synonym,damduqasi
AK-009,Reylinq (dam üstü baqaj),synonym,tavanduqasi
AK-009,Reylinq (dam üstü baqaj),synonym,baqajduqasi
KZ-038,Kant (xrom kant),synonym,xromkant
KZ-038,Kant (xrom kant),synonym,baqajnikeli
KZ-038,Kant (xrom kant),synonym,buferkanti
KZ-038,Kant (xrom kant),synonym,bufernikeli
KZ-038,Kant (xrom kant),synonym,farakanti
KZ-038,Kant (xrom kant),synonym,qapikanti
KZ-038,Kant (xrom kant),synonym,xromkanti
KZ-038,Kant (xrom kant),synonym,buferinnikeli
AK-033,Barsetka (mərkəzi konsol qutusu),synonym,подлокотникбокс
TK-007,Təkər boltu/qaykası,synonym,болтколеса
TK-007,Təkər boltu/qaykası,synonym,гайкаколеса
TK-007,Təkər boltu/qaykası,synonym,tekerboltu
TK-007,Təkər boltu/qaykası,synonym,tekerqaykasi
TK-002,Disk (təkər diski),synonym,tekerdiski
TK-002,Disk (təkər diski),synonym,дискколеса
TK-006,Spacer (təkər araqatı),synonym,tekeraraqati
TK-009,Sekretka,synonym,sekretkateker
TK-009,Sekretka,synonym,секретныеболты
EY-005,Baraban,synonym,тормознойбарабан
EY-002,Apornu (əyləc diski),synonym,eylecdiski
EY-002,Apornu (əyləc diski),synonym,тормознойдиск
TY-002,Duqa (kенгурятник),synonym,силовойбампер
TY-002,Duqa (kенгурятник),synonym,offroadarkasi
TY-002,Duqa (kенгурятник),synonym,ofroadarkasi
TY-002,Duqa (kенгурятник),synonym,duqakенгурятник
TW-001,Qoşqu qurğusu,synonym,фаркопустройство
TW-001,Qoşqu qurğusu,synonym,сцепноеустройство
TW-001,Qoşqu qurğusu,synonym,qosququrgusu
KZ-049,Əlavə stop (üçüncü stop),synonym,ucuncustop
KZ-049,Əlavə stop (üçüncü stop),synonym,spoylerdekistop
KZ-049,Əlavə stop (üçüncü stop),synonym,yuxaridakistop
KZ-049,Əlavə stop (üçüncü stop),synonym,ortastop
KZ-049,Əlavə stop (üçüncü stop),synonym,baqajstop
KZ-049,Əlavə stop (üçüncü stop),synonym,третийстоп
KZ-049,Əlavə stop (üçüncü stop),synonym,верхнийстоп
KZ-049,Əlavə stop (üçüncü stop),synonym,центральныйстоп
KZ-049,Əlavə stop (üçüncü stop),synonym,merkezistopu
KZ-049,Əlavə stop (üçüncü stop),synonym,merkeziisiq
KZ-007,Stop (arxa fənər),synonym,arxafener
KZ-007,Stop (arxa fənər),synonym,stopfarasi
KZ-007,Stop (arxa fənər),synonym,stopisigi
KZ-007,Stop (arxa fənər),synonym,stoplampasi
KZ-007,Stop (arxa fənər),synonym,xaricistopu
KZ-007,Stop (arxa fənər),synonym,xaricistop
KZ-007,Stop (arxa fənər),synonym,daxilistopu
KZ-007,Stop (arxa fənər),synonym,baqajstopu
KZ-007,Stop (arxa fənər),synonym,qanadstopu
KZ-007,Stop (arxa fənər),synonym,заднийфонарь
KZ-009,Reflektor,synonym,bufereksetdiricisi
KZ-009,Reflektor,synonym,eksetdiriciisigi
KZ-009,Reflektor,synonym,bumperreflektoru
KZ-009,Reflektor,synonym,bamperreflektoru
KZ-009,Reflektor,synonym,isiqeksetdiricisi
KZ-009,Reflektor,synonym,катафототражатель
KZ-063,Arxa fənərin platası (LED),synonym,stopplata
KZ-048,Stop şüşəsi,synonym,stopsusesi
MU-025,Babin (bobin),synonym,alisdirmabobini
MU-025,Babin (bobin),synonym,babinbobin
MU-025,Babin (bobin),synonym,катушказажигания
MU-026,Kalyan (bobin başlığı),synonym,bobinbasligi
MU-026,Kalyan (bobin başlığı),synonym,bobinmustuyu
MU-054,Qızdırıcı şam,synonym,qizdiricisam
MU-054,Qızdırıcı şam,synonym,свечанакала
MU-060,Trambler (alışdırma paylayıcısı),synonym,распределительзажигания
MU-060,Trambler (alışdırma paylayıcısı),synonym,alisdirmapaylayicisi
TK-003,Ehtiyat təkər (zapaska),synonym,запасноеколесо
KZ-020,Güzgü (yan güzgü),synonym,yanguzgu
KZ-020,Güzgü (yan güzgü),synonym,yanguzgusu
KZ-020,Güzgü (yan güzgü),synonym,guzgudesti
KZ-020,Güzgü (yan güzgü),synonym,terefguzgu
KZ-020,Güzgü (yan güzgü),synonym,боковоезеркало
KZ-054,Salon güzgüsü,synonym,salonguzgusu
KZ-022,Güzgü korpusu,synonym,корпусзеркала
KZ-022,Güzgü korpusu,synonym,крышказеркала
KZ-022,Güzgü korpusu,synonym,guzgukorpusu
KZ-022,Güzgü korpusu,synonym,guzguqapagi
KZ-022,Güzgü korpusu,synonym,guzgununkriskasi
KZ-022,Güzgü korpusu,synonym,guzgunikeli
KZ-021,Güzgü şüşəsi,synonym,guzguici
KZ-021,Güzgü şüşəsi,synonym,guzguicligi
KZ-021,Güzgü şüşəsi,synonym,guzgununici
KZ-021,Güzgü şüşəsi,synonym,guzgusuici
KZ-021,Güzgü şüşəsi,synonym,guzgususesi
KZ-021,Güzgü şüşəsi,synonym,стеклозеркала
TR-029,Hidrotransformator (torkon),synonym,hidrotransformatortorkon
TR-029,Hidrotransformator (torkon),synonym,гидротрансформаторторкон
TR-001,Sürətlər qutusu,synonym,suretlerqutusu
RG-09,Razdatka qutusu,synonym,razdatkaqutusu
RG-09,Razdatka qutusu,synonym,transfercase
RG-09,Razdatka qutusu,synonym,transferqutusu
RG-09,Razdatka qutusu,synonym,раздаточнаякоробка
TR-014,Karopka salniki (val salniki),synonym,сальниккоробки
TR-014,Karopka salniki (val salniki),synonym,сальникполуоси
TR-014,Karopka salniki (val salniki),synonym,valsalniki
TR-015,Rıçaq (sellektor),synonym,ricaqsellektor
TR-016,Skorus/sürət trosu,synonym,skorustrosu
TR-016,Skorus/sürət trosu,synonym,surettrosu
TR-017,Friksion (paket disk),synonym,пакетакпп
TR-017,Friksion (paket disk),synonym,paketdisk
TR-017,Friksion (paket disk),synonym,friksionaldisk
TR-019,Sürət qutusunun şestərnası,synonym,karopkasesternasi
TR-019,Sürət qutusunun şestərnası,synonym,шестернякпп
KZ-026,Kapot amortizatoru,synonym,амортизаторкапота
KZ-026,Kapot amortizatoru,synonym,упоркапота
KZ-026,Kapot amortizatoru,synonym,kapotamortizatoru
KZ-025,Kapot zamoku,synonym,kapotkilidi
KZ-025,Kapot zamoku,synonym,kapotzamoku
KZ-025,Kapot zamoku,synonym,замоккапота
KZ-027,Krılo (qanad),synonym,kapotsumkasi
KZ-027,Krılo (qanad),synonym,kapotunizolyasiyasi
KZ-027,Krılo (qanad),synonym,kriloqanad
KZ-024,Kapot petləsi,synonym,kapotunpetlesi
KZ-024,Kapot petləsi,synonym,kapotmentese
KZ-024,Kapot petləsi,synonym,kapotpetlesi
KZ-024,Kapot petləsi,synonym,петлякапота
KZ-028,Radiator barmaqlığı,synonym,nikelbarmaqligi
KZ-028,Radiator barmaqlığı,synonym,altbarmaqligi
KZ-028,Radiator barmaqlığı,synonym,ortabarmaqligi
KZ-028,Radiator barmaqlığı,synonym,ustbarmaqliq
KZ-028,Radiator barmaqlığı,synonym,radiatorbarmaqligi
KZ-028,Radiator barmaqlığı,synonym,решёткарадиатора
KZ-052,Kapot/baqaj açma trosu,synonym,kapotacani
KZ-052,Kapot/baqaj açma trosu,synonym,kapottrosu
KZ-052,Kapot/baqaj açma trosu,synonym,qapitrosu
KZ-084,Kapot rezini,synonym,kapotkipgeci
KZ-084,Kapot rezini,synonym,kapotunrezini
KZ-084,Kapot rezini,synonym,kapotrezini
KZ-084,Kapot rezini,synonym,уплотнителькапота
KZ-077,Kapot üzlüyü (izolyasiya),synonym,kapotizolyasiyasi
KZ-077,Kapot üzlüyü (izolyasiya),synonym,kapotuzluyu
TR-012,Kardan (ötürücü kardan valı),synonym,карданныйвал
TR-021,Kardan krestovinası,synonym,kardankrestovinasi
TR-022,Kardan valının yastığı (podvesnoy yastıq),synonym,podvesnoyyastiq
TR-022,Kardan valının yastığı (podvesnoy yastıq),synonym,kardaninpadrisnoyu
TR-022,Kardan valının yastığı (podvesnoy yastıq),synonym,aradayagi
TR-022,Kardan valının yastığı (podvesnoy yastıq),synonym,aradayaq
TR-022,Kardan valının yastığı (podvesnoy yastıq),synonym,padsipnikkardan
TR-022,Kardan valının yastığı (podvesnoy yastıq),synonym,kardaninpadsipniki
TR-011,Bublik (flanets),synonym,карданныйприводной
TR-011,Bublik (flanets),synonym,bublikflanets
TR-013,Elastik mufta,synonym,elastikmuftasi
TR-013,Elastik mufta,synonym,elastikmufta
KZ-037,Deflektor (vetrovik),synonym,qapikulekliyi
KZ-037,Deflektor (vetrovik),synonym,deflektorvetrovik
KZ-037,Deflektor (vetrovik),synonym,дефлекторветровик
AK-001,Ayaqaltı (kovrik),synonym,ayaqaltidesti
AK-001,Ayaqaltı (kovrik),synonym,ayaqaltirezini
AK-001,Ayaqaltı (kovrik),synonym,ayaqaltikovrik
AK-001,Ayaqaltı (kovrik),synonym,ковриксалона
AK-005,Baqaj xalçası/keçəsi,synonym,коврикбагажника
AK-005,Baqaj xalçası/keçəsi,synonym,подстилкабагажника
AK-005,Baqaj xalçası/keçəsi,synonym,baqajkecesi
AK-005,Baqaj xalçası/keçəsi,synonym,baqajxalcasi
AK-034,Salon kovrolini (döşəmə örtüyü),synonym,напольноепокрытие
AK-034,Salon kovrolini (döşəmə örtüyü),synonym,dosemeortuyu
AK-010,Şüşə silən (əl/pərdə),synonym,fircadesti
AK-010,Şüşə silən (əl/pərdə),synonym,susesilecegi
AK-010,Şüşə silən (əl/pərdə),synonym,ayaqaltietir
AK-010,Şüşə silən (əl/pərdə),synonym,kandsaneretir
AK-010,Şüşə silən (əl/pərdə),synonym,sportunpalisleri
AK-010,Şüşə silən (əl/pərdə),synonym,silecekrezini
AK-010,Şüşə silən (əl/pərdə),synonym,deflektortenzimleyici
AK-010,Şüşə silən (əl/pərdə),synonym,щёткастеклоочистителя
EY-001,Naklatka (əyləc bəndi),synonym,eylecbendi
EY-001,Naklatka (əyləc bəndi),synonym,eylecuzluyu
EY-001,Naklatka (əyləc bəndi),synonym,rucnoynaklatka
EY-001,Naklatka (əyləc bəndi),synonym,rucnoyunnaklatkalari
EY-001,Naklatka (əyləc bəndi),synonym,ручникколодки
EY-001,Naklatka (əyləc bəndi),synonym,колодкиручника
EY-001,Naklatka (əyləc bəndi),synonym,тормознаяколодка
TK-004,Disk kalpağı,synonym,diskqapagi
TK-004,Disk kalpağı,synonym,diskqapaqlari
TK-004,Disk kalpağı,synonym,diskkalpagi
TK-004,Disk kalpağı,synonym,колпакдиска
AK-024,Təkər kolpakı,synonym,tekerkolpaki
SO-012,Kondisioner kompressoru,synonym,kandisanerkompressoru
SO-012,Kondisioner kompressoru,synonym,kandisonerkampressoru
SO-012,Kondisioner kompressoru,synonym,kondisanerkompressor
SO-012,Kondisioner kompressoru,synonym,kandisanerkompressor
SO-012,Kondisioner kompressoru,synonym,kondisionerkompressoru
SO-012,Kondisioner kompressoru,synonym,компрессоркондиционера
SO-036,Kondisioner kompressorunun kronşteyni,synonym,kompressorkronsteyni
SO-036,Kondisioner kompressorunun kronşteyni,synonym,кронштейнкомпрессора
SO-033,Kompressor muftası (maqnit),synonym,kompressormuftasi
SO-033,Kompressor muftası (maqnit),synonym,kompressorunmaqniti
SO-033,Kompressor muftası (maqnit),synonym,kompressorunmuftasi
SO-033,Kompressor muftası (maqnit),synonym,муфтакомпрессора
EG-002,Katalizator/oksigen datçiki (lambda zond),synonym,лямбдазонд
EG-002,Katalizator/oksigen datçiki (lambda zond),synonym,katalizatordatciki
EG-002,Katalizator/oksigen datçiki (lambda zond),synonym,lambdazond
EG-002,Katalizator/oksigen datçiki (lambda zond),synonym,oksigendatciki
EG-002,Katalizator/oksigen datçiki (lambda zond),synonym,katalizatorsensoru
SR-001,Mühərrik yağı,synonym,shellhelix
SR-001,Mühərrik yağı,synonym,helixhx8
SR-001,Mühərrik yağı,synonym,miquin5w30
SR-001,Mühərrik yağı,synonym,miquinyag
SR-001,Mühərrik yağı,synonym,muherrikyagi
SR-001,Mühərrik yağı,synonym,моторноемасло
EL-004,Qapı zamoku aktuatoru (mərkəzi kilid),synonym,центральныйзамок
EL-004,Qapı zamoku aktuatoru (mərkəzi kilid),synonym,merkezikilid
EL-022,Baqaj/yanacaq açma düyməsi,synonym,baqajduymesi
EL-048,Güzgü tənzimləmə düyməsi,synonym,guzguidareedicisi
EL-003,Şüşəqaldıran düyməsi/blok,synonym,кнопкастеклоподъёмника
EL-003,Şüşəqaldıran düyməsi/blok,synonym,блокстеклоподъёмника
EL-003,Şüşəqaldıran düyməsi/blok,synonym,suseqaldiranblok
EL-003,Şüşəqaldıran düyməsi/blok,synonym,suseqaldiranduymesi
EL-005,Güzgü matoru,synonym,guzgumatoru
EL-005,Güzgü matoru,synonym,моторзеркала
EL-034,Lyuk matoru,synonym,lyukmatoru
EL-034,Lyuk matoru,synonym,моторлюка
EL-001,Şüşəqaldıran motoru,synonym,suseqaldiranmotoru
EL-001,Şüşəqaldıran motoru,synonym,моторстеклоподъёмника
EL-041,Qapı kilid mühərriyi,synonym,приводцз
EL-072,Şüşə silənin motoru (dvornik motoru),synonym,dvornikmotoru
EL-002,Şüşəqaldıran mexanizmi,synonym,pencerepadyomniki
EL-002,Şüşəqaldıran mexanizmi,synonym,pencerelerinpadyomniki
EL-002,Şüşəqaldıran mexanizmi,synonym,suseqaldiranmexanizmi
AU-008,USB/CarPlay modulu (port),synonym,модульcarplay
AU-008,USB/CarPlay modulu (port),synonym,carplaymodulu
AU-008,USB/CarPlay modulu (port),synonym,usbmodulu
AK-031,Avtomobil antenası,synonym,avtomobilantenasi
AK-031,Avtomobil antenası,synonym,автомобильнаяантенна
EL-036,Bort kompüter,synonym,bortkomputer
EL-036,Bort kompüter,synonym,бортовойкомпьютер
AK-027,Video registrator,synonym,videoregistrator
AU-001,Kalonka (dinamik),synonym,qapikalonkasi
AU-001,Kalonka (dinamik),synonym,monitordesti
AU-001,Kalonka (dinamik),synonym,tweeterdinamik
AU-001,Kalonka (dinamik),synonym,kalonkadinamik
AU-001,Kalonka (dinamik),synonym,колонкадинамик
AU-003,Maqnitafon (baş qurğu),synonym,головноеустройство
AU-003,Maqnitafon (baş qurğu),synonym,basqurgu
AU-003,Maqnitafon (baş qurğu),synonym,zavodmaqnitafon
AU-005,Midbass (dinamik növü),synonym,типдинамика
AU-005,Midbass (dinamik növü),synonym,dinamiknovu
EL-023,Manitor (multimedia ekranı),synonym,multimediaekrani
EL-023,Manitor (multimedia ekranı),synonym,мультимедийныйэкран
EL-038,Cihazlar paneli (şit),synonym,suretpaneli
EL-038,Cihazlar paneli (şit),synonym,sitqapagi
EL-038,Cihazlar paneli (şit),synonym,cihazlarpaneli
EL-038,Cihazlar paneli (şit),synonym,ekranpaneli
EL-038,Cihazlar paneli (şit),synonym,panelekrani
EL-038,Cihazlar paneli (şit),synonym,suretlerpaneli
AU-004,Manitorun çərçivəsi (montaj),synonym,monitorqoruyucusu
AU-006,Basofka (subvufer),synonym,basofkasubvufer
AU-002,Usilitel (sesgücləndirici),synonym,usilitelsesguclendirici
AU-002,Usilitel (sesgücləndirici),synonym,усилительзвука
SU-018,Mayatnik qolu,synonym,mayatnikqolu
SU-018,Mayatnik qolu,synonym,маятниковыйрычаг
SU-001,Nakonechnik (sükan dartısı ucluğu),synonym,sukansonlugu
SU-001,Nakonechnik (sükan dartısı ucluğu),synonym,sukanuclugu
SU-017,Nakonechnik pılniki,synonym,nakonechnikpilniki
SU-017,Nakonechnik pılniki,synonym,пыльникнаконечника
SU-002,Sükan dartısı,synonym,sukandartisi
SU-002,Sükan dartısı,synonym,рулеваятяга
RG-03,Rulavoy pacevnik,synonym,rulavoypacevnik
RG-03,Rulavoy pacevnik,synonym,rulavoypodsipnik
RG-03,Rulavoy pacevnik,synonym,rulevoypodshipnik
RG-03,Rulavoy pacevnik,synonym,rulevoypodsipnik
RG-03,Rulavoy pacevnik,synonym,rulpodsipniki
RG-03,Rulavoy pacevnik,synonym,podsipnikrulevoy
RG-03,Rulavoy pacevnik,synonym,podsipnikrulavoy
RG-03,Rulavoy pacevnik,synonym,рулевойподшипник
RG-03,Rulavoy pacevnik,synonym,подшипникрулевой
RG-03,Rulavoy pacevnik,synonym,steeringbearing
SU-003,Almacıq (tyaqanın),synonym,almaciqtyaqanin
TY-010,Angel eyes (LED halqası),synonym,ledhalqasi
TY-019,Baqaj vannası (kuzov içliyi),synonym,baqajvannasi
TY-019,Baqaj vannası (kuzov içliyi),synonym,kuzovicliyi
TY-005,Lip (bufer alt dodağı),synonym,lipspoyleri
TY-005,Lip (bufer alt dodağı),synonym,buferlipi
TY-005,Lip (bufer alt dodağı),synonym,dodaqlip
TY-005,Lip (bufer alt dodağı),synonym,dodaqlipi
TY-005,Lip (bufer alt dodağı),synonym,buferinlipi
TY-005,Lip (bufer alt dodağı),synonym,buferbigi
TY-018,Kapot küləkliyi,synonym,kapotkuleklik
TY-018,Kapot küləkliyi,synonym,kapotkulekliyi
TY-018,Kapot küləkliyi,synonym,дефлекторкапота
TY-016,Baqaj örtüyü (tonno),synonym,baqajjaluzu
TY-016,Baqaj örtüyü (tonno),synonym,baqajortuyu
TY-020,Baqaj kabini (kunq),synonym,baqajkabini
TY-003,Body kit (tam tyuning dəsti),synonym,bedendesti
TY-003,Body kit (tam tyuning dəsti),synonym,bodykiti
TY-003,Body kit (tam tyuning dəsti),synonym,aerokiti
TY-009,Rəsniçka (fara üstü naklatka),synonym,накладкиброви
TY-009,Rəsniçka (fara üstü naklatka),synonym,faraqasi
TY-009,Rəsniçka (fara üstü naklatka),synonym,isiqqasi
TY-015,Tent (örtük),synonym,tavancadir
TY-015,Tent (örtük),synonym,tavancadiri
TY-015,Tent (örtük),synonym,tentortuk
KZ-062,Ön stoyka üzlüyü,synonym,stoykaninplastmasi
MU-017,Mühərrik yastığı,synonym,muherrikyatagi
MU-017,Mühərrik yastığı,synonym,muherrikyastigi
MU-017,Mühərrik yastığı,synonym,подушкадвигателя
MU-018,Karopka yastığı,synonym,karopkaninpoduskasi
MU-018,Karopka yastığı,synonym,transmissiyayastigi
MU-018,Karopka yastığı,synonym,karopkayastigi
EL-063,Rozjiq bloku (ksenon),synonym,балластксенона
EL-025,Lampa,synonym,qabaritisigi
EL-025,Lampa,synonym,габаритныйогонь
EL-055,Lampa patronu,synonym,lampapatronu
EL-024,Salon plafonu,synonym,salonplafon
EL-024,Salon plafonu,synonym,salonplafonu
EL-012,Dönmə işığı qolu (kombi keçirici),synonym,kombikecirici
KZ-075,Duman fara qabı (çərçivə),synonym,dumaneyneyi
KZ-075,Duman fara qabı (çərçivə),synonym,dumannikeli
KZ-075,Duman fara qabı (çərçivə),synonym,dumanqabi
KZ-008,Dönmə işığı (povorotnik),synonym,donmeisigi
KZ-006,Duman fara,synonym,dumanfarasi
KZ-006,Duman fara,synonym,dumanisigi
KZ-006,Duman fara,synonym,dumanfara
KZ-006,Duman fara,synonym,противотуманнаяфара
KZ-083,Yanacaq doldurma qapağı,synonym,yanacaqlyuku
KZ-083,Yanacaq doldurma qapağı,synonym,zaryadkaqapagi
KZ-083,Yanacaq doldurma qapağı,synonym,sarjlyuku
KZ-083,Yanacaq doldurma qapağı,synonym,sarjqapagi
KZ-083,Yanacaq doldurma qapağı,synonym,лючокбензобака
KZ-083,Yanacaq doldurma qapağı,synonym,лючокзарядки
KZ-047,Dam paneli,synonym,dampaneli
KZ-047,Dam paneli,synonym,панелькрыши
KZ-032,Kuzov paneli,synonym,arxapanel
KZ-032,Kuzov paneli,synonym,kuzovpaneli
KZ-032,Kuzov paneli,synonym,панелькузова
KZ-046,Döşəmə paneli,synonym,dosemepaneli
KZ-074,Ekran plasması,synonym,ekranplastmasi
KZ-074,Ekran plasması,synonym,paneliekran
KZ-074,Ekran plasması,synonym,radiatorekrani
KZ-074,Ekran plasması,synonym,radiatorpaneli
KZ-074,Ekran plasması,synonym,radiatorplasmasi
KZ-074,Ekran plasması,synonym,ustekrani
KZ-074,Ekran plasması,synonym,ekranplasmasi
KZ-030,Şveller (porog),synonym,svellerporog
KZ-039,Emblema/logo,synonym,kapotemblemi
KZ-039,Emblema/logo,synonym,emblemalogo
KZ-039,Emblema/logo,synonym,эмблемалоготип
SO-019,Peçka zaslonkası (isitmə/ventilyasiya),synonym,отоплениявентиляции
SO-019,Peçka zaslonkası (isitmə/ventilyasiya),synonym,isitmeventilyasiya
SO-021,Peçka korpusu,synonym,peckakorpusu
SO-021,Peçka korpusu,synonym,корпуспечки
SO-020,Peçka kranı,synonym,peckakrani
SO-020,Peçka kranı,synonym,кранпечки
EL-018,Fan motoru (salon/peç),synonym,salonpec
SO-023,Peçka motoru (salon ventilyatoru),synonym,моторчикпечки
SO-023,Peçka motoru (salon ventilyatoru),synonym,вентиляторпечки
SO-023,Peçka motoru (salon ventilyatoru),synonym,daxiliufleyici
SO-023,Peçka motoru (salon ventilyatoru),synonym,sobamuherriki
SO-023,Peçka motoru (salon ventilyatoru),synonym,sobaninmuherriki
SO-023,Peçka motoru (salon ventilyatoru),synonym,salonventilyatoru
SO-023,Peçka motoru (salon ventilyatoru),synonym,pecventilyatoru
SO-023,Peçka motoru (salon ventilyatoru),synonym,моторедукторпечки
SO-023,Peçka motoru (salon ventilyatoru),synonym,pecmotoreduktoru
SO-011,Peçin radiatoru (salon isitmə radiatoru),synonym,отопителясалона
SO-011,Peçin radiatoru (salon isitmə radiatoru),synonym,peckaradiatoru
SO-011,Peçin radiatoru (salon isitmə radiatoru),synonym,radiatorsobasi
SO-011,Peçin radiatoru (salon isitmə radiatoru),synonym,sobaradiatoru
SO-011,Peçin radiatoru (salon isitmə radiatoru),synonym,salonradiatoru
SO-034,Peç şlanqı (istilik sistemi),synonym,pecslanqi
SO-034,Peç şlanqı (istilik sistemi),synonym,pecinslanqlari
SO-034,Peç şlanqı (istilik sistemi),synonym,шлангпечки
AK-013,Brizqavik (palçıqqoruyucu),synonym,palciqsiti
AK-013,Brizqavik (palçıqqoruyucu),synonym,brizqavikpalciqqoruyucu
KZ-091,Qanad kantı,synonym,qanadkanti
KZ-029,Podkrilnik,synonym,qanadaltligi
KZ-029,Podkrilnik,synonym,qanadaltisi
KZ-029,Podkrilnik,synonym,tekerqovsu
KZ-029,Podkrilnik,synonym,padkrilniklazimdir
KZ-029,Podkrilnik,synonym,qabaqpatqiriniq
KZ-029,Podkrilnik,synonym,подкрылоклокер
TY-001,Padnoşka (pilləkən),synonym,runningboard
TY-001,Padnoşka (pilləkən),synonym,ayaqlovhesi
TY-001,Padnoşka (pilləkən),synonym,padnoskapilleken
TY-011,Elektrik padnoşka (açılıb-yığılan),synonym,выдвижнаяскладывающаяся
TY-011,Elektrik padnoşka (açılıb-yığılan),synonym,acilibyigilan
EL-008,SRS/Airbag bloku,synonym,airbagbloku
EL-008,SRS/Airbag bloku,synonym,srsbloku
EL-075,Diz altı airbaqı,synonym,airbagqapagi
EL-009,Airbag (yastıq),synonym,dizairbag
EL-009,Airbag (yastıq),synonym,havayastigi
EL-009,Airbag (yastıq),synonym,surucuairbagi
EL-009,Airbag (yastıq),synonym,sernisinairbagi
EL-009,Airbag (yastıq),synonym,sukanairbagi
EL-009,Airbag (yastıq),synonym,airbagyastiq
EL-009,Airbag (yastıq),synonym,подушкабезопасности
EL-074,Sərnişin airbaqı,synonym,tripduymesi
EL-074,Sərnişin airbaqı,synonym,sernisinairbaqi
EL-073,Sükan airbaqı,synonym,крышкатрамблёра
EL-073,Sükan airbaqı,synonym,sukanairbaqi
EL-076,Oturacaq airbaqı,synonym,oturacaqairbaqi
EL-010,Rul lenti (saat yayı),synonym,clockspring
EL-010,Rul lenti (saat yayı),synonym,saatyayi
EL-010,Rul lenti (saat yayı),synonym,sukanlentasi
EL-010,Rul lenti (saat yayı),synonym,sukanlenti
EL-010,Rul lenti (saat yayı),synonym,sukaninlentasi
EL-010,Rul lenti (saat yayı),synonym,sukaninlenti
EL-062,Pərdə airbag,synonym,боковаяподушка
EL-062,Pərdə airbag,synonym,perdeairbag
SO-006,Su pompası,synonym,sunasosu
SO-006,Su pompası,synonym,pompa11519455978
SO-006,Su pompası,synonym,supompasi
SO-006,Su pompası,synonym,водянаяпомпа
SO-005,Termostatın korpusu,synonym,корпустермостата
SO-005,Termostatın korpusu,synonym,крышкатермостата
SO-005,Termostatın korpusu,synonym,termostatinkorpusu
SO-005,Termostatın korpusu,synonym,termostatinqapagi
SO-005,Termostatın korpusu,synonym,termostatqapagi
SO-005,Termostatın korpusu,synonym,korpuslutermostati
SO-025,Termostat korpusu,synonym,termostatkorpusu
SO-004,Termostat,synonym,muherriktermostati
AS-009,Qranat pılniki,synonym,qranatcexolu
AS-009,Qranat pılniki,synonym,sruscexolu
AS-009,Qranat pılniki,synonym,qranatpilniki
AS-009,Qranat pılniki,synonym,пыльникшруса
AS-008,Qranat (SHRUS),synonym,qranatшрус
AS-008,Qranat (SHRUS),synonym,oynaqlibirlesmesi
AS-008,Qranat (SHRUS),synonym,oynaqlibirlesme
AS-008,Qranat (SHRUS),synonym,qranatshrus
MU-016,Klapan salniyi,synonym,klapansalniyi
MU-016,Klapan salniyi,synonym,маслосъёмныйколпачок
MU-012,Qalofka praklatkası,synonym,qalofkapraklatkasi
MU-012,Qalofka praklatkası,synonym,прокладкагбц
MU-014,Üst krişka praklatkası,synonym,klapansalnikleri
MU-087,Kollektor araqatı,synonym,kollektoraraqati
MU-087,Kollektor araqatı,synonym,прокладкаколлектора
MU-098,Turbo araqatı (turbo proklatkası),synonym,прокладкатурбины
MU-083,Kollektor rezinləri (forsunka altlığı),synonym,посадочныефорсунок
MU-083,Kollektor rezinləri (forsunka altlığı),synonym,forsunkaaltligi
MU-086,Salnik,synonym,forsunkasalniki
MU-086,Salnik,synonym,muherriksalniki
AS-004,Purjun (prujin),synonym,amortizatoryayi
AS-004,Purjun (prujin),synonym,asqiyayi
AS-004,Purjun (prujin),synonym,purjunprujin
AS-004,Purjun (prujin),synonym,пружинаподвески
SO-018,Kondisionerin buxarlandırıcısı,synonym,kondisionerinbuxarlandiricisi
SO-018,Kondisionerin buxarlandırıcısı,synonym,испарителькондиционера
SO-010,Kondisioner radiatoru,synonym,radiatorkondisioneri
SO-010,Kondisioner radiatoru,synonym,kondisionerradiatoru
SO-031,Radiator jalüzü,synonym,jaluzeyneyi
SO-031,Radiator jalüzü,synonym,ustjaluzu
SO-031,Radiator jalüzü,synonym,radiatorjaluzu
SO-031,Radiator jalüzü,synonym,жалюзирадиатора
SO-026,İnterkuler,synonym,interkulerradiatoru
SO-026,İnterkuler,synonym,radiatorinterkulleri
SO-039,Radiator qapağı,synonym,radiatorqapagi
SO-039,Radiator qapağı,synonym,радиаторнаякрышка
SO-039,Radiator qapağı,synonym,крышкарадиатора
SO-015,Yağ soyuducusu (radiatoru),synonym,yagradiatoru
SO-015,Yağ soyuducusu (radiatoru),synonym,yagsoyuducusu
SO-015,Yağ soyuducusu (radiatoru),synonym,radiatortransmissiya
SO-015,Yağ soyuducusu (radiatoru),synonym,radiatortransmissiyasi
SO-027,İnterkuler şlanqı (nadduv borusu),synonym,nadduvborusu
SO-027,İnterkuler şlanqı (nadduv borusu),synonym,interkullerborusu
SO-027,İnterkuler şlanqı (nadduv borusu),synonym,interkullerinborusu
SO-027,İnterkuler şlanqı (nadduv borusu),synonym,interkullerslanqi
SO-027,İnterkuler şlanqı (nadduv borusu),synonym,interkullerslank
SO-027,İnterkuler şlanqı (nadduv borusu),synonym,interkullerboru
SO-009,"Soyutma şlanqı (su, antifriz)",synonym,radiatorborusu
SO-009,"Soyutma şlanqı (su, antifriz)",synonym,suborusu
SO-009,"Soyutma şlanqı (su, antifriz)",synonym,suyunpotrubkasi
SO-009,"Soyutma şlanqı (su, antifriz)",synonym,radiatorslanqi
SO-009,"Soyutma şlanqı (su, antifriz)",synonym,matorpatrupasi
SO-009,"Soyutma şlanqı (su, antifriz)",synonym,matorunpatrupasi
SO-009,"Soyutma şlanqı (su, antifriz)",synonym,asagipatrupa
SO-009,"Soyutma şlanqı (su, antifriz)",synonym,altpatrupa
SO-001,Su radiatoru,synonym,temperaturluradiator
SO-001,Su radiatoru,synonym,televizorpanel
SO-001,Su radiatoru,synonym,radiyatordest
SO-001,Su radiatoru,synonym,radiatordesti
SO-001,Su radiatoru,synonym,suradiatoru
SO-001,Su radiatoru,synonym,радиаторохлаждения
SO-038,Radiator probkası,synonym,radiatorprobkasi
SO-038,Radiator probkası,synonym,radiatorunprobkasi
SO-038,Radiator probkası,synonym,antifrizprobkasi
SO-038,Radiator probkası,synonym,пробкарадиатора
SO-038,Radiator probkası,synonym,сливрадиатора
SO-035,Peç troyniki,synonym,pectroyniki
SO-032,Baçok qapağı,synonym,bacokqapagi
SO-032,Baçok qapağı,synonym,крышкабачка
SO-008,Antifriz baçoku (genişlənmə çəni),synonym,genislenmeceni
SO-008,Antifriz baçoku (genişlənmə çəni),synonym,antifrizceni
SO-008,Antifriz baçoku (genişlənmə çəni),synonym,antfrizceni
SO-008,Antifriz baçoku (genişlənmə çəni),synonym,antifrizdeposu
SO-008,Antifriz baçoku (genişlənmə çəni),synonym,cenantifrizi
SO-008,Antifriz baçoku (genişlənmə çəni),synonym,antifrizqapagi
SU-008,Rulevoy krestovina,synonym,rulevoykrestovina
SU-004,Rulavoy kalonka,synonym,rulovoykalonka
SU-004,Rulavoy kalonka,synonym,rulavoykalonka
SU-004,Rulavoy kalonka,synonym,рулеваяколонка
SU-006,Rulevoy reyka (dişli qutusu),synonym,disliqutusu
SU-006,Rulevoy reyka (dişli qutusu),synonym,sukanreykasi
SU-006,Rulevoy reyka (dişli qutusu),synonym,sukanmexanizmi
SU-006,Rulevoy reyka (dişli qutusu),synonym,pulavoyreyka
SU-006,Rulevoy reyka (dişli qutusu),synonym,rulavoylazimdir
SU-006,Rulevoy reyka (dişli qutusu),synonym,рулеваярейка
SU-015,Rulevoy amortizator,synonym,внедорожникипикапы
SU-015,Rulevoy amortizator,synonym,rulevoyamortizator
KZ-067,Təhlükəsizlik kəməri,synonym,tehlukesizlikkemeri
KZ-067,Təhlükəsizlik kəməri,synonym,ременьбезопасности
SU-009,Rul altı keçirici (dönmə/işıq qolu),synonym,isiqqolu
SU-009,Rul altı keçirici (dönmə/işıq qolu),synonym,подрулевойпереключатель
SU-011,Rul (sükan çarxı),synonym,рулевоеколесо
SU-011,Rul (sükan çarxı),synonym,sukancarxi
EY-013,Ruçnoy bloku/düyməsi (elektron əl əyləci),synonym,rucnoybloku
EY-013,Ruçnoy bloku/düyməsi (elektron əl əyləci),synonym,rucnoyduymesi
AS-015,Ling/Qol (əyri/düz/banan),synonym,asqiqolu
AS-015,Ling/Qol (əyri/düz/banan),synonym,sukanlingi
AS-015,Ling/Qol (əyri/düz/banan),synonym,tenzimleyicilingi
AS-015,Ling/Qol (əyri/düz/banan),synonym,arxaqolu
AS-015,Ling/Qol (əyri/düz/banan),synonym,altqollar
AS-015,Ling/Qol (əyri/düz/banan),synonym,рычагподвески
AS-011,Sırğa (stabilizator lingi),synonym,stabilizatorlingi
AS-011,Sırğa (stabilizator lingi),synonym,стойкастабилизатора
AS-010,Şaravoy (kula opora),synonym,kulaopora
AS-010,Şaravoy (kula opora),synonym,kurecikliyastiq
AS-010,Şaravoy (kula opora),synonym,kurecikliyastigi
AS-010,Şaravoy (kula opora),synonym,шароваяопора
AS-033,Razvalni bolt (ekssentrik boltu,synonym,razvalinboltu
AS-033,Razvalni bolt (ekssentrik boltu,synonym,balacastanq
AS-033,Razvalni bolt (ekssentrik boltu,synonym,болтразвала
AS-032,Podramnik rezini (çərçivəaltı vtulkası),synonym,втулкаподрамника
AS-013,Razvalni vtulka,synonym,razvalnivtulka
AS-013,Razvalni vtulka,synonym,втулкаразвала
AS-026,Ressora vtulkası,synonym,ressoravtulkasi
AS-026,Ressora vtulkası,synonym,втулкарессоры
AS-012,Stabilizator rezini,synonym,stabilizatorrezini
AS-012,Stabilizator rezini,synonym,втулкастабилизатора
AS-025,Balka silentbloku,synonym,balkasilentbloku
AS-014,Silentblok (qolun),synonym,tenzimleyicirezini
AS-014,Silentblok (qolun),synonym,silentblokqolun
AS-014,Silentblok (qolun),synonym,сайлентблокрычага
SR-014,Alışdırma şamı (sveça),synonym,alisdiricisam
SR-014,Alışdırma şamı (sveça),synonym,alismasami
SR-014,Alışdırma şamı (sveça),synonym,свечазажигания
AK-021,Uşaq oturacağı,synonym,usaqoturacagi
AK-021,Uşaq oturacağı,synonym,детскоеавтокресло
AK-018,Oturacaq,synonym,oturacaqmotoru
AK-002,Oturacaq üzlüyü,synonym,oturacaqcexolu
AK-002,Oturacaq üzlüyü,synonym,oturacaquzluyu
AK-002,Oturacaq üzlüyü,synonym,чехолсиденья
TY-004,Arxa bufer diffuzoru,synonym,arxadiffuser
KZ-036,Spoyler,synonym,baqajspoyleri
KZ-036,Spoyler,synonym,isiqlispoyleri
MU-094,Starter bendiksi,synonym,starterbendiksi
MU-094,Starter bendiksi,synonym,бендиксстартера
MU-047,Dinamo (generator),synonym,dinamogenerator
EL-039,Generator tənzimləyici (reле),synonym,dartmarelesi
AS-030,Sapfa (povorotnı kulak),synonym,povorotnikulak
AS-007,Stupitsa podşipniki,synonym,usdubciyapaceniki
AS-007,Stupitsa podşipniki,synonym,usdupciyapodsipniki
AS-007,Stupitsa podşipniki,synonym,stupisapaceniki
AS-007,Stupitsa podşipniki,synonym,ступицапаченик
AS-007,Stupitsa podşipniki,synonym,usdubciyaninpaceniki
AS-007,Stupitsa podşipniki,synonym,stupsiyapacevniki
AS-007,Stupitsa podşipniki,synonym,stupitsapodsipniki
AS-007,Stupitsa podşipniki,synonym,подшипникступицы
AS-006,Stupitsa (təkər topu),synonym,tekertopu
AS-006,Stupitsa (təkər topu),synonym,tekerqovsagi
AS-006,Stupitsa (təkər topu),synonym,ступицаколеса
AS-027,Təkər şpilkası,synonym,tekerspilkasi
KZ-053,Ön şüşə su axarı (jabo),synonym,onsinelik
KZ-053,Ön şüşə su axarı (jabo),synonym,jabopaneli
KZ-012,Arxa şüşə,synonym,arxasuse
KZ-012,Arxa şüşə,synonym,заднеестекло
KZ-090,Jabo kronşteyni,synonym,jabokronsteyni
KZ-090,Jabo kronşteyni,synonym,кронштейнжабо
KZ-011,Ön şüşə (patpres),synonym,alinsusesi
KZ-011,Ön şüşə (patpres),synonym,patpresinqamisi
KZ-011,Ön şüşə (patpres),synonym,plyonkavinil
KZ-011,Ön şüşə (patpres),synonym,onpatples
KZ-011,Ön şüşə (patpres),synonym,fioletpatpres
KZ-011,Ön şüşə (patpres),synonym,bensonpatpres
KZ-011,Ön şüşə (patpres),synonym,lukfirmasiynan
KZ-011,Ön şüşə (patpres),synonym,parpresrezinleri
KZ-011,Ön şüşə (patpres),synonym,лобовоестекло
KZ-035,Lyuk mexanizmi,synonym,lyukmexanizmi
KZ-035,Lyuk mexanizmi,synonym,механизмлюка
KZ-013,Qapı şüşəsi,synonym,qapisusesi
KZ-013,Qapı şüşəsi,synonym,стеклодвери
KZ-014,Lyuk şüşəsi,synonym,tavansusesi
KZ-014,Lyuk şüşəsi,synonym,lyuksusesi
KZ-014,Lyuk şüşəsi,synonym,стеклолюка
KZ-056,Lyuk rezini,synonym,lukunrezinleri
KZ-056,Lyuk rezini,synonym,lukunrezini
KZ-056,Lyuk rezini,synonym,lyukrezini
KZ-082,Şüşə rezini,synonym,suserezini
KZ-082,Şüşə rezini,synonym,уплотнительстекла
KZ-072,Lyuk pərdəsi,synonym,lyukunperdesi
KZ-072,Lyuk pərdəsi,synonym,lyukperdesi
KZ-072,Lyuk pərdəsi,synonym,шторкалюка
EY-004,Support təmir dəsti (toz qoruyucusu/manjet),synonym,пыльникиманжеты
EY-004,Support təmir dəsti (toz qoruyucusu/manjet),synonym,tozqoruyucusu
EY-004,Support təmir dəsti (toz qoruyucusu/manjet),synonym,supportunpalisleri
EY-003,Support (suport),synonym,supportsuport
EY-003,Support (suport),synonym,тормознойсуппорт
TR-023,Maxovik vengi,synonym,зубчаткастартера
TR-023,Maxovik vengi,synonym,maxovikvengi
TR-024,Mufta vilkası,synonym,muftavilkasi
TR-024,Mufta vilkası,synonym,вилкасцепления
TR-008,Vıjımnoy (buraxıcı podşipnik),synonym,buraxicipodsipnik
TR-008,Vıjımnoy (buraxıcı podşipnik),synonym,выжимнойподшипник
TR-026,Mufta hidravlik şlanqı (gidrositel borusu),synonym,gidrositelborusu
TR-006,Feredo (mufta diski),synonym,muftadiski
TR-006,Feredo (mufta diski),synonym,дисксцепления
TR-032,Mufta dəsti,synonym,muftadesti
TR-032,Mufta dəsti,synonym,комплектсцепления
TR-007,Çaşqa (sıxıcı disk/korzin),synonym,нажимнойдиск
TR-007,Çaşqa (sıxıcı disk/korzin),synonym,sixicidisk
TR-007,Çaşqa (sıxıcı disk/korzin),synonym,корзинасцепления
TR-010,Maxovik (maxavik),synonym,maxovikmaxavik
TR-010,Maxovik (maxavik),synonym,маховикмахавик
TR-031,Torsion dempferi,synonym,torsiondempferi
TR-031,Torsion dempferi,synonym,торсионныйдемпфер
AK-017,Bardaçok,synonym,перчаточныйящик
AK-017,Bardaçok,synonym,tahtamebel
AK-017,Bardaçok,synonym,panoramaninramkasi
AK-017,Bardaçok,synonym,panoramaramkasi
AK-017,Bardaçok,synonym,gunlukkozeroq
AK-019,Bardaçok kilidi,synonym,bardacokkilidi
AK-019,Bardaçok kilidi,synonym,замокбардачка
AK-003,Günəşlik (günlük),synonym,salongunluyu
AK-003,Günəşlik (günlük),synonym,salongunesliyi
AK-003,Günəşlik (günlük),synonym,gunesqoruyucusu
AK-003,Günəşlik (günlük),synonym,gunessiperi
AK-003,Günəşlik (günlük),synonym,sunvisor
AK-003,Günəşlik (günlük),synonym,sunshadevisor
AK-003,Günəşlik (günlük),synonym,солнцезащитныйкозырек
AK-003,Günəşlik (günlük),synonym,козырексалона
AK-003,Günəşlik (günlük),synonym,gunesgunluyu
AK-003,Günəşlik (günlük),synonym,guneslikgunluk
AK-003,Günəşlik (günlük),synonym,козырёксолнцезащитный
KZ-068,Salon tavanı (dam örtüyü),synonym,damortuyu
KZ-068,Salon tavanı (dam örtüyü),synonym,damdesti
KZ-057,Peçin barmaqlıqları (ventilyasiya barmaqlığı),synonym,дефлекторпанели
KZ-057,Peçin barmaqlıqları (ventilyasiya barmaqlığı),synonym,ventilyasiyabarmaqligi
AK-012,Torpeda (panel),synonym,передняяпанель
AK-012,Torpeda (panel),synonym,torpedapanel
SR-005,Karopka yağı (mexanika/avtomat),synonym,mexanikaavtomat
SR-005,Karopka yağı (mexanika/avtomat),synonym,трансмиссионноемасло
SO-024,Kondisioner zolotniki (doldurma klapanı),synonym,клапанзаправки
SO-024,Kondisioner zolotniki (doldurma klapanı),synonym,doldurmaklapani
SO-037,Kondisioner quruducusu,synonym,kondisionerquruducusu
SO-037,Kondisioner quruducusu,synonym,осушителькондиционера
SO-014,Kondisioner borusu,synonym,трубкакондиционера
SO-014,Kondisioner borusu,synonym,шлангкондиционера
SO-014,Kondisioner borusu,synonym,kondisionerborulari
SO-014,Kondisioner borusu,synonym,kondisionerborusu
MU-038,Turbo aktuatoru,synonym,turboaktuatoru
RG-13,Bypass klapanı,synonym,перепускнойклапан
RG-13,Bypass klapanı,synonym,bypassklapan
RG-13,Bypass klapanı,synonym,bypassklapani
MU-075,Turbo (nadduv) datçiki,synonym,turbosensoru
MU-091,Turbo kartrici,synonym,turbokartici
MU-091,Turbo kartrici,synonym,turbokartric
MU-091,Turbo kartrici,synonym,turbokatrici
MU-091,Turbo kartrici,synonym,turbokartrici
MU-091,Turbo kartrici,synonym,картриджтурбины
MU-037,Turbo,synonym,turbokompressoru
MU-037,Turbo,synonym,turbokompressor
KZ-078,Fara korpusu,synonym,farakorpusu
KZ-078,Fara korpusu,synonym,корпусфары
KZ-088,Fara bərkidici kronşteyni,synonym,faraninsalackasi
KZ-088,Fara bərkidici kronşteyni,synonym,farasalaskasi
KZ-088,Fara bərkidici kronşteyni,synonym,salaskafara
KZ-088,Fara bərkidici kronşteyni,synonym,salackafara
KZ-088,Fara bərkidici kronşteyni,synonym,farakronsteyni
KZ-066,Fara linzası,synonym,проекторныймодуль
KZ-066,Fara linzası,synonym,faralinzasi
KZ-010,Fara şüşəsi,synonym,faraeyneyi
KZ-010,Fara şüşəsi,synonym,farasusesi
KZ-010,Fara şüşəsi,synonym,стеклофары
KZ-005,Fara (baş fara),synonym,faradesti
KZ-005,Fara (baş fara),synonym,ledfarasi
KZ-005,Fara (baş fara),synonym,onfarasi
KZ-005,Fara (baş fara),synonym,xenonfarasi
KZ-005,Fara (baş fara),synonym,ksenonfarasi
KZ-005,Fara (baş fara),synonym,ksenonfara
KZ-005,Fara (baş fara),synonym,lazerfarasi
SR-003,Hava filtri,synonym,havafilteri
SR-003,Hava filtri,synonym,havafiltri
SR-003,Hava filtri,synonym,hibridfilteri
SR-003,Hava filtri,synonym,hibridfiltri
SR-003,Hava filtri,synonym,воздушныйфильтр
SR-002,Yağ filtri,synonym,yagfilteri
SR-002,Yağ filtri,synonym,yagfiltri
SR-002,Yağ filtri,synonym,масляныйфильтр
SR-004,Salon filtri (kondisioner filtri),synonym,kondisionerfiltri
SR-004,Salon filtri (kondisioner filtri),synonym,kondisionerfilteri
SR-004,Salon filtri (kondisioner filtri),synonym,salonfilteri
SR-004,Salon filtri (kondisioner filtri),synonym,salonfiltri
SR-004,Salon filtri (kondisioner filtri),synonym,салонныйфильтр
SR-010,Benzin/Yanacaq filtri,synonym,benzinfiltri
SR-010,Benzin/Yanacaq filtri,synonym,yanacaqfiltri
SR-010,Benzin/Yanacaq filtri,synonym,benzinfilteri
SR-010,Benzin/Yanacaq filtri,synonym,yanacaqfilteri
SR-010,Benzin/Yanacaq filtri,synonym,топливныйфильтр
SR-006,Karopka filtri,synonym,filtertransmissiyasi
SR-006,Karopka filtri,synonym,filtertransmissiya
SR-006,Karopka filtri,synonym,qutufilteri
SR-006,Karopka filtri,synonym,transmissiyafilteri
SR-006,Karopka filtri,synonym,transmissiyafiltri
SR-006,Karopka filtri,synonym,transmisiyafilteri
SR-006,Karopka filtri,synonym,transmisiyafiltri
SR-006,Karopka filtri,synonym,karopkafilteri
SR-006,Karopka filtri,synonym,qutufiltri
SR-006,Karopka filtri,synonym,karopkafiltri
YA-003,TNVD (yüksək təzyiqli nasos),synonym,dizeltnvd
YA-026,Yanacaq nasosunun itələyicisi,synonym,tnvditeleyicisi
YA-026,Yanacaq nasosunun itələyicisi,synonym,nasositeleyicisi
YA-026,Yanacaq nasosunun itələyicisi,synonym,толкательтнвд
YA-011,Yanacaq reykası,synonym,yanacaqreykasi
YA-011,Yanacaq reykası,synonym,топливнаярампа
MU-035,Farsunka (forsunka),synonym,yanacaqfarsunka
MU-035,Farsunka (forsunka),synonym,yanacaqfarsunkasi
MU-035,Farsunka (forsunka),synonym,farsunkaforsunka
TK-008,Ventil (nippel),synonym,ventilnippel
TK-001,Şin (təkərin rezini),synonym,tekerinrezini
TK-001,Şin (təkərin rezini),synonym,шинапокрышка
AK-004,Obşivka klipsi,synonym,obsivkaklipsi
AK-004,Obşivka klipsi,synonym,plastikklips
AK-004,Obşivka klipsi,synonym,pistonklips
AK-004,Obşivka klipsi,synonym,фиксаторобшивки
AK-004,Obşivka klipsi,synonym,пистонобшивки
AK-004,Obşivka klipsi,synonym,клипсаобшивки
YA-027,Farsunkanın abratkası,synonym,dizelabratkasi
YA-027,Farsunkanın abratkası,synonym,farsunkaabratkasi
YA-027,Farsunkanın abratkası,synonym,farsunkaninabratkasi
YA-027,Farsunkanın abratkası,synonym,abratkaslanqi
YA-027,Farsunkanın abratkası,synonym,обраткафорсунок
MU-011,Silindr gilzası,synonym,silindrgilzasi
MU-011,Silindr gilzası,synonym,motorgilzasi
MU-011,Silindr gilzası,synonym,гильзацилиндра
MU-003,Raspredval,synonym,raspidval
MU-003,Raspredval,synonym,raspidvali
EL-002,Şüşəqaldıran mexanizmi,synonym,padyomnik
EL-002,Şüşəqaldıran mexanizmi,synonym,padyomniki
EL-002,Şüşəqaldıran mexanizmi,synonym,qapi padyomniki
TR-015,Rıçaq (sellektor),synonym,selektor
TR-015,Rıçaq (sellektor),synonym,selektoru
TR-015,Rıçaq (sellektor),synonym,karopka selektoru
KZ-057,Peçin barmaqlıqları,synonym,deflektor
KZ-057,Peçin barmaqlıqları,synonym,deflektoru
EL-049,Benzin nasosu relesi,synonym,benzin nasos gucləndirici
EL-049,Benzin nasosu relesi,synonym,nasos gucləndiricisi
TY-001,Padnoşka (pilləkən),synonym,padnoska
TY-001,Padnoşka (pilləkən),synonym,padnoşka
SU-002,Sükan dartısı,synonym,almaciq
SU-002,Sükan dartısı,synonym,almacıq
AS-013,Razvalni vtulka,synonym,razvalni
AS-013,Razvalni vtulka,synonym,razvalnisi
AS-013,Razvalni vtulka,synonym,razvalnileri
SU-002,Sükan dartısı,synonym,almaciqi
SU-002,Sükan dartısı,synonym,almacığı
KZ-007,Stop (arxa fənər),synonym,stoplar
KZ-007,Stop (arxa fənər),synonym,stoplari
KZ-007,Stop (arxa fənər),synonym,stopları
MU-017,Mühərrik yastığı,synonym,paduska
MU-017,Mühərrik yastığı,synonym,paduskasi
MU-017,Mühərrik yastığı,synonym,paduskalari
MU-017,Mühərrik yastığı,synonym,paduşqa
MU-017,Mühərrik yastığı,synonym,paduşqalari
MU-017,Mühərrik yastığı,synonym,matorun paduskasi
EY-001,Əyləc bəndi,synonym,naklatka
EY-001,Əyləc bəndi,synonym,naklatkalar
EY-001,Əyləc bəndi,synonym,naklatlka
EY-002,Apornu (əyləc diski),synonym,apornu
EY-002,Apornu (əyləc diski),synonym,apornular
EY-002,Apornu (əyləc diski),synonym,tormuz diski
EY-002,Apornu (əyləc diski),synonym,tormoz diski
EY-002,Apornu (əyləc diski),synonym,tormuz disk
AS-010,Şaravoy (kula opora),synonym,saravoy
AS-010,Şaravoy (kula opora),synonym,saravoyu
AS-010,Şaravoy (kula opora),synonym,sharavoy
AS-010,Şaravoy (kula opora),synonym,top saravoy
TR-006,Feredo (mufta diski),synonym,feredo
TR-006,Feredo (mufta diski),synonym,feredol
TR-007,Çaşka (mufta səbəti),synonym,casqa
TR-007,Çaşka (mufta səbəti),synonym,casqasi
MU-020,Çöl remen (dinamo remeni),synonym,remen
MU-020,Çöl remen (dinamo remeni),synonym,remeni
MU-020,Çöl remen (dinamo remeni),synonym,col remen
MU-019,İç remen (dişli qayış),synonym,ic remen
MU-019,İç remen (dişli qayış),synonym,ic remen komplekt
EL-010,Rul lenti (saat yayı),synonym,rulun lentasi
EL-010,Rul lenti (saat yayı),synonym,rul lentasi
EL-010,Rul lenti (saat yayı),synonym,rolun lentasi
MU-035,Farsunka (forsunka),synonym,farsunka
MU-035,Farsunka (forsunka),synonym,farsunkalar
EY-006,Vakum (tormoz gücləndiricisi),synonym,vakum
EY-006,Vakum (tormoz gücləndiricisi),synonym,vakuum
KZ-006,Duman fara,synonym,dumanni fara
KZ-006,Duman fara,synonym,dumanniy fara
AS-011,Sırğa (stabilizator lingi),synonym,sirga
AS-011,Sırğa (stabilizator lingi),synonym,sirqa
SR-005,Karopka yağı,synonym,karopka yagi
SR-005,Karopka yağı,synonym,karopkanin yagi
AS-011,Sırğa,synonym,sirgadir
AS-011,Sırğa,synonym,sirqadir
AS-011,Sırğa,synonym,sirgalar
TR-032,Mufta dəsti,synonym,feredo casqa desti
TR-032,Mufta dəsti,synonym,casqa feredo vijimnoy
KZ-016,Qapı qulpu,synonym,rucqa
KZ-016,Qapı qulpu,synonym,rucqasi
KZ-016,Qapı qulpu,synonym,ic rucqasi
KZ-016,Qapı qulpu,synonym,qapinin rucqasi
KZ-038,Kant (xrom kant),synonym,nikel
KZ-038,Kant (xrom kant),synonym,nikeli
MU-022,Remen natijiteli,synonym,natijitel
MU-022,Remen natijiteli,synonym,natijiteli
MU-022,Remen natijiteli,synonym,remen natijiteli
TR-001,Sürətlər qutusu,synonym,suretler kutusu
MU-040,Kalenval datciki,synonym,kalenval daccik
MU-040,Kalenval datciki,synonym,kalenvalin daccik
KZ-024,Kapot petleleri,synonym,kapot petlesi
KZ-024,Kapot petleleri,synonym,kapotun petleleri
KZ-049,Elave stop,synonym,3 cu eylec stopu
KZ-049,Elave stop,synonym,ucuncu stop
SO-002,Radiator ventilyatoru,synonym,per
SO-002,Radiator ventilyatoru,synonym,pər
EL-018,Fan motoru (salon/peç),synonym,peç
EL-018,Fan motoru (salon/peç),synonym,pec
AS-004,Purjun (prujin),synonym,yay
EL-038,Cihazlar paneli (şit),synonym,şit
KZ-068,Salon tavanı,synonym,dam
TY-005,Lip (bufer alt dodağı),synonym,lip
KZ-094,Qapı moldinqi (xrom naklatka),synonym,qapı moldinqi (xrom naklatka)
KZ-094,Qapı moldinqi (xrom naklatka),synonym,молдинг двери (хромированная накладка)
KZ-094,Qapı moldinqi (xrom naklatka),synonym,qapi moldinqi
KZ-094,Qapı moldinqi (xrom naklatka),synonym,qapi naklatkasi
KZ-094,Qapı moldinqi (xrom naklatka),synonym,qapi xrom naklatka
KZ-094,Qapı moldinqi (xrom naklatka),synonym,qapi plasmaslarina xrom
KZ-094,Qapı moldinqi (xrom naklatka),synonym,molding dveri
KZ-094,Qapı moldinqi (xrom naklatka),synonym,xrom moldinq
KZ-095,Ön şüşə kantı (moldinq),synonym,ön şüşə kantı (moldinq)
KZ-095,Ön şüşə kantı (moldinq),synonym,кант лобового стекла (молдинг)
KZ-095,Ön şüşə kantı (moldinq),synonym,on suse kanti
KZ-095,Ön şüşə kantı (moldinq),synonym,patpres kanti
KZ-095,Ön şüşə kantı (moldinq),synonym,on suse moldinqi
KZ-095,Ön şüşə kantı (moldinq),synonym,patpresin kenar kanti
KZ-095,Ön şüşə kantı (moldinq),synonym,kant lobovogo stekla
KZ-096,Qapı qulpunun çərçivəsi (naklatka),synonym,qapı qulpunun çərçivəsi (naklatka)
KZ-096,Qapı qulpunun çərçivəsi (naklatka),synonym,накладка/рамка дверной ручки
KZ-096,Qapı qulpunun çərçivəsi (naklatka),synonym,qapi qulpunun cercivesi
KZ-096,Qapı qulpunun çərçivəsi (naklatka),synonym,ruchka naklatkasi
KZ-096,Qapı qulpunun çərçivəsi (naklatka),synonym,qulp naklatkasi
KZ-096,Qapı qulpunun çərçivəsi (naklatka),synonym,ramka ruchki dveri
KZ-096,Qapı qulpunun çərçivəsi (naklatka),synonym,nakladka ruchki dveri
MU-100,Hava kollektorunun zaslonkaları,synonym,hava kollektorunun zaslonkaları
MU-100,Hava kollektorunun zaslonkaları,synonym,заслонки впускного коллектора
MU-100,Hava kollektorunun zaslonkaları,synonym,kollektor zaslonkalari
MU-100,Hava kollektorunun zaslonkaları,synonym,kollektor kepenekleri
MU-100,Hava kollektorunun zaslonkaları,synonym,hava kollektorunun kepenekleri
MU-100,Hava kollektorunun zaslonkaları,synonym,zaslonki kollektora
MU-100,Hava kollektorunun zaslonkaları,synonym,vixревые заслонки
EL-084,360 kamera bloku,synonym,360 kamera bloku
EL-084,360 kamera bloku,synonym,блок камеры кругового обзора 360
EL-084,360 kamera bloku,synonym,360 kamera bloku
EL-084,360 kamera bloku,synonym,kamera bloku
EL-084,360 kamera bloku,synonym,360 kamera modulu
EL-084,360 kamera bloku,synonym,blok kamery 360
EL-084,360 kamera bloku,synonym,blok kamery krugovogo obzora
KZ-097,Kuzov rezini (yuva rezini),synonym,kuzov rezini (yuva rezini)
KZ-097,Kuzov rezini (yuva rezini),synonym,уплотнитель кузова (проёма)
KZ-097,Kuzov rezini (yuva rezini),synonym,kuzov rezini
KZ-097,Kuzov rezini (yuva rezini),synonym,kuzov rezinleri
KZ-097,Kuzov rezini (yuva rezini),synonym,yuva rezini
KZ-097,Kuzov rezini (yuva rezini),synonym,proyem rezini
KZ-097,Kuzov rezini (yuva rezini),synonym,uplotnitel kuzova
KZ-097,Kuzov rezini (yuva rezini),synonym,uplotnitel proyema
EL-085,Mühərrik bölməsinin naqil dəsti,synonym,mühərrik bölməsinin naqil dəsti
EL-085,Mühərrik bölməsinin naqil dəsti,synonym,жгут проводки моторного отсека
EL-085,Mühərrik bölməsinin naqil dəsti,synonym,matorxana provodkasi
EL-085,Mühərrik bölməsinin naqil dəsti,synonym,muherrik bolmesinin naqilleri
EL-085,Mühərrik bölməsinin naqil dəsti,synonym,matorxana naqil desti
EL-085,Mühərrik bölməsinin naqil dəsti,synonym,jgut provodki motornogo otseka
AK-050,Şüşə silənin qolu (poводok),synonym,şüşə silənin qolu (poводok)
AK-050,Şüşə silənin qolu (poводok),synonym,поводок (рычаг) стеклоочистителя
AK-050,Şüşə silənin qolu (poводok),synonym,suse silenin qolu
AK-050,Şüşə silənin qolu (poводok),synonym,sotka qolu
AK-050,Şüşə silənin qolu (poводok),synonym,dvornik qolu
AK-050,Şüşə silənin qolu (poводok),synonym,patpres qamisi
AK-050,Şüşə silənin qolu (poводok),synonym,povodok dvornika
AK-050,Şüşə silənin qolu (poводok),synonym,ryчаг stekloochistitelya
MU-101,Starter avtomatı (втягивающее реле),synonym,starter avtomatı (втягивающее реле)
MU-101,Starter avtomatı (втягивающее реле),synonym,втягивающее реле стартера
MU-101,Starter avtomatı (втягивающее реле),synonym,starter avtomati
MU-101,Starter avtomatı (втягивающее реле),synonym,statelin avtomati
MU-101,Starter avtomatı (втягивающее реле),synonym,vtyagivayushcheye rele
MU-101,Starter avtomatı (втягивающее реле),synonym,rele startera
MU-101,Starter avtomatı (втягивающее реле),synonym,avtomat startera
SO-040,Kondisioner kompressorunun remeni,synonym,kondisioner kompressorunun remeni
SO-040,Kondisioner kompressorunun remeni,synonym,ремень компрессора кондиционера
SO-040,Kondisioner kompressorunun remeni,synonym,kompressor remeni
SO-040,Kondisioner kompressorunun remeni,synonym,kondisioner kompressorunun remeni
SO-040,Kondisioner kompressorunun remeni,synonym,kondisioner remeni
SO-040,Kondisioner kompressorunun remeni,synonym,remen kompressora
AS-034,Amortizator çaşkası (yuxarı dayaq),synonym,amortizator çaşkası (yuxarı dayaq)
AS-034,Amortizator çaşkası (yuxarı dayaq),synonym,чашка (опора) амортизатора
AS-034,Amortizator çaşkası (yuxarı dayaq),synonym,amortizator caskasi
AS-034,Amortizator çaşkası (yuxarı dayaq),synonym,amortizator casqasi
AS-034,Amortizator çaşkası (yuxarı dayaq),synonym,casqa lemforder
AS-034,Amortizator çaşkası (yuxarı dayaq),synonym,amortizator oporasi
AS-034,Amortizator çaşkası (yuxarı dayaq),synonym,chashka amortizatora
AS-034,Amortizator çaşkası (yuxarı dayaq),synonym,opora amortizatora
KZ-003,Bufer üzlüyü,synonym,abirsofka
KZ-003,Bufer üzlüyü,synonym,abirçofka
KZ-003,Bufer üzlüyü,synonym,absofka
KZ-003,Bufer üzlüyü,synonym,absöfka
EY-002,Apornu,synonym,abornu
EY-002,Apornu,synonym,abornular
EY-002,Apornu,synonym,oporniy disk
AK-050,Şüşə silənin qolu,synonym,qamis
AK-050,Şüşə silənin qolu,synonym,qamisi
AK-050,Şüşə silənin qolu,synonym,patpresin qamisi
MU-088,Boş gediş datçiki,synonym,avtopadsos
MU-088,Boş gediş datçiki,synonym,avtopodsos
MU-088,Boş gediş datçiki,synonym,avtapadsos
KZ-098,Qapı yerinin rezini,synonym,qapı yerinin rezini
KZ-098,Qapı yerinin rezini,synonym,уплотнитель дверного проёма
KZ-098,Qapı yerinin rezini,synonym,qapi yerinin rezini
KZ-098,Qapı yerinin rezini,synonym,qapi yeri rezini
KZ-098,Qapı yerinin rezini,synonym,qapi proyeminin rezini
KZ-098,Qapı yerinin rezini,synonym,uplotnitel dvernogo proyema
KZ-098,Qapı yerinin rezini,synonym,rezinka dvernogo proyema
KZ-098,Qapı yerinin rezini,synonym,qapi yuvasinin rezini
KZ-099,Baqaj rezini (kipləşdirici),synonym,baqaj rezini (kipləşdirici)
KZ-099,Baqaj rezini (kipləşdirici),synonym,уплотнитель багажника
KZ-099,Baqaj rezini (kipləşdirici),synonym,baqaj rezini
KZ-099,Baqaj rezini (kipləşdirici),synonym,baqaj rezinleri
KZ-099,Baqaj rezini (kipləşdirici),synonym,baqajin rezini
KZ-099,Baqaj rezini (kipləşdirici),synonym,uplotnitel bagajnika
KZ-099,Baqaj rezini (kipləşdirici),synonym,rezinka bagajnika
MU-102,Boş gediş klapanı (IACV),synonym,boş gediş klapanı (iacv)
MU-102,Boş gediş klapanı (IACV),synonym,клапан холостого хода
MU-102,Boş gediş klapanı (IACV),synonym,bos gedis klapani
MU-102,Boş gediş klapanı (IACV),synonym,iacv
MU-102,Boş gediş klapanı (IACV),synonym,aac klapani
MU-102,Boş gediş klapanı (IACV),synonym,klapan holostogo hoda
MU-102,Boş gediş klapanı (IACV),synonym,regulyator holostogo hoda
MU-103,Faz tənzimləyici muftası (VVT),synonym,faz tənzimləyici muftası (vvt)
MU-103,Faz tənzimləyici muftası (VVT),synonym,муфта фазорегулятора (vvt)
MU-103,Faz tənzimləyici muftası (VVT),synonym,faz tenzimleyici muftasi
MU-103,Faz tənzimləyici muftası (VVT),synonym,fazarequlyator
MU-103,Faz tənzimləyici muftası (VVT),synonym,vvt muftasi
MU-103,Faz tənzimləyici muftası (VVT),synonym,mufta fazoregulyatora
MU-103,Faz tənzimləyici muftası (VVT),synonym,mufta vvt
KZ-100,Lyuk trosu,synonym,lyuk trosu
KZ-100,Lyuk trosu,synonym,трос люка
KZ-100,Lyuk trosu,synonym,lyuk trosu
KZ-100,Lyuk trosu,synonym,lyukun trosu
KZ-100,Lyuk trosu,synonym,tros lyuka
KZ-100,Lyuk trosu,synonym,trosik lyuka
MU-104,Hidrokompensator (klapan itələyicisi),synonym,hidrokompensator (klapan itələyicisi)
MU-104,Hidrokompensator (klapan itələyicisi),synonym,гидрокомпенсатор
MU-104,Hidrokompensator (klapan itələyicisi),synonym,hidrokompensator
MU-104,Hidrokompensator (klapan itələyicisi),synonym,gidrokompensator
MU-104,Hidrokompensator (klapan itələyicisi),synonym,gidrokompensatory
SO-041,Köməkçi su nasosu (elektrikli),synonym,köməkçi su nasosu (elektrikli)
SO-041,Köməkçi su nasosu (elektrikli),synonym,дополнительная помпа (электрическая)
SO-041,Köməkçi su nasosu (elektrikli),synonym,komekci su nasosu
SO-041,Köməkçi su nasosu (elektrikli),synonym,elave su nasosu
SO-041,Köməkçi su nasosu (elektrikli),synonym,elektrikli su nasosu
SO-041,Köməkçi su nasosu (elektrikli),synonym,dopolnitelnaya pompa
SO-041,Köməkçi su nasosu (elektrikli),synonym,elektricheskaya pompa
EY-020,Hidroakkumulyator (SBC),synonym,hidroakkumulyator (sbc)
EY-020,Hidroakkumulyator (SBC),synonym,гидроаккумулятор тормозов (sbc)
EY-020,Hidroakkumulyator (SBC),synonym,hidroakkumulyator
EY-020,Hidroakkumulyator (SBC),synonym,sbc akkumulyatoru
EY-020,Hidroakkumulyator (SBC),synonym,gidroakkumulyator
EY-020,Hidroakkumulyator (SBC),synonym,sbc nasosu
EY-021,Əyləc hava kanalı,synonym,əyləc hava kanalı
EY-021,Əyləc hava kanalı,synonym,воздуховод охлаждения тормозов
EY-021,Əyləc hava kanalı,synonym,eylec hava kanali
EY-021,Əyləc hava kanalı,synonym,tormuz soyuducu borusu
EY-021,Əyləc hava kanalı,synonym,vozduhovod tormozov
EY-021,Əyləc hava kanalı,synonym,ohlazhdeniye tormozov
SR-016,Yağ filtri korpusunun qapağı,synonym,yağ filtri korpusunun qapağı
SR-016,Yağ filtri korpusunun qapağı,synonym,крышка корпуса масляного фильтра
SR-016,Yağ filtri korpusunun qapağı,synonym,yag filter qapagi
SR-016,Yağ filtri korpusunun qapağı,synonym,yag filtri korpusunun qapagi
SR-016,Yağ filtri korpusunun qapağı,synonym,kryshka korpusa maslyanogo filtra
SR-016,Yağ filtri korpusunun qapağı,synonym,kryshka maslyanogo filtra
MU-105,Trambler qapağı,synonym,trambler qapağı
MU-105,Trambler qapağı,synonym,крышка трамблёра
MU-105,Trambler qapağı,synonym,trambilyor qapagi
MU-105,Trambler qapağı,synonym,trambler qapagi
MU-105,Trambler qapağı,synonym,kryshka trambleera
MU-105,Trambler qapağı,synonym,kryshka raspredelitelya zazhiganiya
SO-042,Su çəninin səviyyə sensoru,synonym,su çəninin səviyyə sensoru
SO-042,Su çəninin səviyyə sensoru,synonym,датчик уровня в бачке
SO-042,Su çəninin səviyyə sensoru,synonym,su ceninin seviyye sensoru
SO-042,Su çəninin səviyyə sensoru,synonym,bacokun seviyye datciki
SO-042,Su çəninin səviyyə sensoru,synonym,datchik urovnya v bachke
SO-042,Su çəninin səviyyə sensoru,synonym,datchik urovnya ohlazhdayushchey
MU-106,Drossel mövqe datçiki (TPS),synonym,drossel mövqe datçiki (tps)
MU-106,Drossel mövqe datçiki (TPS),synonym,датчик положения дроссельной заслонки
MU-106,Drossel mövqe datçiki (TPS),synonym,drossel sensoru
MU-106,Drossel mövqe datçiki (TPS),synonym,drossel movqe datciki
MU-106,Drossel mövqe datçiki (TPS),synonym,tps
MU-106,Drossel mövqe datçiki (TPS),synonym,datchik polozheniya drosselnoy zaslonki
EY-022,Əyləc trosu (ayaq əyləci),synonym,əyləc trosu (ayaq əyləci)
EY-022,Əyləc trosu (ayaq əyləci),synonym,трос тормоза (ножного)
EY-022,Əyləc trosu (ayaq əyləci),synonym,eylec trosu
EY-022,Əyləc trosu (ayaq əyləci),synonym,tormuz trosu
EY-022,Əyləc trosu (ayaq əyləci),synonym,ayaq eyleci trosu
EY-022,Əyləc trosu (ayaq əyləci),synonym,tros tormoza
MU-107,TNVD araqatı (proklatka),synonym,tnvd araqatı (proklatka)
MU-107,TNVD araqatı (proklatka),synonym,прокладка тнвд
MU-107,TNVD araqatı (proklatka),synonym,tnvd proklatkasi
MU-107,TNVD araqatı (proklatka),synonym,tnvd araqati
MU-107,TNVD araqatı (proklatka),synonym,prokladka tnvd
MU-107,TNVD araqatı (proklatka),synonym,prokladki tnvd
AK-051,Baqaj toru (setka),synonym,baqaj toru (setka)
AK-051,Baqaj toru (setka),synonym,сетка багажника
AK-051,Baqaj toru (setka),synonym,baqaj toru
AK-051,Baqaj toru (setka),synonym,baqaj setkasi
AK-051,Baqaj toru (setka),synonym,setka bagajnika
AK-051,Baqaj toru (setka),synonym,setochka v bagajnik
EL-086,Oturacaq motoru,synonym,oturacaq motoru
EL-086,Oturacaq motoru,synonym,мотор регулировки сиденья
EL-086,Oturacaq motoru,synonym,oturacaq motoru
EL-086,Oturacaq motoru,synonym,sidenka motoru
EL-086,Oturacaq motoru,synonym,motor sidenya
EL-086,Oturacaq motoru,synonym,motor regulirovki sidenya
EL-087,Start/Stop düyməsi,synonym,start/stop düyməsi
EL-087,Start/Stop düyməsi,synonym,кнопка start/stop
EL-087,Start/Stop düyməsi,synonym,start stop duymesi
EL-087,Start/Stop düyməsi,synonym,start stop knopkasi
EL-087,Start/Stop düyməsi,synonym,knopka start stop
EL-087,Start/Stop düyməsi,synonym,start stop knopka
SO-043,İstilik-soyutma modulyatoru (aktuator),synonym,i̇stilik-soyutma modulyatoru (aktuator)
SO-043,İstilik-soyutma modulyatoru (aktuator),synonym,модулятор отопителя (заслонка климата)
SO-043,İstilik-soyutma modulyatoru (aktuator),synonym,soba modulyatoru
SO-043,İstilik-soyutma modulyatoru (aktuator),synonym,isti soyuq modulyatoru
SO-043,İstilik-soyutma modulyatoru (aktuator),synonym,peç aktuatoru
SO-043,İstilik-soyutma modulyatoru (aktuator),synonym,modulyator otopitelya
SO-043,İstilik-soyutma modulyatoru (aktuator),synonym,zaslonka klimata
MU-088,,synonym,avtopadsos
MU-088,,synonym,avtopasos
MU-088,,synonym,afdopasos
MU-088,,synonym,avtapasos
AS-010,,synonym,top
AS-010,,synonym,toplar
AS-010,,synonym,alt top
AS-010,,synonym,top saravoy
AS-011,,synonym,link
AS-011,,synonym,linkler
AS-011,,synonym,link lemforder
AS-005,,synonym,udarnik
AS-005,,synonym,udarnikler
AS-005,,synonym,pad udarnik
AS-029,,synonym,asagi casqa
AS-029,,synonym,alt casqa
AS-029,,synonym,purjun casqasi
AS-023,,synonym,qranat karopkadan tekere
AS-023,,synonym,privod v sbore
AS-023,,synonym,poluos
EL-001,,synonym,ayna qaldiran mator
EL-001,,synonym,suse qaldiran mator
EL-001,,synonym,pencere motoru
EL-009,,synonym,airbaq
EL-009,,synonym,airbeq
EL-009,,synonym,salon airbaq
EL-009,,synonym,hava yastigi
EL-021,,synonym,benzin qapaq kilidi
EL-021,,synonym,benzin qapaginin kilidi
EL-024,,synonym,tavan isigi
EL-024,,synonym,salon tavan isigi
EL-024,,synonym,plafon
EL-025,,synonym,led h7
EL-025,,synonym,h7
EL-025,,synonym,h4
EL-025,,synonym,lampoçka
KZ-019,,synonym,mebel plasmasi
KZ-019,,synonym,qapi mebeli
KZ-032,,synonym,morda
KZ-032,,synonym,on ekran morda
KZ-039,,synonym,yazisi
KZ-039,,synonym,yazi
KZ-039,,synonym,emblem
KZ-055,,synonym,tekerin qiraginda olan plasmas
KZ-055,,synonym,teker qiragi plasmas
KZ-057,,synonym,orta hava yeri
KZ-057,,synonym,hava yeri
EL-038,,synonym,pribor
EL-038,,synonym,piribor
EL-038,,synonym,pribor paneli
AU-003,,synonym,ccc dvd blok
AU-003,,synonym,dvd blok
AU-003,,synonym,ccc blok
KZ-012,,synonym,arxa baqajin aynasi
KZ-012,,synonym,arxa patpres
KZ-012,,synonym,aexa patpres
KZ-012,,synonym,arxa ayna
SU-006,,synonym,rulovoy
SU-006,,synonym,rulavoy
SU-006,,synonym,rulavuy
SU-006,,synonym,rlavoy
SU-006,,synonym,rlovoy
SU-006,,synonym,rulyovoy
SU-011,,synonym,rulyovoy sturval
SU-011,,synonym,rulovoy sturval
SU-011,,synonym,rulavoy sturval
SU-011,,synonym,sturval
AK-001,,synonym,ayaq alti
AK-001,,synonym,ayaqalti
AK-028,,synonym,parkradar
AK-028,,synonym,parkradari
AK-028,,synonym,park radari
AK-033,,synonym,podlokotnik
AK-033,,synonym,padlakotnik
AK-042,,synonym,qapi perdesi
AK-042,,synonym,qapi perdeleri
EL-032,,synonym,konnektor
EL-032,,synonym,bobinin konnektoru
EL-032,,synonym,steker
EL-080,,synonym,aktaturun beyini
EL-080,,synonym,aktuator beyni
YA-007,,synonym,adsorber
YA-007,,synonym,adsarber
YA-007,,synonym,absorber
SR-014,,synonym,bujer
SR-014,,synonym,bujerler
SR-014,,synonym,on bujer
SO-035,,synonym,tranik
SO-035,,synonym,3 cixisli tranik
SO-035,,synonym,troynik
YA-005,,synonym,yanacaq ceninin qapagi
YA-005,,synonym,cenin qapagi
MU-089,,synonym,blokdan turboya geden patrubka
MU-089,,synonym,turboya geden patrubka
EL-020,,synonym,kompressorun daciki
EL-020,,synonym,kompresorun teziq daciki
EL-020,,synonym,kondisaner kompressorun daciki
EL-041,,synonym,qapi kilidi muherrikinin motoru
EL-041,,synonym,kilid motoru
MU-027,,synonym,motor yag nasosu
MU-027,,synonym,yag nasosu
KZ-043,,synonym,sveler
KZ-043,,synonym,швеллер под бампер
KZ-072,,synonym,lukun altinda perde
KZ-072,,synonym,lyukun perdesi
TK-002,,synonym,teker diski
TK-005,,synonym,teker datciki
TK-005,,synonym,teker daccik
TK-005,,synonym,tekerin hava daccik
TK-005,,synonym,teker sensoru
EL-057,,synonym,su bacoku
EL-057,,synonym,yuyucu bacok
EL-057,,synonym,suse silenin su bacoku
AS-006,,synonym,stupsiya
AS-006,,synonym,stupitsa
AS-006,,synonym,stupsiyasi
AS-006,,synonym,usdubciya
MU-033,,synonym,vozduxomer
MU-033,,synonym,vazduxomer
MU-033,,synonym,hava olcen
SU-001,,synonym,nakonecnik
SU-001,,synonym,nakonecnikler
SU-001,,synonym,nakoneçnik
EY-012,,synonym,rucnoy trosu
EY-012,,synonym,rucnoyun trosu
EY-012,,synonym,ruchnoy tros
EG-002,,synonym,oksigen sensoru
EG-002,,synonym,oksigen datciki
EG-002,,synonym,lambda zond
MU-013,,synonym,ust kriska
MU-013,,synonym,ust krisqa
MU-013,,synonym,ust kriskasi
SR-005,,synonym,transmissiya yagi
SR-005,,synonym,karopkanin yagi
AS-012,,synonym,stabilizatorun rezinleri
AS-012,,synonym,stabilizator rezinleri
EL-018,,synonym,pec motoru
EL-018,,synonym,pecin motoru
KZ-061,,synonym,suse qaldiran tros
KZ-061,,synonym,sise qaldiran tros
KZ-061,,synonym,pencere trosu
KZ-006,,synonym,dumanni
KZ-006,,synonym,dumani
KZ-006,,synonym,dumanliq
MU-036,,synonym,egr
MU-036,,synonym,egr klapani
YA-003,,synonym,tnvd
YA-003,,synonym,tnvdsi
AK-013,,synonym,bruzqovik
AK-013,,synonym,brizqovik
AK-013,,synonym,bruzqoviki
AS-025,,synonym,balka rezini
AS-025,,synonym,balkanin rezini
RG-01,,synonym,mator beyni
TK-001,,synonym,tekerin rezini
TK-002,,synonym,diski
TK-002,,synonym,diskleri
MU-013,,synonym,ust kriska
MU-013,,synonym,ust krisqa
TR-032,Mufta dəsti,synonym,feredo casqa
TR-032,Mufta dəsti,synonym,feredo caska
TR-032,Mufta dəsti,synonym,casqa feredo
EG-004,Qazan (rezonator),synonym,arxa qazan
EG-004,Qazan (rezonator),synonym,orta qazan
EG-004,Qazan (rezonator),synonym,qazan
EY-015,Vakum nasosu,synonym,vakum sazdatel
EY-015,Vakum nasosu,synonym,vakum sazdetel
EY-015,Vakum nasosu,synonym,vakuum sozdatel
MU-099,,synonym,klapan iteleyicisi
MU-099,,synonym,tolkatel klapana
MU-099,,synonym,iteleyici
YA-009,,synonym,abratni klapan
YA-009,,synonym,abratniy klapan
YA-009,,synonym,geri qaytarma klapani
YA-009,,synonym,obratniy klapan
YA-007,,synonym,evap klapan
YA-007,,synonym,evap klapani
YA-025,,synonym,evap sensor
YA-025,,synonym,evap sensoru
YA-025,,synonym,evap datciki
MU-033,,synonym,vozduxamer
MU-033,,synonym,vazduxamer
MU-033,,synonym,hava datciki
EL-062,,synonym,curtain airbag
EL-062,,synonym,side curtain
EL-062,,synonym,perde airbag
SU-013,,synonym,gidrouslitel slanki
SU-013,,synonym,gidrousilitel slanki
SU-013,,synonym,gur slanki
SO-010,,synonym,kondisioner radiatoru
SO-010,,synonym,kondisionerin radiatoru
SO-010,,synonym,kodlndisonerin radiatoru
SO-010,,synonym,kondisaner radiatoru
KZ-028,,synonym,radiator barmaqligi
KZ-028,,synonym,radiator barmaqlig
KZ-028,,synonym,radiator barmagligi
KZ-008,,synonym,donme faralari
KZ-008,,synonym,donme isiqlari
KZ-008,,synonym,donme isigi
KZ-008,,synonym,pavarotnikler
EL-057,,synonym,aynasilenin su ceni
EL-057,,synonym,su ceni aynasilenin
EL-057,,synonym,zibil bacoku
TR-001,,synonym,suret qutusu mexanika
TR-001,,synonym,mexaniki suret qutusu
TR-001,,synonym,mexanika karopka
TK-005,,synonym,teker ucun datcik
TK-005,,synonym,her teker ucun datcik
MU-016,,synonym,qlapan salnikleri
MU-016,,synonym,klapan salnikleri
MU-016,,synonym,klapan salniki
TR-014,,synonym,karopkanin col salniki
TR-014,,synonym,karopkanin salniki
TR-014,,synonym,sruz salniki
TR-014,,synonym,сальник для шруса
AS-003,,synonym,amartizator pocevniki
AS-003,,synonym,amortizator pacevniki
AS-003,,synonym,amortizator podsipniki
AK-005,,synonym,baqaj kecesi
AK-005,,synonym,baqaj ucun kece
AK-005,,synonym,baqaj koviri
KZ-070,,synonym,baqaj jaluzi
KZ-070,,synonym,baqaj jaluzu
KZ-070,,synonym,baqaj perdesi
KZ-034,,synonym,baqaj obivka
KZ-034,,synonym,baqaj obivkasi
KZ-034,,synonym,baqaj plasmasi
TY-004,,synonym,buferin diffuzeri
TY-004,,synonym,bufer diffuzeri
TY-004,,synonym,arxa bufer diffuzer
TR-013,,synonym,kardan muftasi
TR-013,,synonym,kardan mufta
RG-10,,synonym,peredoxranitel blokunun qapagi
RG-10,,synonym,predoxranitel blokunun qapagi
EG-002,,synonym,katalizator datciki
EG-002,,synonym,katalizator daccik
EG-002,,synonym,katalizator daccikleri
MU-057,,synonym,yag krisqasi qapagi
MU-057,,synonym,yag krisqasi
MU-057,,synonym,yag qapagi
MU-089,,synonym,hava slanqi
MU-089,,synonym,hava giris xortumu
MU-089,,synonym,hava xortumu
MU-089,,synonym,qofra slanq
KZ-069,,synonym,guzgu isigi
KZ-069,,synonym,guzgude olan isiq
KZ-069,,synonym,guzgu pavarotnik
KZ-069,,synonym,guzgu pavarotniki
KZ-021,,synonym,guzgu sesi
KZ-021,,synonym,guzgu susesi
KZ-021,,synonym,guzgunun susesi
EL-020,,synonym,kompressor datciki
EL-020,,synonym,kompressor daciki
EL-020,,synonym,kompressorun teziq daciki
MU-014,,synonym,ust kriskanin prokladkasi
MU-014,,synonym,kriska prokladkasi
MU-014,,synonym,kriskanin prokladkasi
MU-074,,synonym,usdunde olan plasmas
MU-074,,synonym,matorun usdunde plasmas
MU-074,,synonym,ust plasmas qoruyucu
KZ-014,,synonym,panaramanin suseleri
KZ-014,,synonym,panorama susesi
KZ-014,,synonym,panarama susesi
AS-008,,synonym,ic granat
AS-008,,synonym,granat
AS-008,,synonym,granatlar
AS-008,,synonym,qranad
AS-008,,synonym,col qranad
KZ-008,,synonym,pavarotnik
KZ-008,,synonym,pavarodnik
KZ-008,,synonym,podfarnik
KZ-008,,synonym,padfarnik
SU-001,,synonym,nacanecnik
SU-001,,synonym,nakanecnik
SU-001,,synonym,nokanecnik
SU-001,,synonym,nakanesnik
SU-001,,synonym,nakonesnik
SU-017,,synonym,nakanecnik rezini
SU-017,,synonym,nakonecnik rezini
SU-017,,synonym,nakanecnik pilniki
TR-001,,synonym,robot karopka
TR-001,,synonym,robot karobka
TR-001,,synonym,karopka elektron
TR-001,,synonym,elektron karopka
KZ-003,,synonym,abircofka
KZ-003,,synonym,abirsofka
MU-055,,synonym,mator sepi
MU-055,,synonym,matorun sepi
MU-055,,synonym,kanpilekt mator sepi
MU-055,,synonym,сеп мотора
MU-055,,synonym,сеп
AK-028,,synonym,park radari
AK-028,,synonym,park radarlari
AK-028,,synonym,parkradari
AK-028,,synonym,kenar park radari
MU-001,,synonym,motor zbor
MU-001,,synonym,mator zbor
MU-001,,synonym,272 mator
TK-001,,synonym,sin
TK-001,,synonym,sinler
MU-062,,synonym,motor qalofkasi
MU-062,,synonym,mator qalofkasi
MU-062,,synonym,qalofka
SO-016,,synonym,vintilyatorun datciki
SO-016,,synonym,ventilyator datciki
SO-016,,synonym,per datciki
YA-001,,synonym,benzanasos
YA-001,,synonym,zbor benzanasos
YA-001,,synonym,benzonasos
YA-001,,synonym,benzin nasos
KZ-011,,synonym,parpres
KZ-011,,synonym,qabaq parpres
KZ-011,,synonym,alin suse
KZ-011,,synonym,alin susesi
AK-010,,synonym,banan suse silen
AK-010,,synonym,suse silen
AK-010,,synonym,susesilen
AK-010,,synonym,susesilenler
AK-010,,synonym,dvornik
AK-010,,synonym,dvornikler
EY-001,,synonym,kolodka
EY-001,,synonym,kolodkalar
EY-001,,synonym,kolodkalari
EY-001,,synonym,tormoz kolodkalari
EY-001,,synonym,arxa kolodkalari
EL-023,,synonym,tavan manitoru
EL-023,,synonym,tavan monitoru
EL-023,,synonym,zavod tavan manitoru
SO-009,,synonym,patrufka
SO-009,,synonym,patrufqasi
SO-009,,synonym,ust patrufqasi
SO-009,,synonym,soyutma slanqlari
SO-009,,synonym,soyutma slanqi
KZ-022,,synonym,guzcunun altindaki qapaq
KZ-022,,synonym,guzgunun qapagi
KZ-022,,synonym,guzgu qapaqi
KZ-022,,synonym,yarasa guzgu qapaqi
SR-014,,synonym,alisdirma samlari
SR-014,,synonym,alisdirma sami
MU-087,,synonym,giris kollektorun prokladkasi
MU-087,,synonym,kollektorun prokladkasi
MU-087,,synonym,kollektor prokladkasi
KZ-029,,synonym,partklenik
KZ-029,,synonym,partklenikler
EY-011,,synonym,abs daciki
EY-011,,synonym,abs datciki
EY-011,,synonym,abs sensoru
SU-018,,synonym,mayatnik
SU-018,,synonym,mayatnik ricaqi
SO-036,,synonym,kampressorun kransteyni
SO-036,,synonym,kompressor kransteyni
SO-036,,synonym,kompressorun kronsteyni
MU-022,,synonym,natejnoy
MU-022,,synonym,natyajnoy
MU-022,,synonym,natijnik
MU-040,,synonym,krank mili sensoru
MU-040,,synonym,krank sensoru
MU-040,,synonym,kolenval datciki
KZ-043,,synonym,arxa demir
KZ-043,,synonym,qeza qoruyucu
KZ-043,,synonym,arxa demir qeza qoruyucu
MU-089,,synonym,hava filitirinin slanqi
MU-089,,synonym,hava filtrinin slanqi
MU-089,,synonym,turbonun patrubkasi
MU-089,,synonym,turbo patrubkasi
EL-019,,synonym,cilamete control
EL-019,,synonym,climate control
EL-019,,synonym,klimat kontrol
SR-005,,synonym,reduktor yagi
MU-020,,synonym,remen 7pk
MU-020,,synonym,ремен
MU-020,,synonym,ремень
EL-081,,synonym,qaranliq sensoru
EL-081,,synonym,isiq sensoru
MU-026,,synonym,sam musduyu
MU-026,,synonym,sifecalarin basliq
MU-026,,synonym,sam basligi
YA-010,,synonym,yanacaq tenzimleyen
YA-010,,synonym,yanacaq tenzimleyici
KZ-072,,synonym,gunkecirmez
KZ-072,,synonym,lukun perdesi
KZ-053,,synonym,on susenin asagisinda plasmas
KZ-053,,synonym,suse alti plasmas
KZ-036,,synonym,spoiler
KZ-036,,synonym,spoyler
KZ-027,,synonym,kirla
KZ-027,,synonym,kirlo
MU-017,,synonym,передняя опора двигателя
MU-017,,synonym,опора двигателя
EL-026,,synonym,pedal assy accelerator
EL-026,,synonym,accelerator pedal
KZ-069,,synonym,guzgude olan isig
KZ-069,,synonym,guzgude olan isiq
MU-074,,synonym,usdunde olan plasmas qoruyucu
SO-012,,synonym,kandisaner kanpressoru
SO-012,,synonym,kondisaner kanpressoru
SO-012,,synonym,kanpressor
MU-053,,synonym,alt zasitnik
MU-053,,synonym,qabaq alt zasitnik
MU-053,,synonym,altindaki zasitnik
MU-053,,synonym,alt qoruyucusu tam
EL-032,,synonym,taxilan steker
EL-032,,synonym,steker
EL-057,,synonym,zibil bacoku
EL-057,,synonym,zibil bacoku zbor
YA-024,,synonym,dizel filtirinin korpusu
YA-024,,synonym,padkacka
YA-025,,synonym,evap sensoru
KZ-005,,synonym,led fara
KZ-005,,synonym,led faralar
KZ-005,,synonym,ближние led фары
AS-025,,synonym,balkanin razvalnisi
AS-025,,synonym,arxa balka rezinler
AS-025,,synonym,balka rezinleri
TR-015,,synonym,suretler qutusu sellektoru
TR-015,,synonym,sellektoru
AS-012,,synonym,stabilizator qolun rezini
AS-012,,synonym,stabilizator rezini paduska
SR-004,,synonym,salon hava filtri
SR-004,,synonym,salon filtiri
SR-004,,synonym,salon filtri
AK-010,,synonym,arxa suse silen
AS-002,,synonym,amortizatorun ust dayagi
AS-002,,synonym,amartizatorun ust rezini
AS-002,,synonym,amartizatorun paduskalari
AS-002,,synonym,amortizator paduskasi
EL-024,,synonym,tavan isiqi
EL-024,,synonym,zbor tavan isiqi
KZ-092,,synonym,qapi alti kantlar
KZ-092,,synonym,qapilarin altinin kantlari
KZ-092,,synonym,yan qapi alti kantlar
KZ-055,,synonym,teker yay genislendiricisi
KZ-055,,synonym,yay genislendiricisi
SO-039,,synonym,radiator kriskasi
SO-039,,synonym,radiatorun kriskasi
SO-039,,synonym,radiator krishkasi
SO-033,,synonym,kompressor maqniti
SO-033,,synonym,kompressorun maqniti
SO-033,,synonym,kompressor skfi
SO-033,,synonym,kompressor skifi
TR-032,,synonym,vijicnoy feredol caska
TR-032,,synonym,feredol caska
SU-005,,synonym,qidravlik guclendirici
SU-005,,synonym,uselitel
SO-002,,synonym,radiator fani
SO-002,,synonym,radiator fan
KZ-048,,synonym,stopun susesi
KZ-048,,synonym,stop susesi
EL-003,,synonym,suse qaldiranlarin avtomati
EL-003,,synonym,4lu podyomnik
MU-021,,synonym,dinamonun shkifi
MU-021,,synonym,dinamo skifi
MU-021,,synonym,skif
KZ-076,,synonym,buferin alt qoruyucu
KZ-076,,synonym,bufer alt zasitnik
MU-016,,synonym,klapan kok mohurleri
MU-016,,synonym,kok mohurleri
MU-014,,synonym,muherrikin ust kriska prokladkasi
MU-051,,synonym,pcv klapan
MU-051,,synonym,pcv
KZ-083,,synonym,krlonun ustunde benzin qapagi
KZ-083,,synonym,krilo benzin qapagi
KZ-032,,synonym,morda
SU-004,,synonym,rulovoy kolonka
SU-004,,synonym,rulavoy kolonka
SO-032,,synonym,radiator bacokun qapaqi
SO-032,,synonym,bacokun qapagi
SO-032,,synonym,bacok qapagi
KZ-086,,synonym,lt buferin abilsofka
KZ-086,,synonym,qabag setka bufer
KZ-038,,synonym,qapinin ustu nikel kantlar
KZ-038,,synonym,nikel kantlar
KZ-094,,synonym,qapinin nikkel kantlari
KZ-094,,synonym,qapi nikel kantlari
