external_code,category,category_slug,name_az,name_ru,synonyms,synonyms_count,name_terms,name_terms_count,requires_side,requires_direction,requires_location,is_active,created_at
EY-010,ABS,brakes-abs,ABS bloku,Блок ABS (гидроблок с насосом),гидроблок с насосом; abs blok; abs modulu; absmodulu; absbloku,5,ABS bloku; Блок ABS (гидроблок с насосом); блок abs гидроблок с насосом; гидроблок с насосом; abs blok; abs modulu; absmodulu; absbloku,8,No,No,No,Yes,2026-07-21 14:10:44
EY-011,ABS,brakes-abs,ABS datçiki,Датчик ABS,abc sensoru; abs sensoru; təkər sensoru; teker sensoru; abs datciki; abcsensoru; abssensoru; tekersensoru; absdatciki; датчикabs,10,ABS datçiki; Датчик ABS; abc sensoru; abs sensoru; təkər sensoru; teker sensoru; abs datciki; abcsensoru; abssensoru; tekersensoru; absdatciki; датчикabs,12,Yes,Yes,No,Yes,2026-07-21 14:10:44
EL-014,ADAS,electrical-adas,Park radar bloku,Блок парктроника,radar; park radarı; ön radar; qabaq radarı; park radari; on radar; qabaq radari; parkradari; qabaqradari; блокпарктроника,10,Park radar bloku; Блок парктроника; radar; park radarı; ön radar; qabaq radarı; park radari; on radar; qabaq radari; parkradari; qabaqradari; блокпарктроника,12,No,No,No,Yes,2026-07-21 14:10:44
EL-013,ADAS,electrical-adas,Park radar sensoru (şunuru),Датчик парктроника,şunuru; sunuru; park radar sensoru sunuru; датчикпарктроника,4,Park radar sensoru (şunuru); Датчик парктроника; park radar sensoru şunuru; şunuru; sunuru; park radar sensoru sunuru; датчикпарктроника,7,No,Yes,No,Yes,2026-07-21 14:10:44
EL-015,ADAS,electrical-adas,Kor zona sensoru/detektoru (BSM),Датчик слепых зон,bsm; kor zona detektoru; kor zona sensoru; kor nöqtə bloku; kor zonalı güzgü; kor zonalı yan güzgü; kor noqte bloku; kor zonali guzgu; kor zonali yan guzgu,9,Kor zona sensoru/detektoru (BSM); Датчик слепых зон; kor zona sensoru detektoru bsm; bsm; kor zona detektoru; kor zona sensoru; kor nöqtə bloku; kor zonalı güzgü; kor zonalı yan güzgü; kor noqte bloku; kor zonali guzgu; kor zonali yan guzgu,12,No,No,No,Yes,2026-07-21 14:10:44
EL-061,ADAS,electrical-adas,Distronic kabeli (adaptiv kruiz sensoru kabeli),Кабель адаптивного круиз-контроля (Distronic),distronic; adaptiv kruiz sensoru kabeli,2,Distronic kabeli (adaptiv kruiz sensoru kabeli); Кабель адаптивного круиз-контроля (Distronic); distronic kabeli adaptiv kruiz sensoru kabeli; кабель адаптивного круиз контроля distronic; distronic; adaptiv kruiz sensoru kabeli,6,No,No,No,Yes,2026-07-21 14:10:44
EL-035,ADAS,electrical-adas,Kamera,Камера,кругового обзора; круговогообзора,2,Kamera; Камера; кругового обзора; круговогообзора,4,No,Yes,No,Yes,2026-07-21 14:10:44
AK-029,ADAS,electrical-adas,Arxa görüş kamerası,Камера заднего вида,görüntü kamerası; goruntu kamerasi; arxa gorus kamerasi; goruntukamerasi,4,Arxa görüş kamerası; Камера заднего вида; görüntü kamerası; goruntu kamerasi; arxa gorus kamerasi; goruntukamerasi,6,No,No,No,Yes,2026-07-21 14:10:44
EL-016,ADAS,electrical-adas,Zolaq tanıma kamerası,Камера контроля полосы движения,zolaq tanima kamerasi,1,Zolaq tanıma kamerası; Камера контроля полосы движения; zolaq tanima kamerasi,3,No,No,No,Yes,2026-07-21 14:10:44
EL-070,ADAS,electrical-adas,Faranın korrektoru (tənzimləyici motoru),Корректор фары (моторчик регулировки),моторчик регулировки; tənzimləyici motoru; tenzimleyici motoru; faranin korrektoru tenzimleyici motoru; моторчикрегулировки; tenzimleyicimotoru,6,Faranın korrektoru (tənzimləyici motoru); Корректор фары (моторчик регулировки); faranın korrektoru tənzimləyici motoru; корректор фары моторчик регулировки; моторчик регулировки; tənzimləyici motoru; tenzimleyici motoru; faranin korrektoru tenzimleyici motoru; моторчикрегулировки; tenzimleyicimotoru,10,No,No,No,Yes,2026-07-21 14:10:44
EL-029,ADAS,electrical-adas,Distronik/Cruise control modulu,Модуль круиз-контроля,cruise control modulu; distronik control modulu,2,Distronik/Cruise control modulu; Модуль круиз-контроля; distronik cruise control modulu; модуль круиз контроля; cruise control modulu; distronik control modulu,6,No,No,No,Yes,2026-07-21 14:10:44
AK-028,ADAS,electrical-adas,Park datçikləri,Парковочные датчики,park datcikleri; parkdatcikleri; парковочныедатчики,3,Park datçikləri; Парковочные датчики; park datcikleri; parkdatcikleri; парковочныедатчики,5,No,No,No,Yes,2026-07-21 14:10:44
RG-05,EVAP/дроссель,fuel-throttle,Zaslonka aktuatoru,Актуатор дроссельной заслонки,zaslonka aktuatoru; zaslonka motoru; droselin aktuatoru; kollektorun kəpənəyinin aktuatoru; kəpənək aktuatoru; kollektorun kepeneyinin aktuatoru; kepenek aktuatoru; zaslonkaaktuatoru; zaslonkamotoru; droselinaktuatoru; kepenekaktuatoru,11,Актуатор дроссельной заслонки; zaslonka aktuatoru; zaslonka motoru; droselin aktuatoru; kollektorun kəpənəyinin aktuatoru; kəpənək aktuatoru; kollektorun kepeneyinin aktuatoru; kepenek aktuatoru; zaslonkaaktuatoru; zaslonkamotoru; droselinaktuatoru; kepenekaktuatoru,12,No,No,No,Yes,2026-07-24 13:55:50
MU-090,EVAP/дроссель,fuel-throttle,Drossel qapağı datçiki,Датчик дроссельной заслонки,drossel qapağı sensoru; drossel qapagi sensoru; drossel qapagi datciki,3,Drossel qapağı datçiki; Датчик дроссельной заслонки; drossel qapağı sensoru; drossel qapagi sensoru; drossel qapagi datciki,5,No,No,No,Yes,2026-08-22 12:03:18
MU-034,EVAP/дроссель,fuel-throttle,Zaslonka,Дроссельная заслонка,drossel qapağı; orginal mobis zasdonka; zaslonkanın dişi; zaslonka dişi; drossel qapagi; zaslonkanin disi; zaslonka disi; drosselqapagi; zaslonkanindisi; zaslonkadisi; дроссельнаязаслонка,11,Zaslonka; Дроссельная заслонка; drossel qapağı; orginal mobis zasdonka; zaslonkanın dişi; zaslonka dişi; drossel qapagi; zaslonkanin disi; zaslonka disi; drosselqapagi; zaslonkanindisi; zaslonkadisi; дроссельнаязаслонка,13,No,No,No,Yes,2026-07-21 14:10:44
MU-036,EVAP/дроссель,fuel-throttle,EGR klapanı,Клапан EGR,egr klapani; egrklapani; клапанegr,3,EGR klapanı; Клапан EGR; egr klapani; egrklapani; клапанegr,5,No,No,No,Yes,2026-07-21 14:10:44
MU-082,EVAP/дроссель,fuel-throttle,Boğaz rezini (zaslonkanın),Резина дроссельного узла (патрубок впуска),патрубок впуска; zaslonkanın; zaslonkanin; bogaz rezini zaslonkanin; патрубоквпуска,5,Boğaz rezini (zaslonkanın); Резина дроссельного узла (патрубок впуска); boğaz rezini zaslonkanın; резина дроссельного узла патрубок впуска; патрубок впуска; zaslonkanın; zaslonkanin; bogaz rezini zaslonkanin; патрубоквпуска,9,No,No,No,Yes,2026-07-21 14:10:44
YA-007,EVAP/дроссель,fuel-throttle,EVAP sistemi/klapanı (yanacaq kömürü),Система EVAP (адсорбер),адсорбер; evap klapanı; evap sistemi; yanacaq kömürü; evap klapani; yanacaq komuru; evap sistemi klapani yanacaq komuru; evapklapani; evapsistemi; yanacaqkomuru,10,EVAP sistemi/klapanı (yanacaq kömürü); Система EVAP (адсорбер); evap sistemi klapanı yanacaq kömürü; система evap адсорбер; адсорбер; evap klapanı; evap sistemi; yanacaq kömürü; evap klapani; yanacaq komuru; evap sistemi klapani yanacaq komuru; evapklapani; evapsistemi; yanacaqkomuru,14,No,No,No,Yes,2026-07-21 14:10:44
MU-072,EVAP/дроссель,fuel-throttle,Qaz trosu (akselerator trosu),Трос газа (акселератора),акселератора; akselerator trosu; akseleratortrosu,3,Qaz trosu (akselerator trosu); Трос газа (акселератора); qaz trosu akselerator trosu; трос газа акселератора; акселератора; akselerator trosu; akseleratortrosu,7,No,No,No,Yes,2026-07-21 14:10:44
MU-092,EVAP/дроссель,fuel-throttle,EGR borusu,Трубка EGR,egr borusu; eqr borusu; трубка egr; egrborusu; eqrborusu; трубкаegr,6,egr borusu; eqr borusu; трубка egr; egrborusu; eqrborusu; трубкаegr,6,No,No,No,Yes,2026-08-22 12:15:42
AB-001,АКБ/клеммы,batteries,Akkumulyator (batareya),Аккумулятор,batareya; akkumulyatorbatareya,2,Akkumulyator (batareya); Аккумулятор; akkumulyator batareya; batareya; akkumulyatorbatareya,5,No,No,No,Yes,2026-07-21 14:10:44
EL-030,АКБ/клеммы,batteries,Hibrid batareyası,Гибридная батарея высоковольтная,hibrid batareyasi; hibridbatareyasi,2,Hibrid batareyası; Гибридная батарея высоковольтная; hibrid batareyasi; hibridbatareyasi,4,No,No,No,Yes,2026-07-21 14:10:44
AB-003,АКБ/клеммы,batteries,Akkumulyator kleması,Клемма аккумулятора,akkumulyator klemasi; akkumulyatorklemasi; клеммааккумулятора,3,Akkumulyator kleması; Клемма аккумулятора; akkumulyator klemasi; akkumulyatorklemasi; клеммааккумулятора,5,No,No,No,Yes,2026-07-21 14:10:44
AB-004,АКБ/клеммы,batteries,Akkumulyator bərkitmə skobası (planka),Крепление аккумулятора (планка/скоба),планка; планка скоба; скоба; planka; akkumulyator berkitme skobasi planka; планкаскоба,6,Akkumulyator bərkitmə skobası (planka); Крепление аккумулятора (планка/скоба); akkumulyator bərkitmə skobası planka; крепление аккумулятора планка скоба; планка; планка скоба; скоба; planka; akkumulyator berkitme skobasi planka; планкаскоба,10,No,No,No,Yes,2026-07-21 14:10:44
AB-002,АКБ/клеммы,batteries,Akkumulyator qoruyucusu (əsas sigorta),Предохранитель АКБ (силовой),силовой; əsas sigorta; esas sigorta; akkumulyator qoruyucusu esas sigorta; esassigorta,5,Akkumulyator qoruyucusu (əsas sigorta); Предохранитель АКБ (силовой); akkumulyator qoruyucusu əsas sigorta; предохранитель акб силовой; силовой; əsas sigorta; esas sigorta; akkumulyator qoruyucusu esas sigorta; esassigorta,9,No,No,No,Yes,2026-07-21 14:10:44
AS-001,Амортизаторы/опоры,suspension-shocks,Amortizator,Амортизатор,amartizator; amarizator; amartizatoru; amartizatorun,4,Amortizator; Амортизатор; amartizator; amarizator; amartizatoru; amartizatorun,6,Yes,Yes,No,Yes,2026-07-21 14:10:44
TY-006,Амортизаторы/опоры,suspension-shocks,Coilover (sport asma dəsti),Койловеры (спортивная подвеска),спортивная подвеска; sport asma dəsti; sport asma desti; coilover sport asma desti; спортивнаяподвеска,5,Coilover (sport asma dəsti); Койловеры (спортивная подвеска); coilover sport asma dəsti; койловеры спортивная подвеска; спортивная подвеска; sport asma dəsti; sport asma desti; coilover sport asma desti; спортивнаяподвеска,9,No,Yes,No,Yes,2026-07-21 14:10:44
AS-022,Амортизаторы/опоры,suspension-shocks,Pnevma kompressoru,Компрессор пневмоподвески,hava asqı kompressoru; hava asqi kompressoru; pnevmakompressoru; компрессорпневмоподвески,4,Pnevma kompressoru; Компрессор пневмоподвески; hava asqı kompressoru; hava asqi kompressoru; pnevmakompressoru; компрессорпневмоподвески,6,No,No,No,Yes,2026-07-21 14:10:44
TY-017,Амортизаторы/опоры,suspension-shocks,Lift kit (asma yüksəldici),Лифт-кит (комплект поднятия подвески),lift kit; lift kit asma yüksəldici; лифт кит комплект поднятия подвески; lift kit asma yukseldici,4,Lift kit (asma yüksəldici); Лифт-кит (комплект поднятия подвески); lift kit; lift kit asma yüksəldici; лифт кит комплект поднятия подвески; lift kit asma yukseldici,6,No,No,No,Yes,2026-08-22 12:03:18
AS-002,Амортизаторы/опоры,suspension-shocks,Amortizator dayaq yastığı (opora),Опора амортизатора (верхняя),верхняя; opora; amartizator paduşqası; amartizatorun paduşqası; amartizator yastigi; amortizator paduskasi; amortizator yastığı; amortizator üst yatağı; amarzatorun üst dartçiki; amortizatorun üst dartçiki; amartizator padusqasi; amartizatorun padusqasi; amortizator yastigi; amortizator ust yatagi; amarzatorun ust dartciki; amortizatorun ust dartciki; amortizator dayaq yastigi opora; amartizatorpadusqasi; amartizatorunpadusqasi; amartizatoryastigi; amortizatorpaduskasi; amortizatoryastigi,22,Amortizator dayaq yastığı (opora); Опора амортизатора (верхняя); amortizator dayaq yastığı opora; опора амортизатора верхняя; верхняя; opora; amartizator paduşqası; amartizatorun paduşqası; amartizator yastigi; amortizator paduskasi; amortizator yastığı; amortizator üst yatağı; amarzatorun üst dartçiki; amortizatorun üst dartçiki; amartizator padusqasi; amartizatorun padusqasi; amortizator yastigi; amortizator ust yatagi; amarzatorun ust dartciki; amortizatorun ust dartciki; amortizator dayaq yastigi opora; amartizatorpadusqasi; amartizatorunpadusqasi; amartizatoryastigi; amortizatorpaduskasi; amortizatoryastigi,26,Yes,Yes,No,Yes,2026-07-21 14:10:44
AS-005,Амортизаторы/опоры,suspension-shocks,Otboynik,Отбойник хода сжатия,,0,Otboynik; Отбойник хода сжатия,2,No,Yes,No,Yes,2026-07-21 14:10:44
AS-031,Амортизаторы/опоры,suspension-shocks,Pnevmoasqının platası (idarəetmə bloku),Плата/блок управления пневмоподушки,плата управления пневмоподушки; блок управления пневмоподушки; idarəetmə bloku; idareetme bloku; pnevmoasqinin platasi idareetme bloku; idareetmebloku,6,Pnevmoasqının platası (idarəetmə bloku); Плата/блок управления пневмоподушки; pnevmoasqının platası idarəetmə bloku; плата блок управления пневмоподушки; плата управления пневмоподушки; блок управления пневмоподушки; idarəetmə bloku; idareetme bloku; pnevmoasqinin platasi idareetme bloku; idareetmebloku,10,No,No,No,Yes,2026-07-21 14:10:44
AS-021,Амортизаторы/опоры,suspension-shocks,Pnevmopodveska (hava balonu),Пневмоподушка,Pnevmopodveska (hava yastığı); hava balonu; pnevmopoduşka; пневмоподушки; amortizator balonu; pnevmopodveska hava yastigi; pnevmopoduska; havabalonu; amortizatorbalonu,9,Pnevmopodveska (hava balonu); Пневмоподушка; pnevmopodveska hava balonu; pnevmopodveska hava yastığı; Pnevmopodveska (hava yastığı); hava balonu; pnevmopoduşka; пневмоподушки; amortizator balonu; pnevmopodveska hava yastigi; pnevmopoduska; havabalonu; amortizatorbalonu,13,No,Yes,No,Yes,2026-07-21 14:10:44
AS-003,Амортизаторы/опоры,suspension-shocks,Amortizator dayaq podşipniki,Подшипник опоры амортизатора,amortizator podşipniki; opornının pativniki; opornin pativniki; amortizator podsipniki; oporninin pativniki; amortizator dayaq podsipniki; amortizatorpodsipniki; opornininpativniki; oporninpativniki,9,Amortizator dayaq podşipniki; Подшипник опоры амортизатора; amortizator podşipniki; opornının pativniki; opornin pativniki; amortizator podsipniki; oporninin pativniki; amortizator dayaq podsipniki; amortizatorpodsipniki; opornininpativniki; oporninpativniki,11,Yes,Yes,No,Yes,2026-07-21 14:10:44
AS-024,Амортизаторы/опоры,suspension-shocks,Amortizator pılniki,Пыльник амортизатора,amortizator örtüyü; amortizator ortuyu; amortizator pilniki; amortizatorortuyu; amortizatorpilniki; пыльникамортизатора,6,Amortizator pılniki; Пыльник амортизатора; amortizator örtüyü; amortizator ortuyu; amortizator pilniki; amortizatorortuyu; amortizatorpilniki; пыльникамортизатора,8,Yes,Yes,No,Yes,2026-07-21 14:10:44
TY-013,Амортизаторы/опоры,suspension-shocks,Sport yay/koilover,Спортивная пружина/койловер,спортивная койловер; спортивная пружина; sport koilover; sport yay; sport yayı; sport yayi; спортивнаякойловер; спортивнаяпружина; sportkoilover; sportyay; sportyayi,11,Sport yay/koilover; Спортивная пружина/койловер; sport yay koilover; спортивная пружина койловер; спортивная койловер; спортивная пружина; sport koilover; sport yay; sport yayı; sport yayi; спортивнаякойловер; спортивнаяпружина; sportkoilover; sportyay; sportyayi,15,Yes,Yes,No,Yes,2026-07-21 14:10:44
SR-011,Антифриз/технические жидкости,consumables-fluids,AdBlue (dizel egzoz mayesi),AdBlue (жидкость для очистки выхлопа дизеля),жидкость для очистки выхлопа дизеля; dizel egzoz mayesi,2,AdBlue (dizel egzoz mayesi); AdBlue (жидкость для очистки выхлопа дизеля); adblue dizel egzoz mayesi; adblue жидкость для очистки выхлопа дизеля; жидкость для очистки выхлопа дизеля; dizel egzoz mayesi,6,No,No,No,Yes,2026-07-21 14:10:44
SR-007,Антифриз/технические жидкости,consumables-fluids,Antifriz,Антифриз (охлаждающая жидкость),охлаждающая жидкость; охлаждающаяжидкость,2,Antifriz; Антифриз (охлаждающая жидкость); антифриз охлаждающая жидкость; охлаждающая жидкость; охлаждающаяжидкость,5,No,No,No,Yes,2026-07-21 14:10:44
SR-015,Антифриз/технические жидкости,consumables-fluids,Germetik,Герметик,,0,Germetik; Герметик,2,No,No,No,Yes,2026-08-28 10:30:19
SR-009,Антифриз/технические жидкости,consumables-fluids,Rulavoy mayesi (PSF),Жидкость ГУР,psf; жидкостьгур,2,Rulavoy mayesi (PSF); Жидкость ГУР; rulavoy mayesi psf; psf; жидкостьгур,5,No,No,No,Yes,2026-07-21 14:10:44
SR-012,Антифриз/технические жидкости,consumables-fluids,Şüşəyuyan maye (nezamerzayka),Жидкость омывателя стекла (незамерзайка),незамерзайка; nezamerzayka; suseyuyan maye nezamerzayka,3,Şüşəyuyan maye (nezamerzayka); Жидкость омывателя стекла (незамерзайка); şüşəyuyan maye nezamerzayka; жидкость омывателя стекла незамерзайка; незамерзайка; nezamerzayka; suseyuyan maye nezamerzayka,7,No,No,No,Yes,2026-07-21 14:10:44
SR-013,Антифриз/технические жидкости,consumables-fluids,Kondisioner kompressoru yağı,Масло для компрессора кондиционера,kondisioner kompressoru yagi,1,Kondisioner kompressoru yağı; Масло для компрессора кондиционера; kondisioner kompressoru yagi,3,No,No,No,Yes,2026-07-21 14:10:44
SR-008,Антифриз/технические жидкости,consumables-fluids,Əyləc mayesi (tormoz mayesi/DOT4),Тормозная жидкость,dot4; tormoz mayesi; tormoz mayesi dot4; eylec mayesi tormoz mayesi dot4; tormozmayesi; тормознаяжидкость,6,Əyləc mayesi (tormoz mayesi/DOT4); Тормозная жидкость; əyləc mayesi tormoz mayesi dot4; dot4; tormoz mayesi; tormoz mayesi dot4; eylec mayesi tormoz mayesi dot4; tormozmayesi; тормознаяжидкость,9,No,No,No,Yes,2026-07-21 14:10:44
KZ-042,Багажник,body-trunk,Baqaj amortizatoru,Амортизатор/упор багажника,амортизатор багажника; упор багажника; амортизаторбагажника; упорбагажника; baqajamortizatoru,5,Baqaj amortizatoru; Амортизатор/упор багажника; амортизатор упор багажника; амортизатор багажника; упор багажника; амортизаторбагажника; упорбагажника; baqajamortizatoru,8,No,No,No,Yes,2026-07-21 14:10:44
KZ-050,Багажник,body-trunk,Baqaj kilidi,Замок крышки багажника,baqajkilidi,1,Baqaj kilidi; Замок крышки багажника; baqajkilidi,3,No,No,No,Yes,2026-07-21 14:10:44
KZ-033,Багажник,body-trunk,Baqaj qapısı,Крышка багажника,baqaj; baqaj kapotu; baqaj qapağı; baqaj qapagi; baqaj qapisi; baqajkapotu; baqajqapagi; baqajqapisi; крышкабагажника,9,Baqaj qapısı; Крышка багажника; baqaj; baqaj kapotu; baqaj qapağı; baqaj qapagi; baqaj qapisi; baqajkapotu; baqajqapagi; baqajqapisi; крышкабагажника,11,No,No,No,Yes,2026-07-21 14:10:44
KZ-051,Багажник,body-trunk,Baqaj qapağı menteşəsi,Петля крышки багажника,baqaj qapagi mentesesi,1,Baqaj qapağı menteşəsi; Петля крышки багажника; baqaj qapagi mentesesi,3,No,Yes,No,Yes,2026-07-21 14:10:44
KZ-034,Багажник,body-trunk,Baqaj daxili plastikləri,Пластик обшивки багажника,yük yerinin üzlüyü; yük yeri plastiki; yük yerinin plastiki; baqaj rezinləri; baqaj rezinleri; bagajın örtülən yerindeki plastik; arxa baqaj tok sistemi; qapıların və baqajın rezinləri; baqaj qapaginin; baqaj aynasının amortizatoru; baqaj qapisinin hidrovlik qollari; yuk yerinin uzluyu; yuk yeri plastiki; yuk yerinin plastiki; bagajin ortulen yerindeki plastik; qapilarin ve baqajin rezinleri; baqaj aynasinin amortizatoru; baqaj daxili plastikleri; baqajrezinleri; baqajqapaginin,20,Baqaj daxili plastikləri; Пластик обшивки багажника; yük yerinin üzlüyü; yük yeri plastiki; yük yerinin plastiki; baqaj rezinləri; baqaj rezinleri; bagajın örtülən yerindeki plastik; arxa baqaj tok sistemi; qapıların və baqajın rezinləri; baqaj qapaginin; baqaj aynasının amortizatoru; baqaj qapisinin hidrovlik qollari; yuk yerinin uzluyu; yuk yeri plastiki; yuk yerinin plastiki; bagajin ortulen yerindeki plastik; qapilarin ve baqajin rezinleri; baqaj aynasinin amortizatoru; baqaj daxili plastikleri; baqajrezinleri; baqajqapaginin,22,No,No,No,Yes,2026-07-21 14:10:44
KZ-093,Багажник,body-trunk,Baqaj rezin buferi (otboynik),Резиновый упор (отбойник) крышки багажника,,0,Baqaj rezin buferi (otboynik); Резиновый упор (отбойник) крышки багажника; baqaj rezin buferi otboynik; резиновый упор отбойник крышки багажника,4,Yes,No,No,Yes,2026-08-29 06:53:07
KZ-070,Багажник,body-trunk,Baqaj jaluzu (pərdəsi),Шторка/жалюзи багажника,шторка багажника; жалюзи багажника; pərdəsi; perdesi; baqaj jaluzu perdesi; шторкабагажника; жалюзибагажника,7,Baqaj jaluzu (pərdəsi); Шторка/жалюзи багажника; baqaj jaluzu pərdəsi; шторка жалюзи багажника; шторка багажника; жалюзи багажника; pərdəsi; perdesi; baqaj jaluzu perdesi; шторкабагажника; жалюзибагажника,11,No,No,No,Yes,2026-07-21 14:10:44
YA-023,Бак/датчик уровня,fuel-tank,Yanacaq çəninin iç qapağı,Внутренняя крышка топливного бака (горловины),горловины; yanacaq çəninin iç qapağı; yanacaq doldurma boğazının iç qapağı; benzin bakının iç qapağı; внутренняя крышка бензобака; внутренняя крышка топливного бака; yanacaq ceninin ic qapagi; yanacaq doldurma bogazinin ic qapagi; benzin bakinin ic qapagi,9,Внутренняя крышка топливного бака (горловины); внутренняя крышка топливного бака горловины; горловины; yanacaq çəninin iç qapağı; yanacaq doldurma boğazının iç qapağı; benzin bakının iç qapağı; внутренняя крышка бензобака; внутренняя крышка топливного бака; yanacaq ceninin ic qapagi; yanacaq doldurma bogazinin ic qapagi; benzin bakinin ic qapagi,11,No,No,No,Yes,2026-07-21 14:10:44
YA-025,Бак/датчик уровня,fuel-tank,Yanacaq çəni təzyiq sensoru (EVAP təzyiqi),Датчик давления топливного бака (система EVAP),Yanacaq çəni təzyiq sensoru (EVAP); система evap; evap təzyiqi; evap sensoru; yanacaq ceni tezyiq sensoru evap; evap tezyiqi; yanacaq ceni tezyiq sensoru evap tezyiqi; системаevap; evaptezyiqi; evapsensoru,10,Yanacaq çəni təzyiq sensoru (EVAP təzyiqi); Датчик давления топливного бака (система EVAP); yanacaq çəni təzyiq sensoru evap təzyiqi; датчик давления топливного бака система evap; yanacaq çəni təzyiq sensoru evap; Yanacaq çəni təzyiq sensoru (EVAP); система evap; evap təzyiqi; evap sensoru; yanacaq ceni tezyiq sensoru evap; evap tezyiqi; yanacaq ceni tezyiq sensoru evap tezyiqi; системаevap; evaptezyiqi; evapsensoru,15,No,No,No,Yes,2026-07-21 14:10:44
YA-006,Бак/датчик уровня,fuel-tank,Yanacaq datçiki (səviyyə),Датчик уровня топлива,səviyyə; seviyye; yanacaq datciki seviyye,3,Yanacaq datçiki (səviyyə); Датчик уровня топлива; yanacaq datçiki səviyyə; səviyyə; seviyye; yanacaq datciki seviyye,6,No,No,No,Yes,2026-07-21 14:10:44
YA-005,Бак/датчик уровня,fuel-tank,Benzin bakı qapağı,Крышка топливного бака,крышка топливного бака; замок топливного бака; benzin bakı qapağı; benzin bakı zamoku; dizel bakının qapagı; benzin baki qapagi; benzin baki zamoku; dizel bakinin qapagi,8,крышка топливного бака; замок топливного бака; benzin bakı qapağı; benzin bakı zamoku; dizel bakının qapagı; benzin baki qapagi; benzin baki zamoku; dizel bakinin qapagi,8,No,No,No,Yes,2026-07-21 14:10:44
YA-008,Бак/датчик уровня,fuel-tank,Paplavok (yanacaq səviyyə üzgəci),Поплавок топливного бака,yanacaq səviyyə üzgəci; paplavok; yanacaq seviyye uzgeci; paplavok yanacaq seviyye uzgeci,4,Paplavok (yanacaq səviyyə üzgəci); Поплавок топливного бака; paplavok yanacaq səviyyə üzgəci; yanacaq səviyyə üzgəci; paplavok; yanacaq seviyye uzgeci; paplavok yanacaq seviyye uzgeci,7,No,No,No,Yes,2026-07-21 14:10:44
YA-004,Бак/датчик уровня,fuel-tank,Benzin bakı,Топливный бак,yanacaq çəni; benzin çəni lazımdı; dizel bak qapağı; yanacaq ceni; benzin ceni lazimdi; dizel bak qapagi; benzin baki; yanacaqceni; benzinbaki; топливныйбак,10,Benzin bakı; Топливный бак; yanacaq çəni; benzin çəni lazımdı; dizel bak qapağı; yanacaq ceni; benzin ceni lazimdi; dizel bak qapagi; benzin baki; yanacaqceni; benzinbaki; топливныйбак,12,No,No,No,Yes,2026-07-21 14:10:44
AS-028,Балка/мост,suspension-axle,Tam ötürücü mufta aktuatoru,Актуатор муфты полного привода,tam oturucu mufta aktuatoru,1,Tam ötürücü mufta aktuatoru; Актуатор муфты полного привода; tam oturucu mufta aktuatoru,3,No,No,No,Yes,2026-07-21 14:10:44
AS-017,Балка/мост,suspension-axle,Arxa balka,Балка задней подвески,arxabalka,1,Arxa balka; Балка задней подвески; arxabalka,3,No,No,No,Yes,2026-07-21 14:10:44
AS-019,Балка/мост,suspension-axle,Difer,Дифференциал,,0,Difer; Дифференциал,2,No,No,No,Yes,2026-07-21 14:10:44
AS-018,Балка/мост,suspension-axle,Most (körpü),Мост в сборе,zbor; most korpu; mostkorpu,3,Most (körpü); Мост в сборе; most körpü; zbor; most korpu; mostkorpu,6,No,No,No,Yes,2026-07-21 14:10:44
AS-016,Балка/мост,suspension-axle,Traves (podramnik),Подрамник,podramnik; travespodramnik,2,Traves (podramnik); Подрамник; traves podramnik; podramnik; travespodramnik,5,No,No,No,Yes,2026-07-21 14:10:44
KZ-004,Бамперы,body-bumpers,Bufer daxili köpük (absorber),Абсорбер бампера,absorber; bufer penası; bufer penasi; bufer daxili kopuk absorber; buferpenasi; абсорбербампера,6,Bufer daxili köpük (absorber); Абсорбер бампера; bufer daxili köpük absorber; absorber; bufer penası; bufer penasi; bufer daxili kopuk absorber; buferpenasi; абсорбербампера,9,No,Yes,No,Yes,2026-07-21 14:10:44
KZ-001,Бамперы,body-bumpers,Bufer,Бампер,bamper; bampper; bufer dəsti; set buferi; bumper; bufer plasması; bufer plastması; parlaq plasmas buferi; rəngli buferi; hybrid buferi; buferin xromu; buferin üst hissəsi; alt və üst buferi; alt üst buferi; buder; bufer xromu; m5 buferi; bufer desti; bufer plasmasi; bufer plastmasi; rengli buferi; buferin ust hissesi; alt ve ust buferi; alt ust buferi; buferdesti; setbuferi; buferplasmasi; buferplastmasi; renglibuferi; hybridbuferi; buferinxromu; buferxromu; m5buferi,33,Bufer; Бампер; bamper; bampper; bufer dəsti; set buferi; bumper; bufer plasması; bufer plastması; parlaq plasmas buferi; rəngli buferi; hybrid buferi; buferin xromu; buferin üst hissəsi; alt və üst buferi; alt üst buferi; buder; bufer xromu; m5 buferi; bufer desti; bufer plasmasi; bufer plastmasi; rengli buferi; buferin ust hissesi; alt ve ust buferi; alt ust buferi; buferdesti; setbuferi; buferplasmasi; buferplastmasi; renglibuferi; hybridbuferi; buferinxromu; buferxromu; m5buferi,35,No,Yes,No,Yes,2026-07-21 14:10:44
KZ-079,Бамперы,body-bumpers,Buksir yeri qapağı,Заглушка буксировочного крюка,buksir qapağı; buksir yeri; buksir yerinin qapağı; buksur qapağı; qoşqu yeri qapağı; buksir qapagi; buksir yerinin qapagi; buksur qapagi; qosqu yeri qapagi; buksir yeri qapagi; buksirqapagi; buksiryeri; buksurqapagi,13,Buksir yeri qapağı; Заглушка буксировочного крюка; buksir qapağı; buksir yeri; buksir yerinin qapağı; buksur qapağı; qoşqu yeri qapağı; buksir qapagi; buksir yerinin qapagi; buksur qapagi; qosqu yeri qapagi; buksir yeri qapagi; buksirqapagi; buksiryeri; buksurqapagi,15,No,No,No,Yes,2026-08-22 12:03:18
KZ-002,Бамперы,body-bumpers,Bufer kronşteyni (salaska),Кронштейн крепления бампера,salaska; salacka; salaçka; salackalari; bufer kirşəsi; bufer salaskası; bufer sancağı; fara kirşəsi; kirşə; bufer kronsteyni; on bamperin yan kronçteyi; bamperin yan kronşteyni; qabaq bufer taivan; ön bufer subaru impreza; qabaq abirçofka; abirçofka; bufer kirsesi; bufer salaskasi; bufer sancagi; fara kirsesi; kirse; on bamperin yan kroncteyi; bamperin yan kronsteyni; on bufer subaru impreza; qabaq abircofka; abircofka; bufer kronsteyni salaska; buferkirsesi; bufersalaskasi; bufersancagi; farakirsesi; buferkronsteyni; qabaqabircofka,33,Bufer kronşteyni (salaska); Кронштейн крепления бампера; bufer kronşteyni salaska; salaska; salacka; salaçka; salackalari; bufer kirşəsi; bufer salaskası; bufer sancağı; fara kirşəsi; kirşə; bufer kronsteyni; on bamperin yan kronçteyi; bamperin yan kronşteyni; qabaq bufer taivan; ön bufer subaru impreza; qabaq abirçofka; abirçofka; bufer kirsesi; bufer salaskasi; bufer sancagi; fara kirsesi; kirse; on bamperin yan kroncteyi; bamperin yan kronsteyni; on bufer subaru impreza; qabaq abircofka; abircofka; bufer kronsteyni salaska; buferkirsesi; bufersalaskasi; bufersancagi; farakirsesi; buferkronsteyni; qabaqabircofka,36,No,Yes,No,Yes,2026-07-21 14:10:44
KZ-076,Бамперы,body-bumpers,Bufer altlığı (ətək),Нижняя юбка бампера,alt buferi; bamperin alt qoruyucu lövhəsi; bamperin alt qoruyucusu; bamperin aşağı hissəsi; bamperin aşağı korpus hissəsi; bufer alt hissəsi; bufer altlığı; bufer altlığı ətək; bufer altı; bufer altı qoruyucusu; bufer qoruyucu; bufer qoruyucusu; bufer ətəyi; buferin alt hissəsi; buferin alt qoruyucusu; bamperin alt qoruyucu lovhesi; bamperin asagi hissesi; bamperin asagi korpus hissesi; bufer alt hissesi; bufer altligi; bufer altligi etek; bufer alti; bufer alti qoruyucusu; bufer eteyi; buferin alt hissesi; altbuferi; buferaltligi; buferalti; buferqoruyucu; buferqoruyucusu; bufereteyi,31,Bufer altlığı (ətək); Нижняя юбка бампера; alt buferi; bamperin alt qoruyucu lövhəsi; bamperin alt qoruyucusu; bamperin aşağı hissəsi; bamperin aşağı korpus hissəsi; bufer alt hissəsi; bufer altlığı; bufer altlığı ətək; bufer altı; bufer altı qoruyucusu; bufer qoruyucu; bufer qoruyucusu; bufer ətəyi; buferin alt hissəsi; buferin alt qoruyucusu; bamperin alt qoruyucu lovhesi; bamperin asagi hissesi; bamperin asagi korpus hissesi; bufer alt hissesi; bufer altligi; bufer altligi etek; bufer alti; bufer alti qoruyucusu; bufer eteyi; buferin alt hissesi; altbuferi; buferaltligi; buferalti; buferqoruyucu; buferqoruyucusu; bufereteyi,33,No,No,No,Yes,2026-08-22 12:03:18
KZ-003,Бамперы,body-bumpers,Bufer üzlüyü (abrisofka),Облицовка/накладка бампера,облицовка бампера; накладка бампера; abrisofka; bufer uzluyu abrisofka; облицовкабампера; накладкабампера,6,Bufer üzlüyü (abrisofka); Облицовка/накладка бампера; bufer üzlüyü abrisofka; облицовка накладка бампера; облицовка бампера; накладка бампера; abrisofka; bufer uzluyu abrisofka; облицовкабампера; накладкабампера,10,No,Yes,No,Yes,2026-07-21 14:10:44
KZ-085,Бамперы,body-bumpers,Bufer dayağı,Опора бампера,bamper dayağı; bamperin dayağı; buferin dayağı; bamper dayagi; bamperin dayagi; buferin dayagi; bufer dayagi; bamperdayagi; bamperindayagi; buferindayagi; buferdayagi; опорабампера,12,Bufer dayağı; Опора бампера; bamper dayağı; bamperin dayağı; buferin dayağı; bamper dayagi; bamperin dayagi; buferin dayagi; bufer dayagi; bamperdayagi; bamperindayagi; buferindayagi; buferdayagi; опорабампера,14,No,No,No,Yes,2026-08-22 12:03:18
KZ-086,Бамперы,body-bumpers,Bufer barmaqlığı,Решётка бампера (нижняя),bamper alt toru; bamper barmaqlığı; bamperin barmaqlığı; bufer alt toru; bufer altı barmaqlığı; bufer toru; buferin alt barmaqlığı; buferin alt toru; buferin barmaqlığı; решётка бампера нижняя; bamper barmaqligi; bamperin barmaqligi; bufer alti barmaqligi; buferin alt barmaqligi; buferin barmaqligi; bufer barmaqligi; bamperbarmaqligi; bamperinbarmaqligi; bufertoru; buferinbarmaqligi; buferbarmaqligi,21,Bufer barmaqlığı; Решётка бампера (нижняя); bamper alt toru; bamper barmaqlığı; bamperin barmaqlığı; bufer alt toru; bufer altı barmaqlığı; bufer toru; buferin alt barmaqlığı; buferin alt toru; buferin barmaqlığı; решётка бампера нижняя; bamper barmaqligi; bamperin barmaqligi; bufer alti barmaqligi; buferin alt barmaqligi; buferin barmaqligi; bufer barmaqligi; bamperbarmaqligi; bamperinbarmaqligi; bufertoru; buferinbarmaqligi; buferbarmaqligi,23,No,No,No,Yes,2026-08-22 12:03:18
KZ-043,Бамперы,body-bumpers,Bufer gücləndiricisi (arma),Усилитель бампера (силовая балка),силовая балка; arma; bamper gücləndiricisi; bufer gücləndiricisi; bamper guclendiricisi; bufer guclendiricisi; bufer guclendiricisi arma; силоваябалка; bamperguclendiricisi; buferguclendiricisi,10,Bufer gücləndiricisi (arma); Усилитель бампера (силовая балка); bufer gücləndiricisi arma; усилитель бампера силовая балка; силовая балка; arma; bamper gücləndiricisi; bufer gücləndiricisi; bamper guclendiricisi; bufer guclendiricisi; bufer guclendiricisi arma; силоваябалка; bamperguclendiricisi; buferguclendiricisi,14,No,Yes,No,Yes,2026-07-21 14:10:44
YA-009,Бензонасос,fuel-pump,Geri qaytarma klapanı (obratka),Обратный клапан топлива,obratka; geri qaytarma klapani obratka,2,Geri qaytarma klapanı (obratka); Обратный клапан топлива; geri qaytarma klapanı obratka; obratka; geri qaytarma klapani obratka,5,No,No,No,Yes,2026-07-21 14:10:44
YA-010,Бензонасос,fuel-pump,Yanacaq təzyiq requlyatoru,Регулятор давления топлива,yanacaq tezyiq requlyatoru,1,Yanacaq təzyiq requlyatoru; Регулятор давления топлива; yanacaq tezyiq requlyatoru,3,No,No,No,Yes,2026-07-21 14:10:44
YA-001,Бензонасос,fuel-pump,Benzin nasosu (yanacaq nasosu),Топливный насос,yanacaq nasosu; benzin nasos; бензонасос; benzin nasosu; yanacaqnasosu; benzinnasos; benzinnasosu; топливныйнасос,8,Benzin nasosu (yanacaq nasosu); Топливный насос; benzin nasosu yanacaq nasosu; yanacaq nasosu; benzin nasos; бензонасос; benzin nasosu; yanacaqnasosu; benzinnasos; benzinnasosu; топливныйнасос,11,No,No,No,Yes,2026-07-21 14:10:44
YA-012,Бензонасос,fuel-pump,Yanacaq şlanqı,Топливный шланг (гибкий),гибкий; yanacaq xətti borusu; yanacaq xətti; yanacaq borusu; топливная трубка; топливная магистраль; yanacaq xetti borusu; yanacaq xetti; yanacaq slanqi; yanacaqxetti; yanacaqborusu; топливнаятрубка; топливнаямагистраль; yanacaqslanqi,14,Yanacaq şlanqı; Топливный шланг (гибкий); топливный шланг гибкий; гибкий; yanacaq xətti borusu; yanacaq xətti; yanacaq borusu; топливная трубка; топливная магистраль; yanacaq xetti borusu; yanacaq xetti; yanacaq slanqi; yanacaqxetti; yanacaqborusu; топливнаятрубка; топливнаямагистраль; yanacaqslanqi,17,No,No,No,Yes,2026-07-21 14:10:44
SO-002,Вентилятор/диффузор,cooling-fan,Radiator ventilyatoru (elektroventilyator),Вентилятор радиатора (электровентилятор),электровентилятор; elektroventilyator; elektropər; hava pəri; pər; radiator pəri; soyutma pəri; radiator üçün elektro soyutma pəri; elektroper; hava peri; per; radiator peri; soyutma peri; radiator ucun elektro soyutma peri; havaperi; radiatorperi; soyutmaperi,17,Radiator ventilyatoru (elektroventilyator); Вентилятор радиатора (электровентилятор); radiator ventilyatoru elektroventilyator; вентилятор радиатора электровентилятор; электровентилятор; elektroventilyator; elektropər; hava pəri; pər; radiator pəri; soyutma pəri; radiator üçün elektro soyutma pəri; elektroper; hava peri; per; radiator peri; soyutma peri; radiator ucun elektro soyutma peri; havaperi; radiatorperi; soyutmaperi,21,No,No,No,Yes,2026-07-21 14:10:44
SO-013,Вентилятор/диффузор,cooling-fan,Viskomufta,Вискомуфта вентилятора,вискомуфтавентилятора,1,Viskomufta; Вискомуфта вентилятора; вискомуфтавентилятора,3,No,No,No,Yes,2026-07-21 14:10:44
SO-022,Вентилятор/диффузор,cooling-fan,Radiator difuzoru (ventilyator korpusu),Диффузор радиатора (кожух вентилятора),кожух вентилятора; ventilyator korpusu; кожухвентилятора; ventilyatorkorpusu,4,Radiator difuzoru (ventilyator korpusu); Диффузор радиатора (кожух вентилятора); radiator difuzoru ventilyator korpusu; диффузор радиатора кожух вентилятора; кожух вентилятора; ventilyator korpusu; кожухвентилятора; ventilyatorkorpusu,8,No,No,No,Yes,2026-07-21 14:10:44
SO-003,Вентилятор/диффузор,cooling-fan,Radiator pərinin relesi,Реле вентилятора радиатора,radiator perinin relesi,1,Radiator pərinin relesi; Реле вентилятора радиатора; radiator perinin relesi,3,No,No,No,Yes,2026-07-21 14:10:44
EG-005,Выхлоп целиком,exhaust-full,Egzoz kollektoru (downpipe),Выпускной коллектор / даунпайп,выпускной даунпайп; выпускной коллектор; downpipe; выпускнойдаунпайп; выпускнойколлектор,5,Egzoz kollektoru (downpipe); Выпускной коллектор / даунпайп; egzoz kollektoru downpipe; выпускной коллектор даунпайп; выпускной даунпайп; выпускной коллектор; downpipe; выпускнойдаунпайп; выпускнойколлектор,9,No,No,No,Yes,2026-07-21 14:10:44
EG-011,Выхлоп целиком,exhaust-full,Egzoz gofrası,Гофра выхлопной системы (гибкий виброкомпенсатор),гибкий виброкомпенсатор; egzoz gofrasi; гибкийвиброкомпенсатор; egzozgofrasi,4,Egzoz gofrası; Гофра выхлопной системы (гибкий виброкомпенсатор); гофра выхлопной системы гибкий виброкомпенсатор; гибкий виброкомпенсатор; egzoz gofrasi; гибкийвиброкомпенсатор; egzozgofrasi,7,No,No,No,Yes,2026-07-21 14:10:44
EG-010,Выхлоп целиком,exhaust-full,Qəbul borusu (priyomnaya truba),Приёмная труба,priyomnaya truba; qebul borusu priyomnaya truba; priyomnayatruba; приёмнаятруба,4,Qəbul borusu (priyomnaya truba); Приёмная труба; qəbul borusu priyomnaya truba; priyomnaya truba; qebul borusu priyomnaya truba; priyomnayatruba; приёмнаятруба,7,No,No,No,Yes,2026-07-21 14:10:44
YA-022,ГБО,fuel-lpg,VZU (qaz doldurma qurğusu),ВЗУ (заправочное устройство газа),заправочное устройство газа; qaz doldurma qurğusu; qaz doldurma qurgusu; vzu qaz doldurma qurgusu,4,VZU (qaz doldurma qurğusu); ВЗУ (заправочное устройство газа); vzu qaz doldurma qurğusu; взу заправочное устройство газа; заправочное устройство газа; qaz doldurma qurğusu; qaz doldurma qurgusu; vzu qaz doldurma qurgusu,8,No,No,No,Yes,2026-07-21 14:10:44
YA-020,ГБО,fuel-lpg,Qaz magistralı (yüksək təzyiq borusu),Газовая магистраль (трубка высокого давления),трубка высокого давления; yüksək təzyiq borusu; forsunka borusu; forsunka trubkası; dizel trubkası; yüksək təzyiq trubkası; трубки форсунок; трубки дизельные; дизельные трубки на форсунки; топливные трубки форсунок.; yuksek tezyiq borusu; forsunka trubkasi; dizel trubkasi; yuksek tezyiq trubkasi; qaz magistrali yuksek tezyiq borusu; forsunkaborusu; forsunkatrubkasi; dizeltrubkasi; трубкифорсунок; трубкидизельные,20,Qaz magistralı (yüksək təzyiq borusu); Газовая магистраль (трубка высокого давления); qaz magistralı yüksək təzyiq borusu; газовая магистраль трубка высокого давления; топливные трубки форсунок; трубка высокого давления; yüksək təzyiq borusu; forsunka borusu; forsunka trubkası; dizel trubkası; yüksək təzyiq trubkası; трубки форсунок; трубки дизельные; дизельные трубки на форсунки; топливные трубки форсунок.; yuksek tezyiq borusu; forsunka trubkasi; dizel trubkasi; yuksek tezyiq trubkasi; qaz magistrali yuksek tezyiq borusu; forsunkaborusu; forsunkatrubkasi; dizeltrubkasi; трубкифорсунок; трубкидизельные,25,No,No,No,Yes,2026-07-21 14:10:44
YA-014,ГБО,fuel-lpg,Qaz forsunkası,Газовая форсунка ГБО,qaz forsunkasi; qazforsunkasi,2,Qaz forsunkası; Газовая форсунка ГБО; qaz forsunkasi; qazforsunkasi,4,No,No,No,Yes,2026-07-21 14:10:44
YA-015,ГБО,fuel-lpg,Qaz balonu,Газовый баллон,qazbalonu; газовыйбаллон,2,Qaz balonu; Газовый баллон; qazbalonu; газовыйбаллон,4,No,No,No,Yes,2026-07-21 14:10:44
YA-013,ГБО,fuel-lpg,Qaz reduktoru (buxarlandırıcı),Газовый редуктор (испаритель) ГБО,испаритель; buxarlandırıcı; buxarlandirici; qaz reduktoru buxarlandirici,4,Qaz reduktoru (buxarlandırıcı); Газовый редуктор (испаритель) ГБО; qaz reduktoru buxarlandırıcı; газовый редуктор испаритель гбо; испаритель; buxarlandırıcı; buxarlandirici; qaz reduktoru buxarlandirici,8,No,No,No,Yes,2026-07-21 14:10:44
YA-019,ГБО,fuel-lpg,Qaz filtri,Газовый фильтр ГБО,qaz filteri qba; qazfiltri,2,Qaz filtri; Газовый фильтр ГБО; qaz filteri qba; qazfiltri,4,No,No,No,Yes,2026-07-21 14:10:44
YA-016,ГБО,fuel-lpg,Multiklapan,Мультиклапан,,0,Multiklapan; Мультиклапан,2,No,No,No,Yes,2026-07-21 14:10:44
YA-017,ГБО,fuel-lpg,Yanacaq növü keçid düyməsi (qaz/benzin),Переключатель вида топлива (газ/бензин),бензин; газ; газ бензин; benzin; qaz; qaz benzin; yanacaq novu kecid duymesi qaz benzin; газбензин; qazbenzin,9,Yanacaq növü keçid düyməsi (qaz/benzin); Переключатель вида топлива (газ/бензин); yanacaq növü keçid düyməsi qaz benzin; переключатель вида топлива газ бензин; бензин; газ; газ бензин; benzin; qaz; qaz benzin; yanacaq novu kecid duymesi qaz benzin; газбензин; qazbenzin,13,No,No,No,Yes,2026-07-21 14:10:44
YA-021,ГБО,fuel-lpg,Elektromaqnit qaz klapanı,Электромагнитный газовый клапан,elektromaqnit qaz klapani,1,Elektromaqnit qaz klapanı; Электромагнитный газовый клапан; elektromaqnit qaz klapani,3,No,No,No,Yes,2026-07-21 14:10:44
YA-018,ГБО,fuel-lpg,QBA ECU bloku,Электронный блок управления ГБО (ЭБУ),эбу,1,QBA ECU bloku; Электронный блок управления ГБО (ЭБУ); электронный блок управления гбо эбу; эбу,4,No,No,No,Yes,2026-07-21 14:10:44
RG-07,ГБЦ/клапаны/VVT,engine-cylinder-head,Silindr başlığı boltları,Болты крепления ГБЦ,silindr başlığı boltları; silindr başlığı bərkidici boltları; qalofka boltları; gbc boltları; головки болты; болты гбц; болты головки блока; silindr basligi boltlari; silindr basligi berkidici boltlari; qalofka boltlari; gbc boltlari; qalofkaboltlari; gbcboltlari; головкиболты; болтыгбц,15,Болты крепления ГБЦ; silindr başlığı boltları; silindr başlığı bərkidici boltları; qalofka boltları; gbc boltları; головки болты; болты гбц; болты головки блока; silindr basligi boltlari; silindr basligi berkidici boltlari; qalofka boltlari; gbc boltlari; qalofkaboltlari; gbcboltlari; головкиболты; болтыгбц,16,No,No,No,Yes,2026-07-26 08:42:43
RG-04,ГБЦ/клапаны/VVT,engine-cylinder-head,Hava borusu (hava filtri şlanqı),Воздушный патрубок (впускной),hava borusu; hava şlanqı; filtr borusu; hava filtrinin borusu; впускной шланг; воздушный шланг; воздушный патрубок; hava daxil şlanqı; hava slanqi; hava daxil slanqi; hava borusu hava filtri slanqi; havaborusu; havaslanqi; filtrborusu; впускнойшланг; воздушныйшланг; воздушныйпатрубок,17,Hava borusu (hava filtri şlanqı); Воздушный патрубок (впускной); hava borusu hava filtri şlanqı; воздушный патрубок впускной; hava borusu; hava şlanqı; filtr borusu; hava filtrinin borusu; впускной шланг; воздушный шланг; воздушный патрубок; hava daxil şlanqı; hava slanqi; hava daxil slanqi; hava borusu hava filtri slanqi; havaborusu; havaslanqi; filtrborusu; впускнойшланг; воздушныйшланг; воздушныйпатрубок,21,No,No,No,Yes,2026-07-22 19:40:08
MU-062,ГБЦ/клапаны/VVT,engine-cylinder-head,Baş (silindr blokunun başı),Головка блока цилиндров (ГБЦ),гбц; silindr blokunun başı; mühərrik başlığı; silindr blokunun basi; muherrik basligi; bas silindr blokunun basi; muherrikbasligi,7,Baş (silindr blokunun başı); Головка блока цилиндров (ГБЦ); baş silindr blokunun başı; головка блока цилиндров гбц; гбц; silindr blokunun başı; mühərrik başlığı; silindr blokunun basi; muherrik basligi; bas silindr blokunun basi; muherrikbasligi,11,No,No,No,Yes,2026-07-21 14:10:44
MU-015,ГБЦ/клапаны/VVT,engine-cylinder-head,Klapan,Клапан (впускной/выпускной),впускной; впускной выпускной; выпускной; qlapan; впускнойвыпускной,5,Klapan; Клапан (впускной/выпускной); клапан впускной выпускной; впускной; впускной выпускной; выпускной; qlapan; впускнойвыпускной,8,No,No,No,Yes,2026-07-21 14:10:44
MU-013,ГБЦ/клапаны/VVT,engine-cylinder-head,Üst krişka (klapan qapağı),Клапанная крышка,klapan qapağı; klapan qapagi; ust kriska klapan qapagi; klapanqapagi; клапаннаякрышка,5,Üst krişka (klapan qapağı); Клапанная крышка; üst krişka klapan qapağı; klapan qapağı; klapan qapagi; ust kriska klapan qapagi; klapanqapagi; клапаннаякрышка,8,No,No,No,Yes,2026-07-21 14:10:44
MU-065,ГБЦ/клапаны/VVT,engine-cylinder-head,Koromislo (rokker),Коромысло/рокер ГРМ,коромысло грм; рокер грм; rokker; коромыслогрм; рокергрм; koromislorokker,6,Koromislo (rokker); Коромысло/рокер ГРМ; koromislo rokker; коромысло рокер грм; коромысло грм; рокер грм; rokker; коромыслогрм; рокергрм; koromislorokker,10,No,No,No,Yes,2026-07-21 14:10:44
MU-051,ГБЦ/клапаны/VVT,engine-cylinder-head,Membran (PCV klapanı),Мембрана PCV-клапана (маслоотделитель),маслоотделитель; pcv klapanı; membran; klapan membran; pcv klapani; membran pcv klapani; pcvklapani; klapanmembran,8,Membran (PCV klapanı); Мембрана PCV-клапана (маслоотделитель); membran pcv klapanı; мембрана pcv клапана маслоотделитель; маслоотделитель; pcv klapanı; membran; klapan membran; pcv klapani; membran pcv klapani; pcvklapani; klapanmembran,12,No,No,No,Yes,2026-07-21 14:10:44
RG-11,ГБЦ/клапаны/VVT,engine-cylinder-head,Klapan qapağı membranı,Мембрана клапанной крышки,"klapan qapağı membranı, klapan qapağı diafraqması, PCV membranı, karter qazı membranı, karter ventilyasiya membranı, valve cover membrane, valve cover diaphragm, PCV diaphragm, мембрана клапанной крышки, диафрагма клапанной крышки, мембрана PCV, мембрана вентиляции картерных газов; klapan qapağı membranı; klapan qapağı diafraqması; PCV membranı; karter qazı membranı; karter ventilyasiya membranı; valve cover membrane; valve cover diaphragm; PCV diaphragm; мембрана клапанной крышки; диафрагма клапанной крышки; мембрана PCV; мембрана вентиляции картерных газов; klapan qapagi membrani klapan qapagi diafraqmasi pcv membrani karter qazi membrani karter ventilyasiya membrani valve cover membrane valve cover diaphragm pcv diaphragm мембрана клапанной крышки диафрагма клапанной крышки мембрана pcv мембрана вентиляции картерных газов; klapan qapagi membrani; klapan qapagi diafraqmasi; pcv membrani; karter qazi membrani; karter ventilyasiya membrani; pcvmembrani; pcvdiaphragm; мембранаpcv",22,"klapan qapağı membranı klapan qapağı diafraqması pcv membranı karter qazı membranı karter ventilyasiya membranı valve cover membrane valve cover diaphragm pcv diaphragm мембрана клапанной крышки диафрагма клапанной крышки мембрана pcv мембрана вентиляции картерных газов; klapan qapağı membranı, klapan qapağı diafraqması, PCV membranı, karter qazı membranı, karter ventilyasiya membranı, valve cover membrane, valve cover diaphragm, PCV diaphragm, мембрана клапанной крышки, диафрагма клапанной крышки, мембрана PCV, мембрана вентиляции картерных газов; klapan qapağı membranı; klapan qapağı diafraqması; PCV membranı; karter qazı membranı; karter ventilyasiya membranı; valve cover membrane; valve cover diaphragm; PCV diaphragm; мембрана клапанной крышки; диафрагма клапанной крышки; мембрана PCV; мембрана вентиляции картерных газов; klapan qapagi membrani klapan qapagi diafraqmasi pcv membrani karter qazi membrani karter ventilyasiya membrani valve cover membrane valve cover diaphragm pcv diaphragm мембрана клапанной крышки диафрагма клапанной крышки мембрана pcv мембрана вентиляции картерных газов; klapan qapagi membrani; klapan qapagi diafraqmasi; pcv membrani; karter qazi membrani; karter ventilyasiya membrani; pcvmembrani; pcvdiaphragm; мембранаpcv",23,No,No,No,Yes,2026-07-29 05:33:05
MU-064,ГБЦ/клапаны/VVT,engine-cylinder-head,Klapan yayı,Пружина клапана,klapan yayi; klapanyayi; пружинаклапана,3,Klapan yayı; Пружина клапана; klapan yayi; klapanyayi; пружинаклапана,5,No,No,No,Yes,2026-07-21 14:10:44
MU-050,ГБЦ/клапаны/VVT,engine-cylinder-head,Vanos (VVT solenoidi),Соленоид VANOS/VVT,соленоид vanos; соленоид vvt; vvt solenoidi; vanus; vanus sensoru; соленоидvanos; соленоидvvt; vvtsolenoidi; vanussensoru,9,Vanos (VVT solenoidi); Соленоид VANOS/VVT; vanos vvt solenoidi; соленоид vanos vvt; соленоид vanos; соленоид vvt; vvt solenoidi; vanus; vanus sensoru; соленоидvanos; соленоидvvt; vvtsolenoidi; vanussensoru,13,No,No,No,Yes,2026-07-21 14:10:44
MU-099,ГБЦ/клапаны/VVT,engine-cylinder-head,Klapan itələyici,Толкатель клапана,klapan iteleyici; klapaniteleyici; толкательклапана,3,Klapan itələyici; Толкатель клапана; klapan iteleyici; klapaniteleyici; толкательклапана,5,No,No,No,Yes,2026-08-29 16:57:38
MU-063,ГБЦ/клапаны/VVT,engine-cylinder-head,Klapan suxariki (klapan fiksatoru),Фиксатор (сухарики) клапана,Klapan suxariki (fiksator); сухарики; klapan fiksatoru; klapanfiksatoru,4,Klapan suxariki (klapan fiksatoru); Фиксатор (сухарики) клапана; klapan suxariki klapan fiksatoru; фиксатор сухарики клапана; klapan suxariki fiksator; Klapan suxariki (fiksator); сухарики; klapan fiksatoru; klapanfiksatoru,9,No,No,No,Yes,2026-07-21 14:10:44
MU-061,ГРМ,engine-timing,Zəncir başmağı (sep başmağı),Башмак/успокоитель цепи ГРМ,башмак цепи грм; успокоитель цепи грм; sep başmağı; sep basmag desti; sep başmağ dəsti; uspakaitel; uspakatiel; uspokoitel; uspakoitel; sep uspakaiteli; успокоитель; успокоитель цепи; cep basmaq; cep başmaq; sep basmaq; sep basmagi; zencir basmagi sep basmagi; sepbasmagi; sepuspakaiteli; успокоительцепи; cepbasmaq; sepbasmaq,22,Zəncir başmağı (sep başmağı); Башмак/успокоитель цепи ГРМ; zəncir başmağı sep başmağı; башмак успокоитель цепи грм; башмак цепи грм; успокоитель цепи грм; sep başmağı; sep basmag desti; sep başmağ dəsti; uspakaitel; uspakatiel; uspokoitel; uspakoitel; sep uspakaiteli; успокоитель; успокоитель цепи; cep basmaq; cep başmaq; sep basmaq; sep basmagi; zencir basmagi sep basmagi; sepbasmagi; sepuspakaiteli; успокоительцепи; cepbasmaq; sepbasmaq,26,No,No,No,Yes,2026-07-21 14:10:44
MU-093,ГРМ,engine-timing,Qrm krışkası (paylama qapağı),Крышка ГРМ,qrm krışkası; krışka qrm; krişka qrm; крышка грм; paylama qapağı; kriska qrm; paylama qapagi; qrm kriskasi paylama qapagi; qrmkriskasi; kriskaqrm; крышкагрм; paylamaqapagi,12,Qrm krışkası (paylama qapağı); qrm krışkası paylama qapağı; qrm krışkası; krışka qrm; krişka qrm; крышка грм; paylama qapağı; kriska qrm; paylama qapagi; qrm kriskasi paylama qapagi; qrmkriskasi; kriskaqrm; крышкагрм; paylamaqapagi,14,No,No,No,Yes,2026-08-22 12:15:42
MU-022,ГРМ,engine-timing,Natijitel (natyajnoy),Натяжитель ремня,gərginləşdirici; kəmər tarımlayıcısı; kəmər tənzimləyici; kəmər tənzimləyicisi; kəmər tarımlayıcı; gerginlesdirici; kemer tarimlayicisi; kemer tenzimleyici; kemer tenzimleyicisi; kemer tarimlayici; kemertarimlayicisi; kemertenzimleyici; kemertenzimleyicisi; kemertarimlayici; natijitelnatyajnoy; натяжительремня,16,Natijitel (natyajnoy); Натяжитель ремня; natijitel natyajnoy; gərginləşdirici; kəmər tarımlayıcısı; kəmər tənzimləyici; kəmər tənzimləyicisi; kəmər tarımlayıcı; gerginlesdirici; kemer tarimlayicisi; kemer tenzimleyici; kemer tenzimleyicisi; kemer tarimlayici; kemertarimlayicisi; kemertenzimleyici; kemertenzimleyicisi; kemertarimlayici; natijitelnatyajnoy; натяжительремня,19,No,No,No,Yes,2026-07-21 14:10:44
MU-052,ГРМ,engine-timing,Zəncir gərginləşdiricisi,Натяжитель цепи ГРМ,zəncir dartıcısı; zencir darticisi; zencir gerginlesdiricisi; zencirdarticisi; zencirgerginlesdiricisi,5,Zəncir gərginləşdiricisi; Натяжитель цепи ГРМ; zəncir dartıcısı; zencir darticisi; zencir gerginlesdiricisi; zencirdarticisi; zencirgerginlesdiricisi,7,No,No,No,Yes,2026-07-21 14:10:44
MU-020,ГРМ,engine-timing,Çöl remen (dinamo remeni),Приводной (генераторный) ремень,генераторный; dinamo kəməri; çöl kəməri; çöl kəmər; dinamo kemeri; col kemeri; col kemer; col remen dinamo remeni; dinamokemeri; colkemeri; colkemer,11,Çöl remen (dinamo remeni); Приводной (генераторный) ремень; çöl remen dinamo remeni; приводной генераторный ремень; генераторный; dinamo kəməri; çöl kəməri; çöl kəmər; dinamo kemeri; col kemeri; col kemer; col remen dinamo remeni; dinamokemeri; colkemeri; colkemer,15,No,No,No,Yes,2026-07-21 14:10:44
MU-019,ГРМ,engine-timing,İç remen (dişli qayış),Ремень ГРМ,dişli qayış; iç kəməri; iç kəmər dəsti; iç kəmər; mühərrik iç dişli kəməri; disli qayis; ic kemeri; ic kemer desti; ic kemer; muherrik ic disli kemeri; ic remen disli qayis; disliqayis; ickemeri; ременьгрм,14,İç remen (dişli qayış); Ремень ГРМ; iç remen dişli qayış; dişli qayış; iç kəməri; iç kəmər dəsti; iç kəmər; mühərrik iç dişli kəməri; disli qayis; ic kemeri; ic kemer desti; ic kemer; muherrik ic disli kemeri; ic remen disli qayis; disliqayis; ickemeri; ременьгрм,17,No,No,No,Yes,2026-07-21 14:10:44
MU-023,ГРМ,engine-timing,Rolik,Ролик (обводной/натяжной),натяжной; обводной; обводной натяжной; gərginlik roliki; kəmər roliki; nizamlayıcı çarx; nizamlayıcı çarxı; kəmər tarımlayıcı roliki; gerginlik roliki; kemer roliki; nizamlayici carx; nizamlayici carxi; kemer tarimlayici roliki; обводнойнатяжной; gerginlikroliki; kemerroliki; nizamlayicicarx; nizamlayicicarxi,18,Rolik; Ролик (обводной/натяжной); ролик обводной натяжной; натяжной; обводной; обводной натяжной; gərginlik roliki; kəmər roliki; nizamlayıcı çarx; nizamlayıcı çarxı; kəmər tarımlayıcı roliki; gerginlik roliki; kemer roliki; nizamlayici carx; nizamlayici carxi; kemer tarimlayici roliki; обводнойнатяжной; gerginlikroliki; kemerroliki; nizamlayicicarx; nizamlayicicarxi,21,No,No,No,Yes,2026-07-21 14:10:44
MU-055,ГРМ,engine-timing,Zəncir (vaxtlama zənciri),Цепь ГРМ,vaxtlama zənciri; benzin zəncir dəsti; dizel zəncir dəsti; mühərrik zəncir dəsti; mühərrik zənciri; zəncir dəsti; mühərrik sepi; muherrik sepi; mühərrikin sepi komplekt; muherrikin sepi; qrm krişkası; sep krişkası; цепь мотора в сборе; sep desti; sep dest; mator sepi desti; cep desti; vaxtlama zenciri; benzin zencir desti; dizel zencir desti; muherrik zencir desti; muherrik zenciri; zencir desti; muherrikin sepi komplekt; sep kriskasi; zencir vaxtlama zenciri; vaxtlamazenciri; muherrikzenciri; zencirdesti; muherriksepi; muherrikinsepi; sepkriskasi; sepdesti; cepdesti,34,Zəncir (vaxtlama zənciri); Цепь ГРМ; zəncir vaxtlama zənciri; vaxtlama zənciri; benzin zəncir dəsti; dizel zəncir dəsti; mühərrik zəncir dəsti; mühərrik zənciri; zəncir dəsti; mühərrik sepi; muherrik sepi; mühərrikin sepi komplekt; muherrikin sepi; qrm krişkası; sep krişkası; цепь мотора в сборе; sep desti; sep dest; mator sepi desti; cep desti; vaxtlama zenciri; benzin zencir desti; dizel zencir desti; muherrik zencir desti; muherrik zenciri; zencir desti; muherrikin sepi komplekt; sep kriskasi; zencir vaxtlama zenciri; vaxtlamazenciri; muherrikzenciri; zencirdesti; muherriksepi; muherrikinsepi; sepkriskasi; sepdesti; cepdesti,37,No,No,No,Yes,2026-07-21 14:10:44
MU-069,ГРМ,engine-timing,Zəncir dişli çarxı,Шестерня цепи ГРМ,paylayıcı valın qasnağı; mühərrik paylayıcı valın qasnağı; paylayici valin qasnagi; muherrik paylayici valin qasnagi; zencir disli carxi,5,Zəncir dişli çarxı; Шестерня цепи ГРМ; paylayıcı valın qasnağı; mühərrik paylayıcı valın qasnağı; paylayici valin qasnagi; muherrik paylayici valin qasnagi; zencir disli carxi,7,No,No,No,Yes,2026-07-21 14:10:44
MU-021,ГРМ,engine-timing,Şkif,Шкив,dinamonun şkifi; mühərrik şkifi; dinamo şkifi; dinamo şkifı; pompa şkifi; dinamonun skifi; muherrik skifi; dinamo skifi; pompa skifi; skif; dinamonunskifi; muherrikskifi; dinamoskifi; pompaskifi,14,Şkif; Шкив; dinamonun şkifi; mühərrik şkifi; dinamo şkifi; dinamo şkifı; pompa şkifi; dinamonun skifi; muherrik skifi; dinamo skifi; pompa skifi; skif; dinamonunskifi; muherrikskifi; dinamoskifi; pompaskifi,16,No,No,No,Yes,2026-07-21 14:10:44
SU-014,ГУР,steering-power,Rulevoy baçoku,Бачок ГУР,hidravlik gücləndirici çəni; hidrovlik çəni; hidravlik guclendirici ceni; hidrovlik ceni; rulevoy bacoku; hidrovlikceni; rulevoybacoku; бачокгур,8,Rulevoy baçoku; Бачок ГУР; hidravlik gücləndirici çəni; hidrovlik çəni; hidravlik guclendirici ceni; hidrovlik ceni; rulevoy bacoku; hidrovlikceni; rulevoybacoku; бачокгур,10,No,No,No,Yes,2026-07-21 14:10:44
SU-005,ГУР,steering-power,Rulevoy usilitel (gidrousilitel),Гидроусилитель руля,gidrousilitel; dizel hidrogücləndiricisi; hidrogücləndirici; dizel hidroguclendiricisi; hidroguclendirici; dizelhidroguclendiricisi; гидроусилительруля,7,Rulevoy usilitel (gidrousilitel); Гидроусилитель руля; rulevoy usilitel gidrousilitel; gidrousilitel; dizel hidrogücləndiricisi; hidrogücləndirici; dizel hidroguclendiricisi; hidroguclendirici; dizelhidroguclendiricisi; гидроусилительруля,10,No,No,No,Yes,2026-07-21 14:10:44
SU-007,ГУР,steering-power,Rulevoy motoru (elektrik gücləndirici),Мотор электроусилителя руля (EPS),eps; elektrik gücləndirici; elektrik guclendirici; rulevoy motoru elektrik guclendirici; elektrikguclendirici,5,Rulevoy motoru (elektrik gücləndirici); Мотор электроусилителя руля (EPS); rulevoy motoru elektrik gücləndirici; мотор электроусилителя руля eps; eps; elektrik gücləndirici; elektrik guclendirici; rulevoy motoru elektrik guclendirici; elektrikguclendirici,9,No,No,No,Yes,2026-07-21 14:10:44
SU-010,ГУР,steering-power,Gidrousilitel nasosu,Насос гидроусилителя руля,gidrousilitelnasosu,1,Gidrousilitel nasosu; Насос гидроусилителя руля; gidrousilitelnasosu,3,No,No,No,Yes,2026-07-21 14:10:44
SU-013,ГУР,steering-power,Rulevoy şlanqı,Шланг ГУР (гидравлика),гидравлика; rulevoy slanqi; rulevoyslanqi,3,Rulevoy şlanqı; Шланг ГУР (гидравлика); шланг гур гидравлика; гидравлика; rulevoy slanqi; rulevoyslanqi,6,No,No,No,Yes,2026-07-21 14:10:44
EY-014,Гидравлика/жидкость,brakes-hydraulics,Tormoz mayesi baçoku,Бачок тормозной жидкости,tormoz mayesi bacoku,1,Tormoz mayesi baçoku; Бачок тормозной жидкости; tormoz mayesi bacoku,3,No,No,No,Yes,2026-07-21 14:10:44
EY-015,Гидравлика/жидкость,brakes-hydraulics,Vakum nasosu,Вакуумный насос,vakuum yaradanı; vakuum yaradan pompası; vakuum yaradıcısı; vakuumyaradan; vakuumyaradanı; vakuum yaradani; vakuum yaradan pompasi; vakuum yaradicisi; vakuumyaradani; vakuumyaradicisi; vakumnasosu; вакуумныйнасос,12,Vakum nasosu; Вакуумный насос; vakuum yaradanı; vakuum yaradan pompası; vakuum yaradıcısı; vakuumyaradan; vakuumyaradanı; vakuum yaradani; vakuum yaradan pompasi; vakuum yaradicisi; vakuumyaradani; vakuumyaradicisi; vakumnasosu; вакуумныйнасос,14,No,No,No,Yes,2026-07-21 14:10:44
EY-006,Гидравлика/жидкость,brakes-hydraulics,Vakum (tormoz gücləndiricisi),Вакуумный усилитель тормозов,tormoz gücləndiricisi; tormoz guclendiricisi; vakum tormoz guclendiricisi; tormozguclendiricisi,4,Vakum (tormoz gücləndiricisi); Вакуумный усилитель тормозов; vakum tormoz gücləndiricisi; tormoz gücləndiricisi; tormoz guclendiricisi; vakum tormoz guclendiricisi; tormozguclendiricisi,7,No,No,No,Yes,2026-07-21 14:10:44
EY-007,Гидравлика/жидкость,brakes-hydraulics,Qlavnı silindir,Главный тормозной цилиндр,tormuzun qlavnisi; tormuz qlavnisi; qlavnı tormuz; qlavni silindir; qlavniy silindir; qlavnı silindiri; tormozun qlavnisi; tormozun qlavni silindiri; qlavnoy silindir; qlavnoy tormoz; glavnoy tormoz; glavnı tormoz; glavnı silindir; glavniy silindir; tormuz baçoku silindiri; tormuzun silindiri; əyləcin qlavnisi; əyləc qlavnisi; əyləcin əsas silindiri; главный тормозной; главный цилиндр тормоза; мастер цилиндр; главный тормозной цилиндр; цилиндр тормозной главный; ГТЦ; тормозной мастер; əyləc baş silindri; baş əyləc silindri; əsas əyləc silindri; brake master cylinder; master brake cylinder; master cylinder; главный тормозной насос; qlavni tormuz; qlavni silindiri; glavni tormoz; glavni silindir; tormuz bacoku silindiri; eylecin qlavnisi; eylec qlavnisi; eylecin esas silindiri; eylec bas silindri; bas eylec silindri; esas eylec silindri; tormuzunqlavnisi; tormuzqlavnisi; qlavnitormuz; qlavnisilindir; qlavniysilindir; qlavnisilindiri; tormozunqlavnisi; qlavnoysilindir; qlavnoytormoz; glavnoytormoz; glavnitormoz; glavnisilindir; glavniysilindir; tormuzunsilindiri; eylecinqlavnisi; eylecqlavnisi; главныйтормозной; мастерцилиндр; тормозноймастер; mastercylinder,64,Qlavnı silindir; tormuzun qlavnisi; tormuz qlavnisi; qlavnı tormuz; qlavni silindir; qlavniy silindir; qlavnı silindiri; tormozun qlavnisi; tormozun qlavni silindiri; qlavnoy silindir; qlavnoy tormoz; glavnoy tormoz; glavnı tormoz; glavnı silindir; glavniy silindir; tormuz baçoku silindiri; tormuzun silindiri; əyləcin qlavnisi; əyləc qlavnisi; əyləcin əsas silindiri; главный тормозной; главный цилиндр тормоза; мастер цилиндр; главный тормозной цилиндр; цилиндр тормозной главный; ГТЦ; тормозной мастер; əyləc baş silindri; baş əyləc silindri; əsas əyləc silindri; brake master cylinder; master brake cylinder; master cylinder; главный тормозной насос; qlavni tormuz; qlavni silindiri; glavni tormoz; glavni silindir; tormuz bacoku silindiri; eylecin qlavnisi; eylec qlavnisi; eylecin esas silindiri; eylec bas silindri; bas eylec silindri; esas eylec silindri; tormuzunqlavnisi; tormuzqlavnisi; qlavnitormuz; qlavnisilindir; qlavniysilindir; qlavnisilindiri; tormozunqlavnisi; qlavnoysilindir; qlavnoytormoz; glavnoytormoz; glavnitormoz; glavnisilindir; glavniysilindir; tormuzunsilindiri; eylecinqlavnisi; eylecqlavnisi; главныйтормозной; мастерцилиндр; тормозноймастер; mastercylinder,65,No,No,No,Yes,2026-07-21 14:10:44
EY-017,Гидравлика/жидкость,brakes-hydraulics,Tormoz mayesi səviyyə datçiki,Датчик уровня тормозной жидкости,tormoz mayesi seviyye datciki,1,Tormoz mayesi səviyyə datçiki; Датчик уровня тормозной жидкости; tormoz mayesi seviyye datciki,3,No,No,No,Yes,2026-07-21 14:10:44
EY-019,Гидравлика/жидкость,brakes-hydraulics,Arxa əyləc silindri (baraban),Задний тормозной цилиндр (барабанный),arxa əyləc silindri; arxa silindir; задний тормозной цилиндр; arxa eylec silindri; arxa eylec silindri baraban; arxasilindir,6,Arxa əyləc silindri (baraban); Задний тормозной цилиндр (барабанный); arxa əyləc silindri baraban; задний тормозной цилиндр барабанный; arxa əyləc silindri; arxa silindir; задний тормозной цилиндр; arxa eylec silindri; arxa eylec silindri baraban; arxasilindir,10,Yes,No,No,Yes,2026-08-22 12:15:42
EY-016,Гидравлика/жидкость,brakes-hydraulics,Tormoz borusu (jyostkaya),Тормозная трубка (жёсткая),жёсткая; jyostkaya,2,Tormoz borusu (jyostkaya); Тормозная трубка (жёсткая); tormoz borusu jyostkaya; тормозная трубка жёсткая; жёсткая; jyostkaya,6,Yes,Yes,No,Yes,2026-07-21 14:10:44
EY-009,Гидравлика/жидкость,brakes-hydraulics,Tormuz şlankı,Тормозной шланг,əyləc şlanqı; tormoz şlanqı; əyləc şlankı; eylec slanqi; tormoz slanqi; eylec slanki; tormuz slanki; eylecslanqi; tormozslanqi; eylecslanki; tormuzslanki; тормознойшланг,12,Tormuz şlankı; Тормозной шланг; əyləc şlanqı; tormoz şlanqı; əyləc şlankı; eylec slanqi; tormoz slanqi; eylec slanki; tormuz slanki; eylecslanqi; tormozslanqi; eylecslanki; tormuzslanki; тормознойшланг,14,Yes,Yes,No,Yes,2026-07-21 14:10:44
EL-065,Гидроблок/ЭБУ КПП,transmission-valve-body,AKPP bloku (sürət qutusunun beyni),Блок управления АКПП,sürət qutusunun beyni; suret qutusunun beyni; akpp bloku suret qutusunun beyni,3,AKPP bloku (sürət qutusunun beyni); Блок управления АКПП; akpp bloku sürət qutusunun beyni; sürət qutusunun beyni; suret qutusunun beyni; akpp bloku suret qutusunun beyni,6,No,No,No,Yes,2026-07-21 14:10:44
TR-004,Гидроблок/ЭБУ КПП,transmission-valve-body,Karopka beyni (TCU/gidro bloku),Блок управления коробкой (TCU/гидроблок),tcu; tcu гидроблок; гидроблок; tcu gidro bloku; gidro bloku; tcuгидроблок; gidrobloku,7,Karopka beyni (TCU/gidro bloku); Блок управления коробкой (TCU/гидроблок); karopka beyni tcu gidro bloku; блок управления коробкой tcu гидроблок; tcu; tcu гидроблок; гидроблок; tcu gidro bloku; gidro bloku; tcuгидроблок; gidrobloku,11,No,No,No,Yes,2026-07-21 14:10:44
EL-059,Гидроблок/ЭБУ КПП,transmission-valve-body,Tam ötürücü mufta bloku,Блок управления муфтой полного привода,tam oturucu mufta bloku,1,Tam ötürücü mufta bloku; Блок управления муфтой полного привода; tam oturucu mufta bloku,3,No,No,No,Yes,2026-07-21 14:10:44
TR-005,Гидроблок/ЭБУ КПП,transmission-valve-body,Karopka datçiki (təzyiq/sürət),Датчик коробки (давления/скорости),давления; давления скорости; скорости; sürət; təzyiq; təzyiq sürət; suret; tezyiq; tezyiq suret; karopka datciki tezyiq suret; давленияскорости; tezyiqsuret,12,Karopka datçiki (təzyiq/sürət); Датчик коробки (давления/скорости); karopka datçiki təzyiq sürət; датчик коробки давления скорости; давления; давления скорости; скорости; sürət; təzyiq; təzyiq sürət; suret; tezyiq; tezyiq suret; karopka datciki tezyiq suret; давленияскорости; tezyiqsuret,16,No,No,No,Yes,2026-07-21 14:10:44
TR-030,Гидроблок/ЭБУ КПП,transmission-valve-body,Karopkanın temperatur datçiki,Датчик температуры коробки передач,karopkanın temperatur datçiki; karofkanın tempurator dacıkı; датчик температуры коробки; karopka temperatur datçiki; karopkanin temperatur datciki; karofkanin tempurator daciki; karopka temperatur datciki,7,Датчик температуры коробки передач; karopkanın temperatur datçiki; karofkanın tempurator dacıkı; датчик температуры коробки; karopka temperatur datçiki; karopkanin temperatur datciki; karofkanin tempurator daciki; karopka temperatur datciki,8,No,No,No,Yes,2026-08-22 12:15:42
RG-06,Гидроблок/ЭБУ КПП,transmission-valve-body,Mexatronik (DSG idarəetmə bloku),Мехатроник (блок управления DSG),mexatronik; mexatronka; mexatroniki beyni; dsg beyni; robotun beyni; mexatronki beyni; мехатроник; мозги мехатроника; dsg bloku; dq200 beyni; dq250 beyni; mexatronik dsg idareetme bloku; mexatronikibeyni; dsgbeyni; robotunbeyni; mexatronkibeyni; мозгимехатроника; dsgbloku; dq200beyni; dq250beyni,20,Mexatronik (DSG idarəetmə bloku); Мехатроник (блок управления DSG); mexatronik dsg idarəetmə bloku; мехатроник блок управления dsg; mexatronik; mexatronka; mexatroniki beyni; dsg beyni; robotun beyni; mexatronki beyni; мехатроник; мозги мехатроника; dsg bloku; dq200 beyni; dq250 beyni; mexatronik dsg idareetme bloku; mexatronikibeyni; dsgbeyni; robotunbeyni; mexatronkibeyni; мозгимехатроника; dsgbloku; dq200beyni; dq250beyni,24,No,No,No,Yes,2026-07-26 06:47:03
TR-018,Гидроблок/ЭБУ КПП,transmission-valve-body,Solenoid (karopka klapanı),Соленоид коробки передач,Solenoid (karopka); karopka klapanı; karopka klapani; solenoid karopka klapani; solenoidkaropka; karopkaklapani,6,Solenoid (karopka klapanı); Соленоид коробки передач; solenoid karopka klapanı; solenoid karopka; Solenoid (karopka); karopka klapanı; karopka klapani; solenoid karopka klapani; solenoidkaropka; karopkaklapani,10,No,No,No,Yes,2026-07-21 14:10:44
EG-003,Глушитель/резонатор,exhaust-muffler,Qluşitel (susdurucu),Глушитель,susdurucu; qlusiter; qluşiter; qlusitel; səsboğucu; sesbogucu; qlusitel susdurucu; qlusitelsusdurucu,8,Qluşitel (susdurucu); Глушитель; qluşitel susdurucu; susdurucu; qlusiter; qluşiter; qlusitel; səsboğucu; sesbogucu; qlusitel susdurucu; qlusitelsusdurucu,11,No,No,No,Yes,2026-07-21 14:10:44
EG-009,Глушитель/резонатор,exhaust-muffler,Səsboğucu ucluğu (müştük),Насадка глушителя,müştük; səsboğucu başlığı; mustuk; sesbogucu basligi; sesbogucu uclugu mustuk; sesbogucubasligi; насадкаглушителя,7,Səsboğucu ucluğu (müştük); Насадка глушителя; səsboğucu ucluğu müştük; müştük; səsboğucu başlığı; mustuk; sesbogucu basligi; sesbogucu uclugu mustuk; sesbogucubasligi; насадкаглушителя,10,No,No,No,Yes,2026-07-21 14:10:44
EG-007,Глушитель/резонатор,exhaust-muffler,Qluşitel/egzoz asqısı (podvesnoy rezini),Подвеска глушителя (резиновая подушка),резиновая подушка; qluşitel asqısı; egzoz asqısı; podvesnoy rezini; səsboğucu rezini; qlusitel asqisi; egzoz asqisi; sesbogucu rezini; qlusitel egzoz asqisi podvesnoy rezini; резиноваяподушка; qlusitelasqisi; egzozasqisi; podvesnoyrezini; sesbogucurezini,14,Qluşitel/egzoz asqısı (podvesnoy rezini); Подвеска глушителя (резиновая подушка); qluşitel egzoz asqısı podvesnoy rezini; подвеска глушителя резиновая подушка; резиновая подушка; qluşitel asqısı; egzoz asqısı; podvesnoy rezini; səsboğucu rezini; qlusitel asqisi; egzoz asqisi; sesbogucu rezini; qlusitel egzoz asqisi podvesnoy rezini; резиноваяподушка; qlusitelasqisi; egzozasqisi; podvesnoyrezini; sesbogucurezini,18,No,No,No,Yes,2026-07-21 14:10:44
EG-008,Глушитель/резонатор,exhaust-muffler,Qluşitel praklatkası,Прокладка глушителя,qlusitel praklatkasi; qlusitelpraklatkasi; прокладкаглушителя,3,Qluşitel praklatkası; Прокладка глушителя; qlusitel praklatkasi; qlusitelpraklatkasi; прокладкаглушителя,5,No,No,No,Yes,2026-07-21 14:10:44
EG-004,Глушитель/резонатор,exhaust-muffler,Qazan (rezonator),Резонатор (средняя/задняя банка),задняя банка; средняя; средняя задняя банка; rezonator; задняябанка; qazanrezonator,6,Qazan (rezonator); Резонатор (средняя/задняя банка); qazan rezonator; резонатор средняя задняя банка; задняя банка; средняя; средняя задняя банка; rezonator; задняябанка; qazanrezonator,10,No,No,No,Yes,2026-07-21 14:10:44
EG-006,Глушитель/резонатор,exhaust-muffler,DPF filtri,Сажевый фильтр (DPF),dpf; dpf filteri; dpffilteri; dpffiltri,4,DPF filtri; Сажевый фильтр (DPF); сажевый фильтр dpf; dpf; dpf filteri; dpffilteri; dpffiltri,7,No,No,No,Yes,2026-07-21 14:10:44
TK-005,Датчики давления (TPMS),tires-tpms,TPMS sensoru (təkər hava sensoru),Датчик давления в шине (TPMS),tpms; təkər hava sensoru; teker hava sensoru; tpms sensoru teker hava sensoru,4,TPMS sensoru (təkər hava sensoru); Датчик давления в шине (TPMS); tpms sensoru təkər hava sensoru; датчик давления в шине tpms; tpms; təkər hava sensoru; teker hava sensoru; tpms sensoru teker hava sensoru,8,Yes,Yes,No,Yes,2026-07-21 14:10:44
MU-045,Датчики двигателя,engine-sensors,MAP sensoru,MAP-датчик (давления во впуске),давления во впуске; mapsensoru,2,MAP sensoru; MAP-датчик (давления во впуске); map датчик давления во впуске; давления во впуске; mapsensoru,5,No,No,No,Yes,2026-07-21 14:10:44
MU-042,Датчики двигателя,engine-sensors,Yağ təzyiqi sensoru,Датчик давления масла,yag tezyiqi sensoru,1,Yağ təzyiqi sensoru; Датчик давления масла; yag tezyiqi sensoru,3,No,No,No,Yes,2026-07-21 14:10:44
MU-044,Датчики двигателя,engine-sensors,Detonasiya datçiki,Датчик детонации,detonasiya datciki; detonasiyadatciki; датчикдетонации,3,Detonasiya datçiki; Датчик детонации; detonasiya datciki; detonasiyadatciki; датчикдетонации,5,No,No,No,Yes,2026-07-21 14:10:44
MU-040,Датчики двигателя,engine-sensors,Kalenval datçiki,Датчик коленвала,391802A500; dirsəkli val sensoru; kalenval sensoru; kalenvalın sensoru; qalvalın daciqi; dirsekli val sensoru; kalenvalin sensoru; qalvalin daciqi; kalenval datciki; kalenvalsensoru; kalenvalinsensoru; qalvalindaciqi; kalenvaldatciki; датчикколенвала,14,Kalenval datçiki; Датчик коленвала; 391802A500; dirsəkli val sensoru; kalenval sensoru; kalenvalın sensoru; qalvalın daciqi; dirsekli val sensoru; kalenvalin sensoru; qalvalin daciqi; kalenval datciki; kalenvalsensoru; kalenvalinsensoru; qalvalindaciqi; kalenvaldatciki; датчикколенвала,16,No,No,No,Yes,2026-07-21 14:10:44
MU-041,Датчики двигателя,engine-sensors,Raspredval datçiki,Датчик распредвала,paylayıcı valın sensoru; raspidval daccik; raspidval datciki; raspredval daccik; paylayici valin sensoru; raspredval datciki; raspidvaldaccik; raspidvaldatciki; raspredvaldaccik; raspredvaldatciki; датчикраспредвала,11,Raspredval datçiki; Датчик распредвала; paylayıcı valın sensoru; raspidval daccik; raspidval datciki; raspredval daccik; paylayici valin sensoru; raspredval datciki; raspidvaldaccik; raspidvaldatciki; raspredvaldaccik; raspredvaldatciki; датчикраспредвала,13,No,No,No,Yes,2026-07-21 14:10:44
MU-033,Датчики двигателя,engine-sensors,Vozduxamer (MAF sensoru),Датчик расхода воздуха (ДМРВ),дмрв; maf sensoru; hava sensoru; hava ölçəni; havaölçən; havaölçən sensoru; vozduxamer; vazduxamer; воздухомер; hava olceni; havaolcen; havaolcen sensoru; mafsensoru; havasensoru; havaolceni; havaolcensensoru,16,Vozduxamer (MAF sensoru); Датчик расхода воздуха (ДМРВ); vozduxamer maf sensoru; датчик расхода воздуха дмрв; дмрв; maf sensoru; hava sensoru; hava ölçəni; havaölçən; havaölçən sensoru; vozduxamer; vazduxamer; воздухомер; hava olceni; havaolcen; havaolcen sensoru; mafsensoru; havasensoru; havaolceni; havaolcensensoru,20,No,No,No,Yes,2026-07-21 14:10:44
MU-095,Датчики двигателя,engine-sensors,Yağ səviyyəsi sensoru,Датчик уровня масла,yag seviyyesi sensoru,1,Yağ səviyyəsi sensoru; Датчик уровня масла; yag seviyyesi sensoru,3,No,No,No,Yes,2026-08-25 15:34:26
MU-088,Датчики двигателя,engine-sensors,Boş gediş datçiki,Датчик холостого хода,bos gedis datciki,1,Boş gediş datçiki; Датчик холостого хода; bos gedis datciki,3,No,No,No,Yes,2026-08-22 12:03:18
AK-030,Датчики/ЭБУ,electrical-sensors-ecu,Avtosiqnalizasiya,Автосигнализация,,0,Avtosiqnalizasiya; Автосигнализация,2,No,No,No,Yes,2026-07-21 14:10:44
RG-08,Датчики/ЭБУ,electrical-sensors-ecu,Şarj bloku (OBC),Блок зарядки (OBC / бортовое зарядное устройство),obc; obc bloku; sarj bloku; şarj bloku; бортовое зарядное; блок зарядки; зарядный блок; xarici sarj bloku; sarj bloku obc; obcbloku; sarjbloku; бортовоезарядное; блокзарядки; зарядныйблок,14,Şarj bloku (OBC); Блок зарядки (OBC / бортовое зарядное устройство); şarj bloku obc; блок зарядки obc бортовое зарядное устройство; obc; obc bloku; sarj bloku; şarj bloku; бортовое зарядное; блок зарядки; зарядный блок; xarici sarj bloku; sarj bloku obc; obcbloku; sarjbloku; бортовоезарядное; блокзарядки; зарядныйблок,18,No,No,No,Yes,2026-07-27 07:32:43
EL-067,Датчики/ЭБУ,electrical-sensors-ecu,Yaddaşlı oturacaq bloku,Блок памяти сидений,yaddasli oturacaq bloku,1,Yaddaşlı oturacaq bloku; Блок памяти сидений; yaddasli oturacaq bloku,3,No,No,No,Yes,2026-07-21 14:10:44
EL-028,Датчики/ЭБУ,electrical-sensors-ecu,Predaxranitel bloku (qoruyucular),Блок предохранителей,qoruyucular; блокпредохранителей,2,Predaxranitel bloku (qoruyucular); Блок предохранителей; predaxranitel bloku qoruyucular; qoruyucular; блокпредохранителей,5,No,No,No,Yes,2026-07-21 14:10:44
EL-080,Датчики/ЭБУ,electrical-sensors-ecu,Aktuator idarəetmə bloku,Блок управления актуатором,aktuator idareetme bloku,1,Aktuator idarəetmə bloku; Блок управления актуатором; aktuator idareetme bloku,3,No,No,No,Yes,2026-08-25 15:39:05
EL-006,Датчики/ЭБУ,electrical-sensors-ecu,Mühərrik idarəetmə bloku (ECU),Блок управления двигателем (ECU),ecu; muherrik idareetme bloku ecu,2,Mühərrik idarəetmə bloku (ECU); Блок управления двигателем (ECU); mühərrik idarəetmə bloku ecu; блок управления двигателем ecu; ecu; muherrik idareetme bloku ecu,6,No,No,No,Yes,2026-07-21 14:10:44
EL-007,Датчики/ЭБУ,electrical-sensors-ecu,BCM (kuzov idarəetmə bloku),Блок управления кузовом (BCM),bcm; kuzov idarəetmə bloku; kuzov idareetme bloku; bcm kuzov idareetme bloku,4,BCM (kuzov idarəetmə bloku); Блок управления кузовом (BCM); bcm kuzov idarəetmə bloku; блок управления кузовом bcm; bcm; kuzov idarəetmə bloku; kuzov idareetme bloku; bcm kuzov idareetme bloku,8,No,No,No,Yes,2026-07-21 14:10:44
EL-037,Датчики/ЭБУ,electrical-sensors-ecu,Stop siqnal açarı (laqruşka),Выключатель стоп-сигнала (лягушка),лягушка; laqruşka; laqruska; stop siqnal acari laqruska,4,Stop siqnal açarı (laqruşka); Выключатель стоп-сигнала (лягушка); stop siqnal açarı laqruşka; выключатель стоп сигнала лягушка; лягушка; laqruşka; laqruska; stop siqnal acari laqruska,8,No,No,No,Yes,2026-07-21 14:10:44
EL-031,Датчики/ЭБУ,electrical-sensors-ecu,Hibrid invertoru,Гибридный инвертор,hibridinvertoru; гибридныйинвертор,2,Hibrid invertoru; Гибридный инвертор; hibridinvertoru; гибридныйинвертор,4,No,No,No,Yes,2026-07-21 14:10:44
EL-017,Датчики/ЭБУ,electrical-sensors-ecu,Yağış sensoru,Датчик дождя,yagis sensoru; yagissensoru; датчикдождя,3,Yağış sensoru; Датчик дождя; yagis sensoru; yagissensoru; датчикдождя,5,No,No,No,Yes,2026-07-21 14:10:44
RG-12,Датчики/ЭБУ,electrical-sensors-ecu,NOx sensoru,Датчик оксидов азота,nox sensor; nox sensoru; nox datçiki; azot oksidi sensoru; azot oksidləri datçiki; nitrogen oxide sensor; nitrogen oxides sensor; датчик NOx; NOx-датчик; датчик оксида азота; датчик оксидов азота; nox datciki; azot oksidleri datciki; noxsensor; noxsensoru; noxdatciki; датчикnox; noxдатчик,18,nox датчик; nox sensor; nox sensoru; nox datçiki; azot oksidi sensoru; azot oksidləri datçiki; nitrogen oxide sensor; nitrogen oxides sensor; датчик NOx; NOx-датчик; датчик оксида азота; датчик оксидов азота; nox datciki; azot oksidleri datciki; noxsensor; noxsensoru; noxdatciki; датчикnox; noxдатчик,19,No,No,No,Yes,2026-08-22 12:15:42
EL-081,Датчики/ЭБУ,electrical-sensors-ecu,İşıq sensoru,Датчик освещённости,isiq sensoru; isiqsensoru; датчикосвещённости,3,İşıq sensoru; Датчик освещённости; işıq sensoru; isiq sensoru; isiqsensoru; датчикосвещённости,6,No,No,No,Yes,2026-08-25 15:39:51
EL-027,Датчики/ЭБУ,electrical-sensors-ecu,Sürət sensoru (spidometr),Датчик скорости,spidometr; suret sensoru spidometr; датчикскорости,3,Sürət sensoru (spidometr); Датчик скорости; sürət sensoru spidometr; spidometr; suret sensoru spidometr; датчикскорости,6,No,No,No,Yes,2026-07-21 14:10:44
SO-016,Датчики/ЭБУ,electrical-sensors-ecu,Su temperaturu datçiki,Датчик температуры охлаждающей жидкости,sensor su tempuraturu; su temperaturu datciki,2,Su temperaturu datçiki; Датчик температуры охлаждающей жидкости; sensor su tempuraturu; su temperaturu datciki,4,No,No,No,Yes,2026-07-21 14:10:44
EL-069,Датчики/ЭБУ,electrical-sensors-ecu,Yuyucu mayesi səviyyə datçiki,Датчик уровня жидкости омывателя,yuyucu mayesi seviyye datciki,1,Yuyucu mayesi səviyyə datçiki; Датчик уровня жидкости омывателя; yuyucu mayesi seviyye datciki,3,No,No,No,Yes,2026-07-21 14:10:44
EL-079,Датчики/ЭБУ,electrical-sensors-ecu,OBD diaqnostika yuvası,Диагностический разъём OBD,obd diaqnostika yuvasi,1,OBD diaqnostika yuvası; Диагностический разъём OBD; obd diaqnostika yuvasi,3,No,No,No,Yes,2026-08-25 15:38:24
EL-056,Датчики/ЭБУ,electrical-sensors-ecu,Siqnal (qudok),Звуковой сигнал (гудок),гудок; qudok; siqnalqudok,3,Siqnal (qudok); Звуковой сигнал (гудок); siqnal qudok; звуковой сигнал гудок; гудок; qudok; siqnalqudok,7,No,No,No,Yes,2026-07-21 14:10:44
EL-046,Датчики/ЭБУ,electrical-sensors-ecu,Avariya düyməsi,Кнопка аварийной сигнализации,avariya duymesi; avariyaduymesi,2,Avariya düyməsi; Кнопка аварийной сигнализации; avariya duymesi; avariyaduymesi,4,No,No,No,Yes,2026-07-21 14:10:44
EL-011,Датчики/ЭБУ,electrical-sensors-ecu,Multi rul düymələri,Кнопки на руле,multi rul duymeleri,1,Multi rul düymələri; Кнопки на руле; multi rul duymeleri,3,No,No,No,Yes,2026-07-21 14:10:44
EL-045,Датчики/ЭБУ,electrical-sensors-ecu,Qapı konsevigi (açıq qapı datçiki),Концевик двери (датчик открытой двери),датчик открытой двери; açıq qapı datçiki; aciq qapi datciki; qapi konsevigi aciq qapi datciki,4,Qapı konsevigi (açıq qapı datçiki); Концевик двери (датчик открытой двери); qapı konsevigi açıq qapı datçiki; концевик двери датчик открытой двери; датчик открытой двери; açıq qapı datçiki; aciq qapi datciki; qapi konsevigi aciq qapi datciki,8,Yes,Yes,No,Yes,2026-07-21 14:10:44
RG-10,Датчики/ЭБУ,electrical-sensors-ecu,Qoruyucu bloku qapağı,Крышка блока предохранителей,qoruyucu blokun qapağı; sigorta qutusunun qapağı; predaxranitel bloku qapağı; крышка блока предохранителей; крышка предохранителей; qoruyucu blokun qapagi; sigorta qutusunun qapagi; predaxranitel bloku qapagi; qoruyucu bloku qapagi; крышкапредохранителей,10,Qoruyucu bloku qapağı; qoruyucu blokun qapağı; sigorta qutusunun qapağı; predaxranitel bloku qapağı; крышка блока предохранителей; крышка предохранителей; qoruyucu blokun qapagi; sigorta qutusunun qapagi; predaxranitel bloku qapagi; qoruyucu bloku qapagi; крышкапредохранителей,11,No,No,No,Yes,2026-07-28 19:00:04
EL-078,Датчики/ЭБУ,electrical-sensors-ecu,DC-DC gərginlik çeviricisi,Преобразователь напряжения DC-DC,dc dc gerginlik ceviricisi,1,DC-DC gərginlik çeviricisi; Преобразователь напряжения DC-DC; dc dc gərginlik çeviricisi; преобразователь напряжения dc dc; dc dc gerginlik ceviricisi,5,No,No,No,Yes,2026-08-25 15:37:32
EL-032,Датчики/ЭБУ,electrical-sensors-ecu,Naqillər/ştekerlər (provodka),Проводка/разъёмы,proводка; start stop düyməsinin oboyması; start stop oboyma; beyinden daciklere geden umumi şunur; umumi şunur sistemi; zbor beyin mobilzator ilə; start stop duymesinin oboymasi; beyinden daciklere geden umumi sunur; umumi sunur sistemi; zbor beyin mobilzator ile; naqiller stekerler provodka; проводкаразъёмы,12,Naqillər/ştekerlər (provodka); Проводка/разъёмы; naqillər ştekerlər provodka; проводка разъёмы; proводка; start stop düyməsinin oboyması; start stop oboyma; beyinden daciklere geden umumi şunur; umumi şunur sistemi; zbor beyin mobilzator ilə; start stop duymesinin oboymasi; beyinden daciklere geden umumi sunur; umumi sunur sistemi; zbor beyin mobilzator ile; naqiller stekerler provodka; проводкаразъёмы,16,No,No,No,Yes,2026-07-21 14:10:44
EL-083,Датчики/ЭБУ,electrical-sensors-ecu,Head-up displey,Проекционный дисплей,проекционныйдисплей,1,Head-up displey; Проекционный дисплей; head up displey; проекционныйдисплей,4,No,No,No,Yes,2026-08-25 17:38:03
EL-049,Датчики/ЭБУ,electrical-sensors-ecu,Benzin nasosu relesi,Реле бензонасоса,релебензонасоса,1,Benzin nasosu relesi; Реле бензонасоса; релебензонасоса,3,No,No,No,Yes,2026-07-21 14:10:44
EL-050,Датчики/ЭБУ,electrical-sensors-ecu,Şotka relesi,Реле дворников,sotka relesi; sotkarelesi; реледворников,3,Şotka relesi; Реле дворников; sotka relesi; sotkarelesi; реледворников,5,No,No,No,Yes,2026-07-21 14:10:44
EL-051,Датчики/ЭБУ,electrical-sensors-ecu,Kondisioner relesi,Реле кондиционера,kondisionerrelesi; релекондиционера,2,Kondisioner relesi; Реле кондиционера; kondisionerrelesi; релекондиционера,4,No,No,No,Yes,2026-07-21 14:10:44
EL-052,Датчики/ЭБУ,electrical-sensors-ecu,Povorotnik relesi,Реле поворотов (прерыватель),прерыватель; dönmə işığı relesi; donme isigi relesi; povorotnikrelesi,4,Povorotnik relesi; Реле поворотов (прерыватель); реле поворотов прерыватель; прерыватель; dönmə işığı relesi; donme isigi relesi; povorotnikrelesi,7,No,No,No,Yes,2026-07-21 14:10:44
EL-053,Датчики/ЭБУ,electrical-sensors-ecu,Qızdırıcı şam relesi,Реле свечей накала,qizdirici sam relesi,1,Qızdırıcı şam relesi; Реле свечей накала; qizdirici sam relesi,3,No,No,No,Yes,2026-07-21 14:10:44
EL-026,Датчики/ЭБУ,electrical-sensors-ecu,Elektron qaz pedalı,Электронная педаль газа,qaz pedalı; qaz pedali; elektron qaz pedali; qazpedali,4,Elektron qaz pedalı; Электронная педаль газа; qaz pedalı; qaz pedali; elektron qaz pedali; qazpedali,6,No,No,No,Yes,2026-07-21 14:10:44
EL-033,Датчики/блок климата,climate-control,Oturacaq/sükan qızdırıcı-soyuducu bloku,Блок обогрева/охлаждения сидений и руля,блок обогрева сидений и руля; блок охлаждения сидений и руля; oturacaq qızdırıcı soyuducu bloku; sükan qızdırıcı soyuducu bloku; oturacaq qizdirici soyuducu bloku; sukan qizdirici soyuducu bloku; oturacaq sukan qizdirici soyuducu bloku,7,Oturacaq/sükan qızdırıcı-soyuducu bloku; Блок обогрева/охлаждения сидений и руля; oturacaq sükan qızdırıcı soyuducu bloku; блок обогрева охлаждения сидений и руля; блок обогрева сидений и руля; блок охлаждения сидений и руля; oturacaq qızdırıcı soyuducu bloku; sükan qızdırıcı soyuducu bloku; oturacaq qizdirici soyuducu bloku; sukan qizdirici soyuducu bloku; oturacaq sukan qizdirici soyuducu bloku,11,No,No,No,Yes,2026-07-21 14:10:44
EL-019,Датчики/блок климата,climate-control,Kondisioner idarəetmə bloku (klimat kontrol),Блок управления климат-контролем,klimat kontrol; isti soyuqa çeviren modulyator; isti soyuq modulyator; isti soyuqa ceviren modulyator; kondisioner idareetme bloku klimat kontrol; klimatkontrol,6,Kondisioner idarəetmə bloku (klimat kontrol); Блок управления климат-контролем; kondisioner idarəetmə bloku klimat kontrol; блок управления климат контролем; klimat kontrol; isti soyuqa çeviren modulyator; isti soyuq modulyator; isti soyuqa ceviren modulyator; kondisioner idareetme bloku klimat kontrol; klimatkontrol,10,No,No,No,Yes,2026-07-21 14:10:44
EL-020,Датчики/блок климата,climate-control,Kondisioner datçiki,Датчик кондиционера,датчик кондиционера; актуатор кондиционера; kondisioner aktuatoru; kondisioner datçiki; kondisioner datciki; датчиккондиционера; актуаторкондиционера; kondisioneraktuatoru; kondisionerdatciki,9,датчик кондиционера; актуатор кондиционера; kondisioner aktuatoru; kondisioner datçiki; kondisioner datciki; датчиккондиционера; актуаторкондиционера; kondisioneraktuatoru; kondisionerdatciki,9,No,No,No,Yes,2026-07-21 14:10:44
RG-01,Датчики/блок климата,climate-control,Çöl temperatur datçiki,Датчик наружной температуры,çöl temperatur datçiki; çöl temperatur sensoru; çöl temperatur sensor; çöl hava temperatur datçiki; çöl hava temperatur sensoru; xarici temperatur datçiki; xarici temperatur sensoru; ambient temperature sensor; ambient sensor; outside temperature sensor; outside air temperature sensor; external temperature sensor; outside temp sensor; датчик наружной температуры; датчик внешней температуры; датчик наружного воздуха; датчик температуры наружного воздуха; датчик температуры окружающего воздуха; датчик уличной температуры; датчик внешней температуры воздуха; col temperatur datciki; col temperatur sensoru; col temperatur sensor; col hava temperatur datciki; col hava temperatur sensoru; xarici temperatur datciki; ambientsensor,27,çöl temperatur datçiki; çöl temperatur sensoru; çöl temperatur sensor; çöl hava temperatur datçiki; çöl hava temperatur sensoru; xarici temperatur datçiki; xarici temperatur sensoru; ambient temperature sensor; ambient sensor; outside temperature sensor; outside air temperature sensor; external temperature sensor; outside temp sensor; датчик наружной температуры; датчик внешней температуры; датчик наружного воздуха; датчик температуры наружного воздуха; датчик температуры окружающего воздуха; датчик уличной температуры; датчик внешней температуры воздуха; col temperatur datciki; col temperatur sensoru; col temperatur sensor; col hava temperatur datciki; col hava temperatur sensoru; xarici temperatur datciki; ambientsensor,27,No,No,No,Yes,2026-08-22 12:15:42
EL-068,Датчики/блок климата,climate-control,Kondisionerin hava axını datçiki,Датчик расхода воздуха кондиционера,kondisionerin hava axini datciki,1,Kondisionerin hava axını datçiki; Датчик расхода воздуха кондиционера; kondisionerin hava axini datciki,3,No,No,No,Yes,2026-07-21 14:10:44
KZ-015,Двери,body-doors,Qapı (polotno),Дверь в сборе,polotno; qapı; qapi; qapi polotno; qapipolotno,5,Qapı (polotno); Дверь в сборе; qapı polotno; polotno; qapı; qapi; qapi polotno; qapipolotno,8,Yes,Yes,No,Yes,2026-07-21 14:10:44
KZ-017,Двери,body-doors,Qapı zamoku,Замок двери,qapı kilidi; qapi kilidi; qapi zamoku; qapikilidi; qapizamoku; замокдвери,6,Qapı zamoku; Замок двери; qapı kilidi; qapi kilidi; qapi zamoku; qapikilidi; qapizamoku; замокдвери,8,Yes,Yes,No,Yes,2026-07-21 14:10:44
KZ-045,Двери,body-doors,Şüşəqaldıran mexanizm,Механизм стеклоподъёмника,şüşə qaldıran mexanizimi; şüşə qaldıranı; qapı şüşə qaldırıcı mexanizmi; şüşə qaldırıcı; suse qaldiran mexanizimi; suse qaldirani; qapi suse qaldirici mexanizmi; suse qaldirici; suseqaldiran mexanizm; suseqaldirani; suseqaldirici; suseqaldiranmexanizm; механизмстеклоподъёмника,13,Şüşəqaldıran mexanizm; Механизм стеклоподъёмника; şüşə qaldıran mexanizimi; şüşə qaldıranı; qapı şüşə qaldırıcı mexanizmi; şüşə qaldırıcı; suse qaldiran mexanizimi; suse qaldirani; qapi suse qaldirici mexanizmi; suse qaldirici; suseqaldiran mexanizm; suseqaldirani; suseqaldirici; suseqaldiranmexanizm; механизмстеклоподъёмника,15,Yes,Yes,No,Yes,2026-07-21 14:10:44
KZ-019,Двери,body-doors,Qapı kartası,Обшивка двери (карта),карта; oblisovka; abifka; abifkasi; qapi kartasi; qapikartasi,6,Qapı kartası; Обшивка двери (карта); обшивка двери карта; карта; oblisovka; abifka; abifkasi; qapi kartasi; qapikartasi,9,Yes,Yes,No,Yes,2026-07-21 14:10:44
KZ-058,Двери,body-doors,Qapı fiksatoru,Ограничитель (фиксатор) двери,фиксатор; qapi fiksatoru; qapifiksatoru,3,Qapı fiksatoru; Ограничитель (фиксатор) двери; ограничитель фиксатор двери; фиксатор; qapi fiksatoru; qapifiksatoru,6,Yes,Yes,No,Yes,2026-07-21 14:10:44
KZ-041,Двери,body-doors,Qapı menteşəsi,Петля двери,qapı petləsi; qapi petlesi; qapi mentesesi; qapipetlesi; qapimentesesi; петлядвери,6,Qapı menteşəsi; Петля двери; qapı petləsi; qapi petlesi; qapi mentesesi; qapipetlesi; qapimentesesi; петлядвери,8,Yes,Yes,No,Yes,2026-07-21 14:10:44
KZ-016,Двери,body-doors,Qapı ruçkası,Ручка двери,qapi tutacag; qapı tutacağı; qapı dəstəyi; qapının xarici tutacağı; iç qapı dəstəyi; qapı əlcəyi; qapı əlcəgi; qapi tutacagi; qapi desteyi; qapinin xarici tutacagi; ic qapi desteyi; qapi elceyi; qapi elcegi; qapi ruckasi; qapitutacag; qapitutacagi; qapidesteyi; qapielceyi; qapielcegi; qapiruckasi; ручкадвери,21,Qapı ruçkası; Ручка двери; qapi tutacag; qapı tutacağı; qapı dəstəyi; qapının xarici tutacağı; iç qapı dəstəyi; qapı əlcəyi; qapı əlcəgi; qapi tutacagi; qapi desteyi; qapinin xarici tutacagi; ic qapi desteyi; qapi elceyi; qapi elcegi; qapi ruckasi; qapitutacag; qapitutacagi; qapidesteyi; qapielceyi; qapielcegi; qapiruckasi; ручкадвери,23,Yes,Yes,No,Yes,2026-07-21 14:10:44
KZ-018,Двери,body-doors,Qapı rezini,Уплотнитель двери,qapı və baqaj rezini; qapi ve baqaj rezini; qapi rezini; qapirezini; уплотнительдвери,5,Qapı rezini; Уплотнитель двери; qapı və baqaj rezini; qapi ve baqaj rezini; qapi rezini; qapirezini; уплотнительдвери,7,Yes,Yes,No,Yes,2026-07-21 14:10:44
KZ-061,Двери,body-doors,Şüşəqaldıran cerviyakı (val),Червяк стеклоподъёмника,val; şüşə qaldıran trosu; şüşə qaldıran tros; şüşənin trosu; şüşəqaldıran zəncir; suse qaldiran trosu; suse qaldiran tros; susenin trosu; suseqaldiran zencir; suseqaldiran cerviyaki val; susenintrosu; suseqaldiranzencir; червякстеклоподъёмника,13,Şüşəqaldıran cerviyakı (val); Червяк стеклоподъёмника; şüşəqaldıran cerviyakı val; val; şüşə qaldıran trosu; şüşə qaldıran tros; şüşənin trosu; şüşəqaldıran zəncir; suse qaldiran trosu; suse qaldiran tros; susenin trosu; suseqaldiran zencir; suseqaldiran cerviyaki val; susenintrosu; suseqaldiranzencir; червякстеклоподъёмника,16,Yes,Yes,No,Yes,2026-07-21 14:10:44
MU-010,Двигатель в сборе/поршневая,engine-assembly,Balans valı,Балансировочный вал,balans vali; balansvali; балансировочныйвал,3,Balans valı; Балансировочный вал; balans vali; balansvali; балансировочныйвал,5,No,No,No,Yes,2026-07-21 14:10:44
MU-070,Двигатель в сборе/поршневая,engine-assembly,Silindr bloku,Блок цилиндров,silindrbloku; блокцилиндров,2,Silindr bloku; Блок цилиндров; silindrbloku; блокцилиндров,4,No,No,No,Yes,2026-07-21 14:10:44
MU-006,Двигатель в сборе/поршневая,engine-assembly,Vkladış,Вкладыши,şatun yatağı; satun yatagi; vkladis; satunyatagi,4,Vkladış; Вкладыши; şatun yatağı; satun yatagi; vkladis; satunyatagi,6,No,No,No,Yes,2026-07-21 14:10:44
MU-032,Двигатель в сборе/поршневая,engine-assembly,Hava kollektoru,Впускной коллектор,havakollektoru; впускнойколлектор,2,Hava kollektoru; Впускной коллектор; havakollektoru; впускнойколлектор,4,No,No,No,Yes,2026-07-21 14:10:44
MU-001,Двигатель в сборе/поршневая,engine-assembly,Mühərrik,Двигатель в сборе,mühərrik; muherrik,2,Двигатель в сборе; mühərrik; muherrik,3,No,No,No,Yes,2026-07-21 14:10:44
MU-068,Двигатель в сборе/поршневая,engine-assembly,Blok tıxacı (çopik),Заглушка блока цилиндров,çopik; copik; blok tixaci copik,3,Blok tıxacı (çopik); Заглушка блока цилиндров; blok tıxacı çopik; çopik; copik; blok tixaci copik,6,No,No,No,Yes,2026-07-21 14:10:44
MU-053,Двигатель в сборе/поршневая,engine-assembly,Mühərrik alt qoruyucusu,Защита картера двигателя,motorun altindaki qoruyucu plastik; ремонтный поршень кольца; korpus prk; matorun alt zaşitniki usten cixma; matorun su zaquruskasi; matorun sepi komplekt; matorun alt zasitniki usten cixma; muherrik alt qoruyucusu; korpusprk,9,Mühərrik alt qoruyucusu; Защита картера двигателя; motorun altindaki qoruyucu plastik; ремонтный поршень кольца; korpus prk; matorun alt zaşitniki usten cixma; matorun su zaquruskasi; matorun sepi komplekt; matorun alt zasitniki usten cixma; muherrik alt qoruyucusu; korpusprk,11,No,No,No,Yes,2026-08-22 12:03:18
MU-097,Двигатель в сборе/поршневая,engine-assembly,Yağ filtrinin qoruyucusu,Защита масляного фильтра,yag filtrinin qoruyucusu,1,Yağ filtrinin qoruyucusu; Защита масляного фильтра; yag filtrinin qoruyucusu,3,No,No,No,Yes,2026-08-25 15:36:41
MU-009,Двигатель в сборе/поршневая,engine-assembly,Karter,Картер (маслосборник),маслосборник; mühərrik karteri; muherrik karteri; muherrikkarteri; картермаслосборник,5,Karter; Картер (маслосборник); картер маслосборник; маслосборник; mühərrik karteri; muherrik karteri; muherrikkarteri; картермаслосборник,8,No,No,No,Yes,2026-07-21 14:10:44
MU-096,Двигатель в сборе/поршневая,engine-assembly,Yağ təzyiqi klapanı,Клапан регулировки давления масла,yag tezyiqi klapani,1,Yağ təzyiqi klapanı; Клапан регулировки давления масла; yag tezyiqi klapani,3,No,No,No,Yes,2026-08-25 15:35:47
MU-002,Двигатель в сборе/поршневая,engine-assembly,Kalenval,Коленвал,dirsəkli val; dirsəkli valı; mühərrikin dirsəkli valı; dirsekli val; dirsekli vali; muherrikin dirsekli vali; dirseklival; dirseklivali,8,Kalenval; Коленвал; dirsəkli val; dirsəkli valı; mühərrikin dirsəkli valı; dirsekli val; dirsekli vali; muherrikin dirsekli vali; dirseklival; dirseklivali,10,No,No,No,Yes,2026-07-21 14:10:44
MU-059,Двигатель в сборе/поршневая,engine-assembly,Hava filtri qutusu (korpus),Корпус воздушного фильтра (airbox),airbox; korpus; hava filter korpusu; hava filter qabı; hava filteri qabı; hava qabı; havaölçən qabı; hava filteri qutusu; hava filteri qazanı; hava filteri qutusu korpus; hava filtri qabı; hava filtri qazanı; hava filtri qutusu; hava filter qabi; hava filteri qabi; hava qabi; havaolcen qabi; hava filteri qazani; hava filtri qabi; hava filtri qazani; havaqabi; havaolcenqabi,22,Hava filtri qutusu (korpus); Корпус воздушного фильтра (airbox); hava filtri qutusu korpus; корпус воздушного фильтра airbox; airbox; korpus; hava filter korpusu; hava filter qabı; hava filteri qabı; hava qabı; havaölçən qabı; hava filteri qutusu; hava filteri qazanı; hava filteri qutusu korpus; hava filtri qabı; hava filtri qazanı; hava filtri qutusu; hava filter qabi; hava filteri qabi; hava qabi; havaolcen qabi; hava filteri qazani; hava filtri qabi; hava filtri qazani; havaqabi; havaolcenqabi,26,No,No,No,Yes,2026-07-21 14:10:44
MU-029,Двигатель в сборе/поршневая,engine-assembly,Yağ filtri korpusu (kitabça),Корпус масляного фильтра,kitabça; yağ kitabçası; yağ kitabçası korpusu; yağ kitabı; yağ filterinin korpusu; yağ filteri korpusu kitabça; yağ filtrinin korpusu; kitabca; yag kitabcasi; yag kitabcasi korpusu; yag kitabi; yag filterinin korpusu; yag filteri korpusu kitabca; yag filtrinin korpusu; yag filtri korpusu kitabca; yagkitabcasi; yagkitabi,17,Yağ filtri korpusu (kitabça); Корпус масляного фильтра; yağ filtri korpusu kitabça; kitabça; yağ kitabçası; yağ kitabçası korpusu; yağ kitabı; yağ filterinin korpusu; yağ filteri korpusu kitabça; yağ filtrinin korpusu; kitabca; yag kitabcasi; yag kitabcasi korpusu; yag kitabi; yag filterinin korpusu; yag filteri korpusu kitabca; yag filtrinin korpusu; yag filtri korpusu kitabca; yagkitabcasi; yagkitabi,20,No,No,No,Yes,2026-07-21 14:10:44
MU-074,Двигатель в сборе/поршневая,engine-assembly,Mühərrik qapağı (dekorativ),Крышка двигателя (декоративная),декоративная; dekorativ; mühərrik qapağı; mühərrik üst qapağı; üst mühərrik qapağı; mühərrik örtüyü qapağı; muherrik qapagi; muherrik ust qapagi; ust muherrik qapagi; muherrik ortuyu qapagi; muherrik qapagi dekorativ; muherrikqapagi,12,Mühərrik qapağı (dekorativ); Крышка двигателя (декоративная); mühərrik qapağı dekorativ; крышка двигателя декоративная; декоративная; dekorativ; mühərrik qapağı; mühərrik üst qapağı; üst mühərrik qapağı; mühərrik örtüyü qapağı; muherrik qapagi; muherrik ust qapagi; ust muherrik qapagi; muherrik ortuyu qapagi; muherrik qapagi dekorativ; muherrikqapagi,16,No,No,No,Yes,2026-07-21 14:10:44
MU-057,Двигатель в сборе/поршневая,engine-assembly,Yağ qapağı (maslozalivnaya qapaq),Крышка маслозаливной горловины,maslozalivnaya qapaq; mühərrik yağ qapağı; muherrik yag qapagi; yag qapagi maslozalivnaya qapaq; maslozalivnayaqapaq,5,Yağ qapağı (maslozalivnaya qapaq); Крышка маслозаливной горловины; yağ qapağı maslozalivnaya qapaq; maslozalivnaya qapaq; mühərrik yağ qapağı; muherrik yag qapagi; yag qapagi maslozalivnaya qapaq; maslozalivnayaqapaq,8,No,No,No,Yes,2026-07-21 14:10:44
MU-067,Двигатель в сборе/поршневая,engine-assembly,Yağ nasosu sorucu borusu (setka),Маслозаборная трубка с сеточкой,setka; yag nasosu sorucu borusu setka,2,Yağ nasosu sorucu borusu (setka); Маслозаборная трубка с сеточкой; yağ nasosu sorucu borusu setka; setka; yag nasosu sorucu borusu setka,5,No,No,No,Yes,2026-07-21 14:10:44
MU-066,Двигатель в сборе/поршневая,engine-assembly,Porşen soyutma forsunkası,Масляная форсунка охлаждения поршня,porsen soyutma forsunkasi,1,Porşen soyutma forsunkası; Масляная форсунка охлаждения поршня; porsen soyutma forsunkasi,3,No,No,No,Yes,2026-07-21 14:10:44
MU-027,Двигатель в сборе/поршневая,engine-assembly,Yağ nasosu,Масляный насос,yag nasosu; yagnasosu; масляныйнасос,3,Yağ nasosu; Масляный насос; yag nasosu; yagnasosu; масляныйнасос,5,No,No,No,Yes,2026-07-21 14:10:44
MU-084,Двигатель в сборе/поршневая,engine-assembly,VANOS-a gedən yağ şlanqı,Масляный шланг к VANOS,vanos a geden yag slanqi,1,VANOS-a gedən yağ şlanqı; Масляный шланг к VANOS; vanos a gedən yağ şlanqı; vanos a geden yag slanqi,4,No,No,No,Yes,2026-07-21 14:10:44
MU-056,Двигатель в сборе/поршневая,engine-assembly,Yağ çubuğu,Масляный щуп,yag cubugu; yagcubugu; масляныйщуп,3,Yağ çubuğu; Масляный щуп; yag cubugu; yagcubugu; масляныйщуп,5,No,No,No,Yes,2026-07-21 14:10:44
MU-089,Двигатель в сборе/поршневая,engine-assembly,Hava borusu (patrubok),Патрубок воздуховода,hava boru; hava borusu patrubok; hava filter borusu; hava xortumu; havaölçən borusu; havaolcen borusu; havaboru; havaxortumu; havaolcenborusu; патрубоквоздуховода,10,Hava borusu (patrubok); Патрубок воздуховода; hava boru; hava borusu patrubok; hava filter borusu; hava xortumu; havaölçən borusu; havaolcen borusu; havaboru; havaxortumu; havaolcenborusu; патрубоквоздуховода,12,No,No,No,Yes,2026-08-22 12:03:18
MU-076,Двигатель в сборе/поршневая,engine-assembly,Aypara şayba (şponka),Полулунная шпонка (шкива/коленвала),коленвала; шкива; шкива коленвала; şponka; sponka; aypara sayba sponka; шкиваколенвала,7,Aypara şayba (şponka); Полулунная шпонка (шкива/коленвала); aypara şayba şponka; полулунная шпонка шкива коленвала; коленвала; шкива; шкива коленвала; şponka; sponka; aypara sayba sponka; шкиваколенвала,11,No,No,No,Yes,2026-07-21 14:10:44
MU-004,Двигатель в сборе/поршневая,engine-assembly,Porşen,Поршень,mühərrik porşeni; muherrik porseni; porsen; muherrikporseni,4,Porşen; Поршень; mühərrik porşeni; muherrik porseni; porsen; muherrikporseni,6,No,No,No,Yes,2026-07-21 14:10:44
MU-008,Двигатель в сборе/поршневая,engine-assembly,Kladiş (porşen barmağı),Поршневой палец,porşen barmağı; porsen barmagi; kladis porsen barmagi; porsenbarmagi; поршневойпалец,5,Kladiş (porşen barmağı); Поршневой палец; kladiş porşen barmağı; porşen barmağı; porsen barmagi; kladis porsen barmagi; porsenbarmagi; поршневойпалец,8,No,No,No,Yes,2026-07-21 14:10:44
MU-005,Двигатель в сборе/поршневая,engine-assembly,Kolsa,Поршневые кольца,porşen halqası; porşen halqaları; porşen halqa dəsti; halqa dəsti; porşen üzügü; porşen üzükləri; üzük dəsti; kolça; kolça dəsti; porsen halqasi; porsen halqalari; porsen halqa desti; halqa desti; porsen uzugu; porsen uzukleri; uzuk desti; kolca; kolca desti; porsenhalqasi; porsenhalqalari; halqadesti; porsenuzugu; porsenuzukleri; uzukdesti; kolcadesti; поршневыекольца,26,Kolsa; Поршневые кольца; porşen halqası; porşen halqaları; porşen halqa dəsti; halqa dəsti; porşen üzügü; porşen üzükləri; üzük dəsti; kolça; kolça dəsti; porsen halqasi; porsen halqalari; porsen halqa desti; halqa desti; porsen uzugu; porsen uzukleri; uzuk desti; kolca; kolca desti; porsenhalqasi; porsenhalqalari; halqadesti; porsenuzugu; porsenuzukleri; uzukdesti; kolcadesti; поршневыекольца,28,No,No,No,Yes,2026-07-21 14:10:44
MU-003,Двигатель в сборе/поршневая,engine-assembly,Raspredval,Распредвал,mühərrik paylayıcı valı; paylayıcı val; paylayıcı valı; çıxış paylayıcı valı; muherrik paylayici vali; paylayici val; paylayici vali; cixis paylayici vali; paylayicival; paylayicivali,10,Raspredval; Распредвал; mühərrik paylayıcı valı; paylayıcı val; paylayıcı valı; çıxış paylayıcı valı; muherrik paylayici vali; paylayici val; paylayici vali; cixis paylayici vali; paylayicival; paylayicivali,12,No,No,No,Yes,2026-07-21 14:10:44
MU-071,Двигатель в сборе/поршневая,engine-assembly,Kalenvalın upor şaybaları,Упорные шайбы коленвала,kalenvalin upor saybalari,1,Kalenvalın upor şaybaları; Упорные шайбы коленвала; kalenvalin upor saybalari,3,No,No,No,Yes,2026-07-21 14:10:44
MU-007,Двигатель в сборе/поршневая,engine-assembly,Şatun,Шатун,satun,1,Şatun; Шатун; satun,3,No,No,No,Yes,2026-07-21 14:10:44
AK-026,Декор/мелочь,interior-decor,Buksir trosu,Буксировочный трос,buksirtrosu; буксировочныйтрос,2,Buksir trosu; Буксировочный трос; buksirtrosu; буксировочныйтрос,4,No,No,No,Yes,2026-07-21 14:10:44
AK-020,Декор/мелочь,interior-decor,Papiros yandırıcı (prikurivatel),Гнездо прикуривателя,prikurivatel; papiros yandirici prikurivatel; гнездоприкуривателя,3,Papiros yandırıcı (prikurivatel); Гнездо прикуривателя; papiros yandırıcı prikurivatel; prikurivatel; papiros yandirici prikurivatel; гнездоприкуривателя,6,No,No,No,Yes,2026-07-21 14:10:44
AK-016,Декор/мелочь,interior-decor,Joystic (sürət qutusu dekoru),Джойстик/декор селектора КПП,джойстик селектора кпп; декор селектора кпп; sürət qutusu dekoru; suret qutusu dekoru; joystic suret qutusu dekoru,5,Joystic (sürət qutusu dekoru); Джойстик/декор селектора КПП; joystic sürət qutusu dekoru; джойстик декор селектора кпп; джойстик селектора кпп; декор селектора кпп; sürət qutusu dekoru; suret qutusu dekoru; joystic suret qutusu dekoru,9,No,No,No,Yes,2026-07-21 14:10:44
AK-045,Декор/мелочь,interior-decor,Təhlükəsizlik kəməri aldadıcısı,Заглушка ремня безопасности,tehlukesizlik kemeri aldadicisi,1,Təhlükəsizlik kəməri aldadıcısı; Заглушка ремня безопасности; tehlukesizlik kemeri aldadicisi,3,No,No,No,Yes,2026-08-28 16:35:36
TY-012,Декор/мелочь,interior-decor,Karbon salon üzlüyü (dekor),Карбоновые накладки в салон (декор),декор; dekor; karbon salon uzluyu dekor,3,Karbon salon üzlüyü (dekor); Карбоновые накладки в салон (декор); karbon salon üzlüyü dekor; карбоновые накладки в салон декор; декор; dekor; karbon salon uzluyu dekor,7,No,No,No,Yes,2026-07-21 14:10:44
AK-047,Декор/мелочь,interior-decor,Oturacaq arası ciblik,Карман между сиденьями,oturacaq arasi ciblik,1,Oturacaq arası ciblik; Карман между сиденьями; oturacaq arasi ciblik,3,No,No,No,Yes,2026-08-28 16:37:40
AK-040,Декор/мелочь,interior-decor,Salon zibil qabı,Мусорное ведро в салон,salon zibil qabi,1,Salon zibil qabı; Мусорное ведро в салон; salon zibil qabi,3,No,No,No,Yes,2026-08-25 17:38:49
AK-041,Декор/мелочь,interior-decor,Panel örtüyü,Накидка на панель приборов,panel ortuyu; panelortuyu,2,Panel örtüyü; Накидка на панель приборов; panel ortuyu; panelortuyu,4,No,No,No,Yes,2026-08-28 16:32:28
AK-043,Декор/мелочь,interior-decor,Pedal üzlüyü,Накладка на педаль,pedal uzluyu; pedaluzluyu,2,Pedal üzlüyü; Накладка на педаль; pedal uzluyu; pedaluzluyu,4,No,No,No,Yes,2026-08-28 16:34:10
AK-048,Декор/мелочь,interior-decor,Kəmər qoruyucusu,Накладка на ремень безопасности,kemer qoruyucusu; kemerqoruyucusu,2,Kəmər qoruyucusu; Накладка на ремень безопасности; kemer qoruyucusu; kemerqoruyucusu,4,No,No,No,Yes,2026-08-28 16:38:23
AK-022,Декор/мелочь,interior-decor,Rul üzlüyü (oplyotka),Оплётка на руль,oplyotka; rul uzluyu oplyotka,2,Rul üzlüyü (oplyotka); Оплётка на руль; rul üzlüyü oplyotka; oplyotka; rul uzluyu oplyotka,5,No,No,No,Yes,2026-07-21 14:10:44
AK-046,Декор/мелочь,interior-decor,Baqaj orqanayzeri,Органайзер в багажник,baqajorqanayzeri,1,Baqaj orqanayzeri; Органайзер в багажник; baqajorqanayzeri,3,No,No,No,Yes,2026-08-28 16:36:22
AK-015,Декор/мелочь,interior-decor,Maşın plonkası (folya),Плёнка (обклейка кузова),обклейка кузова; folya; masin plonkasi folya; обклейкакузова,4,Maşın plonkası (folya); Плёнка (обклейка кузова); maşın plonkası folya; плёнка обклейка кузова; обклейка кузова; folya; masin plonkasi folya; обклейкакузова,8,No,No,No,Yes,2026-07-21 14:10:44
AK-008,Декор/мелочь,interior-decor,Stəkan tutacağı,Подстаканник,stekan tutacagi; stekantutacagi,2,Stəkan tutacağı; Подстаканник; stekan tutacagi; stekantutacagi,4,No,No,No,Yes,2026-07-21 14:10:44
AK-032,Декор/мелочь,interior-decor,Eynək qutusu (açki qabı),Полка/чашка для очков,полка для очков; чашка для очков; açki qabı; acki qabi; eynek qutusu acki qabi; ackiqabi,6,Eynək qutusu (açki qabı); Полка/чашка для очков; eynək qutusu açki qabı; полка чашка для очков; полка для очков; чашка для очков; açki qabı; acki qabi; eynek qutusu acki qabi; ackiqabi,10,No,No,No,Yes,2026-07-21 14:10:44
AK-036,Декор/мелочь,interior-decor,Tavan arakəsməsi (eninə duqa),Поперечины на крышу,eninə duqa; tavan arakəsmə; tavan arakəsmələri; tavan arakəsməsi; tavan arakəsməsi eninə duqa; enine duqa; tavan arakesme; tavan arakesmeleri; tavan arakesmesi; tavan arakesmesi enine duqa; enineduqa; tavanarakesme; tavanarakesmeleri; tavanarakesmesi,14,Tavan arakəsməsi (eninə duqa); Поперечины на крышу; eninə duqa; tavan arakəsmə; tavan arakəsmələri; tavan arakəsməsi; tavan arakəsməsi eninə duqa; enine duqa; tavan arakesme; tavan arakesmeleri; tavan arakesmesi; tavan arakesmesi enine duqa; enineduqa; tavanarakesme; tavanarakesmeleri; tavanarakesmesi,16,No,No,No,Yes,2026-08-22 12:03:18
AK-011,Декор/мелочь,interior-decor,Nömrə altlığı/kantı,Рамка номерного знака,nömrə altlığı; nömrə kantı; nömrə altı; nömrə qabı; nömrə altısı; nomre altligi; nomre kanti; nomre alti; nomre qabi; nomre altisi; nomre altligi kanti; nomrealtligi; nomrekanti; nomrealti; nomreqabi; nomrealtisi,16,Nömrə altlığı/kantı; Рамка номерного знака; nömrə altlığı kantı; nömrə altlığı; nömrə kantı; nömrə altı; nömrə qabı; nömrə altısı; nomre altligi; nomre kanti; nomre alti; nomre qabi; nomre altisi; nomre altligi kanti; nomrealtligi; nomrekanti; nomrealti; nomreqabi; nomrealtisi,19,No,No,No,Yes,2026-07-21 14:10:44
AK-009,Декор/мелочь,interior-decor,Reylinq (dam üstü baqaj),Рейлинги (багажник на крышу),багажник на крышу; dam üstü baqaj; dam duqası; dam duqa; tavan duqası; dam üçün baqaj; dam üçün port baqaj; pikap üçün baqaj duqa; baqaj duqası; dam ustu baqaj; dam duqasi; tavan duqasi; dam ucun baqaj; dam ucun port baqaj; pikap ucun baqaj duqa; baqaj duqasi; reylinq dam ustu baqaj; damduqasi; tavanduqasi; baqajduqasi,20,Reylinq (dam üstü baqaj); Рейлинги (багажник на крышу); reylinq dam üstü baqaj; рейлинги багажник на крышу; багажник на крышу; dam üstü baqaj; dam duqası; dam duqa; tavan duqası; dam üçün baqaj; dam üçün port baqaj; pikap üçün baqaj duqa; baqaj duqası; dam ustu baqaj; dam duqasi; tavan duqasi; dam ucun baqaj; dam ucun port baqaj; pikap ucun baqaj duqa; baqaj duqasi; reylinq dam ustu baqaj; damduqasi; tavanduqasi; baqajduqasi,24,No,No,No,Yes,2026-07-21 14:10:44
AK-042,Декор/мелочь,interior-decor,Günəş pərdəsi (yan şüşə),Солнцезащитная шторка бокового стекла,gunes perdesi yan suse,1,Günəş pərdəsi (yan şüşə); Солнцезащитная шторка бокового стекла; günəş pərdəsi yan şüşə; gunes perdesi yan suse,4,Yes,Yes,No,Yes,2026-08-28 16:33:22
KZ-038,Декор/мелочь,interior-decor,Kant (xrom kant),Хром-кант/окантовка,xrom kant; baqaj nikeli; bufer kantı; bufer nikeli; bufer xrom kantı; bufer üstü nikeli; fara kantı; qapı altı nikeli; qapı kantı; xrom kantı; duman fara nikeli; buferin nikeli; radiator barmaqlığı nikeli; bufer kanti; bufer xrom kanti; bufer ustu nikeli; fara kanti; qapi alti nikeli; qapi kanti; xrom kanti; radiator barmaqligi nikeli; xromkant; baqajnikeli; buferkanti; bufernikeli; farakanti; qapikanti; xromkanti; buferinnikeli,29,Kant (xrom kant); Хром-кант/окантовка; kant xrom kant; хром кант окантовка; xrom kant; baqaj nikeli; bufer kantı; bufer nikeli; bufer xrom kantı; bufer üstü nikeli; fara kantı; qapı altı nikeli; qapı kantı; xrom kantı; duman fara nikeli; buferin nikeli; radiator barmaqlığı nikeli; bufer kanti; bufer xrom kanti; bufer ustu nikeli; fara kanti; qapi alti nikeli; qapi kanti; xrom kanti; radiator barmaqligi nikeli; xromkant; baqajnikeli; buferkanti; bufernikeli; farakanti; qapikanti; xromkanti; buferinnikeli,33,No,No,No,Yes,2026-07-21 14:10:44
AK-033,Декор/мелочь,interior-decor,Barsetka (mərkəzi konsol qutusu),Центральный бокс (барсетка/подлокотник-бокс),барсетка; барсетка подлокотник бокс; подлокотник бокс; mərkəzi konsol qutusu; qolaltı; merkezi konsol qutusu; qolalti; barsetka merkezi konsol qutusu; подлокотникбокс,9,Barsetka (mərkəzi konsol qutusu); Центральный бокс (барсетка/подлокотник-бокс); barsetka mərkəzi konsol qutusu; центральный бокс барсетка подлокотник бокс; барсетка; барсетка подлокотник бокс; подлокотник бокс; mərkəzi konsol qutusu; qolaltı; merkezi konsol qutusu; qolalti; barsetka merkezi konsol qutusu; подлокотникбокс,13,No,No,No,Yes,2026-07-21 14:10:44
AK-044,Декор/мелочь,interior-decor,Açar qabı (açar korpusu),Чехол для ключа,acar qabi acar korpusu,1,Açar qabı (açar korpusu); Чехол для ключа; açar qabı açar korpusu; acar qabi acar korpusu,4,No,No,No,Yes,2026-08-28 16:34:57
TK-007,Диски,wheels-rims,Təkər boltu/qaykası,Болт/гайка колеса,болт колеса; гайка колеса; təkər boltu; təkər qaykası; teker boltu; teker qaykasi; teker boltu qaykasi; болтколеса; гайкаколеса; tekerboltu; tekerqaykasi,11,Təkər boltu/qaykası; Болт/гайка колеса; təkər boltu qaykası; болт гайка колеса; болт колеса; гайка колеса; təkər boltu; təkər qaykası; teker boltu; teker qaykasi; teker boltu qaykasi; болтколеса; гайкаколеса; tekerboltu; tekerqaykasi,15,No,No,No,Yes,2026-07-21 14:10:44
TK-002,Диски,wheels-rims,Disk (təkər diski),Диск колеса,təkər diski; teker diski; disk teker diski; tekerdiski; дискколеса,5,Disk (təkər diski); Диск колеса; disk təkər diski; təkər diski; teker diski; disk teker diski; tekerdiski; дискколеса,8,No,No,No,Yes,2026-07-21 14:10:44
TK-006,Диски,wheels-rims,Spacer (təkər araqatı),Проставка колеса (spacer),spacer; təkər araqatı; spayser; teker araqati; spacer teker araqati; tekeraraqati,6,Spacer (təkər araqatı); Проставка колеса (spacer); spacer təkər araqatı; проставка колеса spacer; spacer; təkər araqatı; spayser; teker araqati; spacer teker araqati; tekeraraqati,10,No,No,No,Yes,2026-07-21 14:10:44
TK-009,Диски,wheels-rims,Sekretka,Секретки для колёс,Sekretka (təkər); гайки; секретные болты; секретные болты гайки; секретки для колёс секретные болты и гайки; секретные болты и гайки; sekretka teker; sekretkateker; секретныеболты,9,Sekretka; Секретки для колёс; Sekretka (təkər); гайки; секретные болты; секретные болты гайки; секретки для колёс секретные болты и гайки; секретные болты и гайки; sekretka teker; sekretkateker; секретныеболты,11,No,No,No,Yes,2026-07-21 14:10:44
EY-018,Диски/барабаны,brakes-discs,Əyləc diskinin toz qoruyucusu (ayna),Пыльник/щиток тормозного диска (ayna),ayna; пыльник тормозного диска; щиток тормозного диска; eylec diskinin toz qoruyucusu ayna,4,Əyləc diskinin toz qoruyucusu (ayna); Пыльник/щиток тормозного диска (ayna); əyləc diskinin toz qoruyucusu ayna; пыльник щиток тормозного диска ayna; ayna; пыльник тормозного диска; щиток тормозного диска; eylec diskinin toz qoruyucusu ayna,8,No,Yes,No,Yes,2026-07-21 14:10:44
EY-005,Диски/барабаны,brakes-discs,Baraban,Тормозной барабан,тормознойбарабан,1,Baraban; Тормозной барабан; тормознойбарабан,3,Yes,No,No,Yes,2026-07-21 14:10:44
EY-002,Диски/барабаны,brakes-discs,Apornu (əyləc diski),Тормозной диск,əyləc diski; eylec diski; apornu eylec diski; eylecdiski; тормознойдиск,5,Apornu (əyləc diski); Тормозной диск; apornu əyləc diski; əyləc diski; eylec diski; apornu eylec diski; eylecdiski; тормознойдиск,8,Yes,Yes,No,Yes,2026-07-21 14:10:44
TY-002,Дуги/off-road,tuning-offroad,Duqa (kенгурятник),Дуга (кенгурятник/силовой бампер),кенгурятник; кенгурятник силовой бампер; силовой бампер; kенгурятник; offroad arkası; ofroad arkası; offroad arkasi; ofroad arkasi; силовойбампер; offroadarkasi; ofroadarkasi; duqakенгурятник,12,Duqa (kенгурятник); Дуга (кенгурятник/силовой бампер); duqa kенгурятник; дуга кенгурятник силовой бампер; кенгурятник; кенгурятник силовой бампер; силовой бампер; kенгурятник; offroad arkası; ofroad arkası; offroad arkasi; ofroad arkasi; силовойбампер; offroadarkasi; ofroadarkasi; duqakенгурятник,16,No,No,No,Yes,2026-07-21 14:10:44
TY-014,Дуги/off-road,tuning-offroad,Roll bar (bağaj qövsü),Ролл-бар (дуга в кузове пикапа),baqaj üçün rollbar; roll bar; roll bar bağaj qövsü; rollbar; ролл бар дуга в кузове пикапа; baqaj ucun rollbar; roll bar bagaj qovsu,7,Roll bar (bağaj qövsü); Ролл-бар (дуга в кузове пикапа); baqaj üçün rollbar; roll bar; roll bar bağaj qövsü; rollbar; ролл бар дуга в кузове пикапа; baqaj ucun rollbar; roll bar bagaj qovsu,9,No,No,No,Yes,2026-08-22 12:03:18
TW-001,Дуги/off-road,tuning-offroad,Qoşqu qurğusu,Фаркоп / сцепное устройство,фаркоп устройство; сцепное устройство; qosqu qurgusu; фаркопустройство; сцепноеустройство; qosququrgusu,6,Qoşqu qurğusu; Фаркоп / сцепное устройство; фаркоп сцепное устройство; фаркоп устройство; сцепное устройство; qosqu qurgusu; фаркопустройство; сцепноеустройство; qosququrgusu,9,No,No,No,Yes,2026-07-21 14:10:44
TY-007,Дуги/off-road,tuning-offroad,Snorkel,Шноркель,,0,Snorkel; Шноркель,2,No,No,No,Yes,2026-07-21 14:10:44
KZ-049,Задние фонари,body-taillights,Əlavə stop (üçüncü stop),Дополнительный (третий) стоп-сигнал,третий; üçüncü stop; baqajın üstündəki stop; spoylerdəki stop; yuxarıdakı stop; orta stop; üst stop; arxa üst stop; baqaj stop; третий стоп; верхний стоп; центральный стоп; стоп на спойлере; mərkəzi stop işığı; mərkəzi stopu; mərkəzi işıq; orta stop işığı; baqaj üstü stopu; ucuncu stop; baqajin ustundeki stop; spoylerdeki stop; yuxaridaki stop; ust stop; arxa ust stop; merkezi stop isigi; merkezi stopu; merkezi isiq; orta stop isigi; baqaj ustu stopu; elave stop ucuncu stop; ucuncustop; spoylerdekistop; yuxaridakistop; ortastop; baqajstop; третийстоп; верхнийстоп; центральныйстоп; merkezistopu; merkeziisiq,40,Əlavə stop (üçüncü stop); Дополнительный (третий) стоп-сигнал; əlavə stop üçüncü stop; дополнительный третий стоп сигнал; третий; üçüncü stop; baqajın üstündəki stop; spoylerdəki stop; yuxarıdakı stop; orta stop; üst stop; arxa üst stop; baqaj stop; третий стоп; верхний стоп; центральный стоп; стоп на спойлере; mərkəzi stop işığı; mərkəzi stopu; mərkəzi işıq; orta stop işığı; baqaj üstü stopu; ucuncu stop; baqajin ustundeki stop; spoylerdeki stop; yuxaridaki stop; ust stop; arxa ust stop; merkezi stop isigi; merkezi stopu; merkezi isiq; orta stop isigi; baqaj ustu stopu; elave stop ucuncu stop; ucuncustop; spoylerdekistop; yuxaridakistop; ortastop; baqajstop; третийстоп; верхнийстоп; центральныйстоп; merkezistopu; merkeziisiq,44,No,No,No,Yes,2026-07-21 14:10:44
KZ-007,Задние фонари,body-taillights,Stop (arxa fənər),Задний фонарь,arxa fənər; stop; stop farası; stop işığı; stop lampası; xarici stop işığı; xarici stopu; xarici stop; daxili stop işığı; daxili stopu; stayl stop işığı; style stop farası; baqaj stop işığı; qanad stop işığı; premier stop işığı; baqaj stopu; baqajın stop işığı; qanad stopu; arxa fener; stop farasi; stop isigi; stop lampasi; xarici stop isigi; daxili stop isigi; stayl stop isigi; style stop farasi; baqaj stop isigi; qanad stop isigi; premier stop isigi; baqajin stop isigi; stop arxa fener; arxafener; stopfarasi; stopisigi; stoplampasi; xaricistopu; xaricistop; daxilistopu; baqajstopu; qanadstopu; заднийфонарь,41,Stop (arxa fənər); Задний фонарь; stop arxa fənər; arxa fənər; stop; stop farası; stop işığı; stop lampası; xarici stop işığı; xarici stopu; xarici stop; daxili stop işığı; daxili stopu; stayl stop işığı; style stop farası; baqaj stop işığı; qanad stop işığı; premier stop işığı; baqaj stopu; baqajın stop işığı; qanad stopu; arxa fener; stop farasi; stop isigi; stop lampasi; xarici stop isigi; daxili stop isigi; stayl stop isigi; style stop farasi; baqaj stop isigi; qanad stop isigi; premier stop isigi; baqajin stop isigi; stop arxa fener; arxafener; stopfarasi; stopisigi; stoplampasi; xaricistopu; xaricistop; daxilistopu; baqajstopu; qanadstopu; заднийфонарь,44,Yes,No,No,Yes,2026-07-21 14:10:44
KZ-009,Задние фонари,body-taillights,Reflektor,Катафот/отражатель,bufer əksetdirici işığı; bufer əksetdiricisi; əksetdirici; əksetdirici işığı; əsketdirici; bumper reflektoru; bamper reflektoru; işıq əksetdiricisi; bufer eksetdirici isigi; bufer eksetdiricisi; eksetdirici; eksetdirici isigi; esketdirici; isiq eksetdiricisi; bufereksetdiricisi; eksetdiriciisigi; bumperreflektoru; bamperreflektoru; isiqeksetdiricisi; катафототражатель,20,Reflektor; Катафот/отражатель; катафот отражатель; bufer əksetdirici işığı; bufer əksetdiricisi; əksetdirici; əksetdirici işığı; əsketdirici; bumper reflektoru; bamper reflektoru; işıq əksetdiricisi; bufer eksetdirici isigi; bufer eksetdiricisi; eksetdirici; eksetdirici isigi; esketdirici; isiq eksetdiricisi; bufereksetdiricisi; eksetdiriciisigi; bumperreflektoru; bamperreflektoru; isiqeksetdiricisi; катафототражатель,23,Yes,No,No,Yes,2026-07-21 14:10:44
KZ-063,Задние фонари,body-taillights,Arxa fənərin platası (LED),Плата (светодиодов) заднего фонаря,светодиодов; led; arxa stoplar zbor plata; stop plata; arxa fenerin platasi led; stopplata,6,Arxa fənərin platası (LED); Плата (светодиодов) заднего фонаря; arxa fənərin platası led; плата светодиодов заднего фонаря; светодиодов; led; arxa stoplar zbor plata; stop plata; arxa fenerin platasi led; stopplata,10,Yes,No,No,Yes,2026-07-21 14:10:44
KZ-048,Задние фонари,body-taillights,Stop şüşəsi,Стекло заднего фонаря,stop susesi; stopsusesi,2,Stop şüşəsi; Стекло заднего фонаря; stop susesi; stopsusesi,4,Yes,No,No,Yes,2026-07-21 14:10:44
MU-058,Зажигание (свечи/катушки),engine-ignition,Şam naqili (yüksək gərginlik naqili),Высоковольтный провод (бронепровод),бронепровод; yüksək gərginlik naqili; yuksek gerginlik naqili; sam naqili yuksek gerginlik naqili,4,Şam naqili (yüksək gərginlik naqili); Высоковольтный провод (бронепровод); şam naqili yüksək gərginlik naqili; высоковольтный провод бронепровод; бронепровод; yüksək gərginlik naqili; yuksek gerginlik naqili; sam naqili yuksek gerginlik naqili,8,No,No,No,Yes,2026-07-21 14:10:44
MU-025,Зажигание (свечи/катушки),engine-ignition,Babin (bobin),Катушка зажигания,bobin; alışdırma bobini; babin; alisdirma bobini; alisdirmabobini; babinbobin; катушказажигания,7,Babin (bobin); Катушка зажигания; babin bobin; bobin; alışdırma bobini; babin; alisdirma bobini; alisdirmabobini; babinbobin; катушказажигания,10,No,No,No,Yes,2026-07-21 14:10:44
MU-026,Зажигание (свечи/катушки),engine-ignition,Kalyan (bobin başlığı),Наконечник катушки/колпачок свечи,наконечник катушки свечи; наконечник колпачок свечи; bobin başlığı; bobin müştüyü; bobin basligi; bobin mustuyu; kalyan bobin basligi; bobinbasligi; bobinmustuyu,9,Kalyan (bobin başlığı); Наконечник катушки/колпачок свечи; kalyan bobin başlığı; наконечник катушки колпачок свечи; наконечник катушки свечи; наконечник колпачок свечи; bobin başlığı; bobin müştüyü; bobin basligi; bobin mustuyu; kalyan bobin basligi; bobinbasligi; bobinmustuyu,13,No,No,No,Yes,2026-07-21 14:10:44
MU-054,Зажигание (свечи/катушки),engine-ignition,Qızdırıcı şam,Свеча накала,dizel qızdırıcı şamı; дизельная свеча накала; dizel qizdirici sami; qizdirici sam; qizdiricisam; свечанакала,6,Qızdırıcı şam; Свеча накала; dizel qızdırıcı şamı; дизельная свеча накала; dizel qizdirici sami; qizdirici sam; qizdiricisam; свечанакала,8,No,No,No,Yes,2026-07-21 14:10:44
MU-060,Зажигание (свечи/катушки),engine-ignition,Trambler (alışdırma paylayıcısı),Трамблёр (распределитель зажигания),распределитель зажигания; alışdırma paylayıcısı; alisdirma paylayicisi; trambler alisdirma paylayicisi; распределительзажигания; alisdirmapaylayicisi,6,Trambler (alışdırma paylayıcısı); Трамблёр (распределитель зажигания); trambler alışdırma paylayıcısı; трамблёр распределитель зажигания; распределитель зажигания; alışdırma paylayıcısı; alisdirma paylayicisi; trambler alisdirma paylayicisi; распределительзажигания; alisdirmapaylayicisi,10,No,No,No,Yes,2026-07-21 14:10:44
TK-010,Запаска/докатка,tires-spare,Domkrat,Домкрат,,0,Domkrat; Домкрат,2,No,No,No,Yes,2026-07-21 14:10:44
TK-003,Запаска/докатка,tires-spare,Ehtiyat təkər (zapaska),Запасное колесо,zapaska; ehtiyat teker zapaska; запасноеколесо,3,Ehtiyat təkər (zapaska); Запасное колесо; ehtiyat təkər zapaska; zapaska; ehtiyat teker zapaska; запасноеколесо,6,No,No,No,Yes,2026-07-21 14:10:44
AK-014,Запаска/докатка,tires-spare,Zapas təkər kronşteyni,Кронштейн запасного колеса,zapas teker kronsteyni,1,Zapas təkər kronşteyni; Кронштейн запасного колеса; zapas teker kronsteyni,3,No,No,No,Yes,2026-07-21 14:10:44
TK-011,Запаска/докатка,tires-spare,Təkər təmir dəsti,Ремкомплект для шин,teker temir desti,1,Təkər təmir dəsti; Ремкомплект для шин; teker temir desti,3,No,No,No,Yes,2026-08-25 18:17:22
AK-038,Запаска/докатка,tires-spare,Ehtiyat təkər örtüyü,Чехол запасного колеса,ehtiyat teker ortuyu,1,Ehtiyat təkər örtüyü; Чехол запасного колеса; ehtiyat teker ortuyu,3,No,No,No,Yes,2026-08-25 15:41:27
KZ-020,Зеркала,body-mirrors,Güzgü (yan güzgü),Боковое зеркало,yan güzgü; зеркало; guzgusu; güzgü; yan güzgüsü; güzgü dəsti; tərəf güzgü; yan guzgu; guzgu; yan guzgusu; guzgu desti; teref guzgu; guzgu yan guzgu; yanguzgu; yanguzgusu; guzgudesti; terefguzgu; боковоезеркало,18,Güzgü (yan güzgü); Боковое зеркало; güzgü yan güzgü; yan güzgü; зеркало; guzgusu; güzgü; yan güzgüsü; güzgü dəsti; tərəf güzgü; yan guzgu; guzgu; yan guzgusu; guzgu desti; teref guzgu; guzgu yan guzgu; yanguzgu; yanguzgusu; guzgudesti; terefguzgu; боковоезеркало,21,Yes,No,No,Yes,2026-07-21 14:10:44
KZ-054,Зеркала,body-mirrors,Salon güzgüsü,Зеркало заднего вида салонное,salon guzgusu; salonguzgusu,2,Salon güzgüsü; Зеркало заднего вида салонное; salon guzgusu; salonguzgusu,4,No,No,No,Yes,2026-07-21 14:10:44
KZ-022,Зеркала,body-mirrors,Güzgü korpusu,Корпус зеркала,корпус зеркала; крышка зеркала; güzgü korpusu; güzgü qapağı; guzgunun kriskasi; güzgünün krışkası; güzgü nikeli; güzgü üst plasması; yarasa güzgü qapağı; guzgu korpusu; guzgu qapagi; guzgu nikeli; guzgu ust plasmasi; yarasa guzgu qapagi; корпусзеркала; крышказеркала; guzgukorpusu; guzguqapagi; guzgununkriskasi; guzgunikeli,20,корпус зеркала; крышка зеркала; güzgü korpusu; güzgü qapağı; guzgunun kriskasi; güzgünün krışkası; güzgü nikeli; güzgü üst plasması; yarasa güzgü qapağı; guzgu korpusu; guzgu qapagi; guzgu nikeli; guzgu ust plasmasi; yarasa guzgu qapagi; корпусзеркала; крышказеркала; guzgukorpusu; guzguqapagi; guzgununkriskasi; guzgunikeli,20,Yes,No,No,Yes,2026-07-21 14:10:44
KZ-069,Зеркала,body-mirrors,Güzgüdə povorotnik (təkrarlayıcı),Повторитель поворотника в зеркале,təkrarlayıcı; güzgü dönmə işığı; tekrarlayici; guzgu donme isigi; guzgude povorotnik tekrarlayici,5,Güzgüdə povorotnik (təkrarlayıcı); Повторитель поворотника в зеркале; güzgüdə povorotnik təkrarlayıcı; təkrarlayıcı; güzgü dönmə işığı; tekrarlayici; guzgu donme isigi; guzgude povorotnik tekrarlayici,8,Yes,No,No,Yes,2026-07-21 14:10:44
KZ-021,Зеркала,body-mirrors,Güzgü şüşəsi,Стекло зеркала,güzgü içi; güzgü içligi; güzgünün içi; güzgüsü içi; guzgu ici; guzgu icligi; guzgunun ici; guzgusu ici; guzgu susesi; guzguici; guzguicligi; guzgununici; guzgusuici; guzgususesi; стеклозеркала,15,Güzgü şüşəsi; Стекло зеркала; güzgü içi; güzgü içligi; güzgünün içi; güzgüsü içi; guzgu ici; guzgu icligi; guzgunun ici; guzgusu ici; guzgu susesi; guzguici; guzguicligi; guzgununici; guzgusuici; guzgususesi; стеклозеркала,17,Yes,No,No,Yes,2026-07-21 14:10:44
TR-029,КПП в сборе,transmission-gearbox,Hidrotransformator (torkon),Гидротрансформатор (торкон),торкон; torkon; hidrotransformatortorkon; гидротрансформаторторкон,4,Hidrotransformator (torkon); Гидротрансформатор (торкон); hidrotransformator torkon; гидротрансформатор торкон; торкон; torkon; hidrotransformatortorkon; гидротрансформаторторкон,8,No,No,No,Yes,2026-07-21 14:10:44
TR-028,КПП в сборе,transmission-gearbox,Karopkanın soyutma klapanı,Клапан контура охлаждения коробки передач,karopkanin soyutma klapani,1,Karopkanın soyutma klapanı; Клапан контура охлаждения коробки передач; karopkanin soyutma klapani,3,No,No,No,Yes,2026-07-21 14:10:44
TR-001,КПП в сборе,transmission-gearbox,Sürətlər qutusu,Коробка передач в сборе,mexaniki sürətlər qutusu; mexaniki suretler qutusu; suretler qutusu; suretlerqutusu,4,Sürətlər qutusu; Коробка передач в сборе; mexaniki sürətlər qutusu; mexaniki suretler qutusu; suretler qutusu; suretlerqutusu,6,No,No,No,Yes,2026-07-21 14:10:44
TR-033,КПП в сборе,transmission-gearbox,Karopka borusu (şlanq),Патрубок коробки передач,karopka borusu slanq,1,Karopka borusu (şlanq); Патрубок коробки передач; karopka borusu şlanq; karopka borusu slanq,4,No,No,No,Yes,2026-08-29 16:59:21
TR-027,КПП в сборе,transmission-gearbox,Sürət qutusunun alt pılniki,Пыльник снизу коробки передач,suret qutusunun alt pilniki,1,Sürət qutusunun alt pılniki; Пыльник снизу коробки передач; suret qutusunun alt pilniki,3,No,No,No,Yes,2026-07-21 14:10:44
RG-09,КПП в сборе,transmission-gearbox,Razdatka qutusu,Раздаточная коробка (Transfer case),razdatka; razdatkası; razdatka qutusu; transfer case; transfer qutusu; раздатка; раздаточная коробка; полный привод коробка; razdatkasi; razdatkaqutusu; transfercase; transferqutusu; раздаточнаякоробка,13,Раздаточная коробка (Transfer case); раздаточная коробка transfer case; razdatka; razdatkası; razdatka qutusu; transfer case; transfer qutusu; раздатка; раздаточная коробка; полный привод коробка; razdatkasi; razdatkaqutusu; transfercase; transferqutusu; раздаточнаякоробка,15,No,No,No,Yes,2026-07-28 18:52:39
TR-014,КПП в сборе,transmission-gearbox,Karopka salniki (val salniki),Сальник коробки/полуоси,сальник коробки; сальник полуоси; val salniki; сальниккоробки; сальникполуоси; valsalniki,6,Karopka salniki (val salniki); Сальник коробки/полуоси; karopka salniki val salniki; сальник коробки полуоси; сальник коробки; сальник полуоси; val salniki; сальниккоробки; сальникполуоси; valsalniki,10,No,No,No,Yes,2026-07-21 14:10:44
TR-015,КПП в сборе,transmission-gearbox,Rıçaq (sellektor),Селектор (рычаг переключения передач),рычаг переключения передач; sellektor; ricaq sellektor; ricaqsellektor,4,Rıçaq (sellektor); Селектор (рычаг переключения передач); rıçaq sellektor; селектор рычаг переключения передач; рычаг переключения передач; sellektor; ricaq sellektor; ricaqsellektor,8,No,No,No,Yes,2026-07-21 14:10:44
TR-016,КПП в сборе,transmission-gearbox,Skorus/sürət trosu,Трос переключения передач,skorus trosu; sürət trosu; suret trosu; skorus suret trosu; skorustrosu; surettrosu,6,Skorus/sürət trosu; Трос переключения передач; skorus sürət trosu; skorus trosu; sürət trosu; suret trosu; skorus suret trosu; skorustrosu; surettrosu,9,No,No,No,Yes,2026-07-21 14:10:44
TR-017,КПП в сборе,transmission-gearbox,Friksion (paket disk),Фрикционные диски (пакет АКПП),пакет акпп; paket disk; friksional disk dəsti; friksional disk; friksional disk desti; пакетакпп; paketdisk; friksionaldisk,8,Friksion (paket disk); Фрикционные диски (пакет АКПП); friksion paket disk; фрикционные диски пакет акпп; пакет акпп; paket disk; friksional disk dəsti; friksional disk; friksional disk desti; пакетакпп; paketdisk; friksionaldisk,12,No,No,No,Yes,2026-07-21 14:10:44
TR-019,КПП в сборе,transmission-gearbox,Sürət qutusunun şestərnası,Шестерня КПП,karopka şestərnası; suretler qutusunun selektor qapağı; selektor dekorativ qapaq; karopka sesternasi; suretler qutusunun selektor qapagi; suret qutusunun sesternasi; karopkasesternasi; шестернякпп,8,Sürət qutusunun şestərnası; Шестерня КПП; karopka şestərnası; suretler qutusunun selektor qapağı; selektor dekorativ qapaq; karopka sesternasi; suretler qutusunun selektor qapagi; suret qutusunun sesternasi; karopkasesternasi; шестернякпп,10,No,No,No,Yes,2026-07-21 14:10:44
KZ-026,Капот/крылья/решётка,body-hood,Kapot amortizatoru,Амортизатор/упор капота,амортизатор капота; упор капота; амортизаторкапота; упоркапота; kapotamortizatoru,5,Kapot amortizatoru; Амортизатор/упор капота; амортизатор упор капота; амортизатор капота; упор капота; амортизаторкапота; упоркапота; kapotamortizatoru,8,No,No,No,Yes,2026-07-21 14:10:44
KZ-025,Капот/крылья/решётка,body-hood,Kapot zamoku,Замок капота,kapot kilidi; kapotkilidi; kapotzamoku; замоккапота,4,Kapot zamoku; Замок капота; kapot kilidi; kapotkilidi; kapotzamoku; замоккапота,6,No,No,No,Yes,2026-07-21 14:10:44
KZ-023,Капот/крылья/решётка,body-hood,Kapot,Капот,,0,Kapot; Капот,2,No,No,No,Yes,2026-07-21 14:10:44
KZ-027,Капот/крылья/решётка,body-hood,Krılo (qanad),Крыло,qanad; krlo; krilo; krolya; krıla; kirilolar; kirlolar; sol qabaq qanadaltlığı; kapot şumkasi; kapotun izolyasiyası; krila; sol qabaq qanadaltligi; kapot sumkasi; kapotun izolyasiyasi; krilo qanad; kapotsumkasi; kapotunizolyasiyasi; kriloqanad,18,Krılo (qanad); Крыло; krılo qanad; qanad; krlo; krilo; krolya; krıla; kirilolar; kirlolar; sol qabaq qanadaltlığı; kapot şumkasi; kapotun izolyasiyası; krila; sol qabaq qanadaltligi; kapot sumkasi; kapotun izolyasiyasi; krilo qanad; kapotsumkasi; kapotunizolyasiyasi; kriloqanad,21,Yes,Yes,No,Yes,2026-07-21 14:10:44
KZ-024,Капот/крылья/решётка,body-hood,Kapot petləsi,Петля капота,kapotun petləsi; kapot menteşə; kapotun petlesi; kapot mentese; kapot petlesi; kapotunpetlesi; kapotmentese; kapotpetlesi; петлякапота,9,Kapot petləsi; Петля капота; kapotun petləsi; kapot menteşə; kapotun petlesi; kapot mentese; kapot petlesi; kapotunpetlesi; kapotmentese; kapotpetlesi; петлякапота,11,No,No,No,Yes,2026-07-21 14:10:44
KZ-028,Капот/крылья/решётка,body-hood,Radiator barmaqlığı,Решётка радиатора,alt radiator barmaqlığı; barmaqlıq; nikel barmaqlığı; orta radiator barmaqlığı; radiator orta barmaqlığı; radiator üst barmaqlığı; üst radiator barmaqlığı; radiator barmaqlığı alt; raditor barmaqlığı üst; xrom radiator barmaqlığı; primyer radiator barmaqlığı; alt barmaqlığı; orta barmaqlığı; üst barmaqlıq; paxlava radiator barmaqlığı; işıqlı radiator barmaqlığı; alt radiator barmaqligi; barmaqliq; nikel barmaqligi; orta radiator barmaqligi; radiator orta barmaqligi; radiator ust barmaqligi; ust radiator barmaqligi; radiator barmaqligi alt; raditor barmaqligi ust; xrom radiator barmaqligi; primyer radiator barmaqligi; alt barmaqligi; orta barmaqligi; ust barmaqliq; paxlava radiator barmaqligi; isiqli radiator barmaqligi; radiator barmaqligi; nikelbarmaqligi; altbarmaqligi; ortabarmaqligi; ustbarmaqliq; radiatorbarmaqligi; решёткарадиатора,39,Radiator barmaqlığı; Решётка радиатора; alt radiator barmaqlığı; barmaqlıq; nikel barmaqlığı; orta radiator barmaqlığı; radiator orta barmaqlığı; radiator üst barmaqlığı; üst radiator barmaqlığı; radiator barmaqlığı alt; raditor barmaqlığı üst; xrom radiator barmaqlığı; primyer radiator barmaqlığı; alt barmaqlığı; orta barmaqlığı; üst barmaqlıq; paxlava radiator barmaqlığı; işıqlı radiator barmaqlığı; alt radiator barmaqligi; barmaqliq; nikel barmaqligi; orta radiator barmaqligi; radiator orta barmaqligi; radiator ust barmaqligi; ust radiator barmaqligi; radiator barmaqligi alt; raditor barmaqligi ust; xrom radiator barmaqligi; primyer radiator barmaqligi; alt barmaqligi; orta barmaqligi; ust barmaqliq; paxlava radiator barmaqligi; isiqli radiator barmaqligi; radiator barmaqligi; nikelbarmaqligi; altbarmaqligi; ortabarmaqligi; ustbarmaqliq; radiatorbarmaqligi; решёткарадиатора,41,No,No,No,Yes,2026-07-21 14:10:44
KZ-052,Капот/крылья/решётка,body-hood,Kapot/baqaj açma trosu,Тросик открывания капота/багажника,тросик открывания багажника; тросик открывания капота; kapot açma trosu; baqaj açma trosu; kapot açanı; kapot baqaj trosu; kapot trosu; qapı trosu; kapot acma trosu; baqaj acma trosu; kapot acani; qapi trosu; kapot baqaj acma trosu; kapotacani; kapottrosu; qapitrosu,16,Kapot/baqaj açma trosu; Тросик открывания капота/багажника; kapot baqaj açma trosu; тросик открывания капота багажника; тросик открывания багажника; тросик открывания капота; kapot açma trosu; baqaj açma trosu; kapot açanı; kapot baqaj trosu; kapot trosu; qapı trosu; kapot acma trosu; baqaj acma trosu; kapot acani; qapi trosu; kapot baqaj acma trosu; kapotacani; kapottrosu; qapitrosu,20,No,No,No,Yes,2026-07-21 14:10:44
KZ-084,Капот/крылья/решётка,body-hood,Kapot rezini,Уплотнитель капота,kapot kipgəci; kapotun rezini; kapot kipgeci; kapotkipgeci; kapotunrezini; kapotrezini; уплотнителькапота,7,Kapot rezini; Уплотнитель капота; kapot kipgəci; kapotun rezini; kapot kipgeci; kapotkipgeci; kapotunrezini; kapotrezini; уплотнителькапота,9,No,No,No,Yes,2026-08-22 12:03:18
KZ-077,Капот/крылья/решётка,body-hood,Kapot üzlüyü (izolyasiya),Шумоизоляция/обивка капота,kapot izolyasiyası; kapot üzlüyü; kapot üzlüyü izolyasiya; шумоизоляция обивка капота; kapot izolyasiyasi; kapot uzluyu; kapot uzluyu izolyasiya; kapotizolyasiyasi; kapotuzluyu,9,Kapot üzlüyü (izolyasiya); Шумоизоляция/обивка капота; kapot izolyasiyası; kapot üzlüyü; kapot üzlüyü izolyasiya; шумоизоляция обивка капота; kapot izolyasiyasi; kapot uzluyu; kapot uzluyu izolyasiya; kapotizolyasiyasi; kapotuzluyu,11,No,No,No,Yes,2026-08-22 12:03:18
TR-012,Кардан/опоры КПП,transmission-driveline,Kardan (ötürücü kardan valı),Карданный вал,Kardan (ötürücü val); ötürücü kardan valı; kardan; kardan oturucu val; oturucu kardan vali; kardan oturucu kardan vali; карданныйвал,7,Kardan (ötürücü kardan valı); Карданный вал; kardan ötürücü kardan valı; kardan ötürücü val; Kardan (ötürücü val); ötürücü kardan valı; kardan; kardan oturucu val; oturucu kardan vali; kardan oturucu kardan vali; карданныйвал,11,No,No,No,Yes,2026-07-21 14:10:44
TR-021,Кардан/опоры КПП,transmission-driveline,Kardan krestovinası,Крестовина карданного вала,kardan krestovinasi; kardankrestovinasi,2,Kardan krestovinası; Крестовина карданного вала; kardan krestovinasi; kardankrestovinasi,4,No,No,No,Yes,2026-07-21 14:10:44
TR-022,Кардан/опоры КПП,transmission-driveline,Kardan valının yastığı (podvesnoy yastıq),Подвесной подшипник карданного вала,Kardan valının yastığı (podvesnoy); podvesnoy yastıq; valın aralıq dayağı; valın aralıq dayağı podvesnoy; padrisnoy; padrisnoyu; kardanın padrisnoyu; ara dayagı; ara dayaq; kardan ara dayagı; padşipnik kardan; kardanın padşipniki; kardan valinin yastigi podvesnoy; podvesnoy yastiq; valin araliq dayagi; valin araliq dayagi podvesnoy; kardanin padrisnoyu; ara dayagi; kardan ara dayagi; padsipnik kardan; kardanin padsipniki; kardan valinin yastigi podvesnoy yastiq; podvesnoyyastiq; kardaninpadrisnoyu; aradayagi; aradayaq; padsipnikkardan; kardaninpadsipniki,28,Kardan valının yastığı (podvesnoy yastıq); Подвесной подшипник карданного вала; kardan valının yastığı podvesnoy yastıq; kardan valının yastığı podvesnoy; Kardan valının yastığı (podvesnoy); podvesnoy yastıq; valın aralıq dayağı; valın aralıq dayağı podvesnoy; padrisnoy; padrisnoyu; kardanın padrisnoyu; ara dayagı; ara dayaq; kardan ara dayagı; padşipnik kardan; kardanın padşipniki; kardan valinin yastigi podvesnoy; podvesnoy yastiq; valin araliq dayagi; valin araliq dayagi podvesnoy; kardanin padrisnoyu; ara dayagi; kardan ara dayagi; padsipnik kardan; kardanin padsipniki; kardan valinin yastigi podvesnoy yastiq; podvesnoyyastiq; kardaninpadrisnoyu; aradayagi; aradayaq; padsipnikkardan; kardaninpadsipniki,32,No,No,No,Yes,2026-07-21 14:10:44
TR-011,Кардан/опоры КПП,transmission-driveline,Bublik (flanets),Фланец (карданный/приводной),карданный; карданный приводной; приводной; flanets; карданныйприводной; bublikflanets,6,Bublik (flanets); Фланец (карданный/приводной); bublik flanets; фланец карданный приводной; карданный; карданный приводной; приводной; flanets; карданныйприводной; bublikflanets,10,No,No,No,Yes,2026-07-21 14:10:44
TR-013,Кардан/опоры КПП,transmission-driveline,Elastik mufta,Эластичная муфта (гибкая связь карданного вала),гибкая связь карданного вала; elastik muftası; elastik muftasi; elastikmuftasi; elastikmufta,5,Elastik mufta; Эластичная муфта (гибкая связь карданного вала); эластичная муфта гибкая связь карданного вала; гибкая связь карданного вала; elastik muftası; elastik muftasi; elastikmuftasi; elastikmufta,8,No,No,No,Yes,2026-07-21 14:10:44
EG-001,Катализатор,exhaust-catalyst,Katalizator,Катализатор,,0,Katalizator; Катализатор,2,Yes,No,No,Yes,2026-07-21 14:10:44
KZ-037,Коврики/дефлекторы/дворники,interior-mats-wipers,Deflektor (vetrovik),Дефлектор/ветровик,vetrovik; küləklik; qapı küləkliyi; kuleklik; qapi kulekliyi; qapikulekliyi; deflektorvetrovik; дефлекторветровик,8,Deflektor (vetrovik); Дефлектор/ветровик; deflektor vetrovik; дефлектор ветровик; vetrovik; küləklik; qapı küləkliyi; kuleklik; qapi kulekliyi; qapikulekliyi; deflektorvetrovik; дефлекторветровик,12,Yes,No,No,Yes,2026-07-21 14:10:44
AK-001,Коврики/дефлекторы/дворники,interior-mats-wipers,Ayaqaltı (kovrik),Коврик салона,kovrik; ayaqaltı; ayaqaltı dəsti; ayaqaltı rezini; ayaqalti; ayaqalti desti; ayaqalti rezini; ayaqalti kovrik; ayaqaltidesti; ayaqaltirezini; ayaqaltikovrik; ковриксалона,12,Ayaqaltı (kovrik); Коврик салона; ayaqaltı kovrik; kovrik; ayaqaltı; ayaqaltı dəsti; ayaqaltı rezini; ayaqalti; ayaqalti desti; ayaqalti rezini; ayaqalti kovrik; ayaqaltidesti; ayaqaltirezini; ayaqaltikovrik; ковриксалона,15,Yes,Yes,No,Yes,2026-07-21 14:10:44
AK-005,Коврики/дефлекторы/дворники,interior-mats-wipers,Baqaj xalçası/keçəsi,Коврик/подстилка багажника,коврик багажника; подстилка багажника; baqaj keçəsi; baqaj xalçası; baqaj kecesi; baqaj xalcasi; baqaj xalcasi kecesi; коврикбагажника; подстилкабагажника; baqajkecesi; baqajxalcasi,11,Baqaj xalçası/keçəsi; Коврик/подстилка багажника; baqaj xalçası keçəsi; коврик подстилка багажника; коврик багажника; подстилка багажника; baqaj keçəsi; baqaj xalçası; baqaj kecesi; baqaj xalcasi; baqaj xalcasi kecesi; коврикбагажника; подстилкабагажника; baqajkecesi; baqajxalcasi,15,No,No,No,Yes,2026-07-21 14:10:44
AK-034,Коврики/дефлекторы/дворники,interior-mats-wipers,Salon kovrolini (döşəmə örtüyü),Ковролин салона (напольное покрытие),напольное покрытие; döşəmə örtüyü; doseme ortuyu; salon kovrolini doseme ortuyu; напольноепокрытие; dosemeortuyu,6,Salon kovrolini (döşəmə örtüyü); Ковролин салона (напольное покрытие); salon kovrolini döşəmə örtüyü; ковролин салона напольное покрытие; напольное покрытие; döşəmə örtüyü; doseme ortuyu; salon kovrolini doseme ortuyu; напольноепокрытие; dosemeortuyu,10,No,No,No,Yes,2026-07-21 14:10:44
AK-010,Коврики/дефлекторы/дворники,interior-mats-wipers,Şüşə silən (əl/pərdə),Щётка стеклоочистителя,pərdə; əl; əl pərdə; fırça dəsti; şüşə silən fırçaların rezini; şüşə siləcəgi; ayaqaltı ətir; kandsaner ətir; sportun palisleri; palis; sag silecek rezini; silecek rezini; deflektor tenzımleyıcı; perde; el; el perde; firca desti; suse silen fircalarin rezini; suse silecegi; ayaqalti etir; kandsaner etir; deflektor tenzimleyici; suse silen el perde; fircadesti; susesilecegi; ayaqaltietir; kandsaneretir; sportunpalisleri; silecekrezini; deflektortenzimleyici; щёткастеклоочистителя,31,Şüşə silən (əl/pərdə); Щётка стеклоочистителя; şüşə silən əl pərdə; pərdə; əl; əl pərdə; fırça dəsti; şüşə silən fırçaların rezini; şüşə siləcəgi; ayaqaltı ətir; kandsaner ətir; sportun palisleri; palis; sag silecek rezini; silecek rezini; deflektor tenzımleyıcı; perde; el; el perde; firca desti; suse silen fircalarin rezini; suse silecegi; ayaqalti etir; kandsaner etir; deflektor tenzimleyici; suse silen el perde; fircadesti; susesilecegi; ayaqaltietir; kandsaneretir; sportunpalisleri; silecekrezini; deflektortenzimleyici; щёткастеклоочистителя,34,No,Yes,No,Yes,2026-07-21 14:10:44
EY-001,Колодки,brakes-pads,Naklatka (əyləc bəndi),Тормозная колодка,əyləc bəndi; nakladka; наклатка; əyləc üzlüyü; ruçnoy naklatka; ruçnoyun naklatkaları; əl əyləc bəndi; əl əyləcin bəndləri; ручник колодки; колодки ручника; eylec bendi; eylec uzluyu; rucnoy naklatka; rucnoyun naklatkalari; el eylec bendi; el eylecin bendleri; naklatka eylec bendi; eylecbendi; eylecuzluyu; rucnoynaklatka; rucnoyunnaklatkalari; ручникколодки; колодкиручника; тормознаяколодка,24,Naklatka (əyləc bəndi); Тормозная колодка; naklatka əyləc bəndi; əyləc bəndi; nakladka; наклатка; əyləc üzlüyü; ruçnoy naklatka; ruçnoyun naklatkaları; əl əyləc bəndi; əl əyləcin bəndləri; ручник колодки; колодки ручника; eylec bendi; eylec uzluyu; rucnoy naklatka; rucnoyun naklatkalari; el eylec bendi; el eylecin bendleri; naklatka eylec bendi; eylecbendi; eylecuzluyu; rucnoynaklatka; rucnoyunnaklatkalari; ручникколодки; колодкиручника; тормознаяколодка,27,No,Yes,No,Yes,2026-07-21 14:10:44
TK-004,Колпачки/крышки,tires-caps,Disk kalpağı,Колпак диска,disk qapağı; disk qapaqları; disk qapagi; disk qapaqlari; disk kalpagi; diskqapagi; diskqapaqlari; diskkalpagi; колпакдиска,9,Disk kalpağı; Колпак диска; disk qapağı; disk qapaqları; disk qapagi; disk qapaqlari; disk kalpagi; diskqapagi; diskqapaqlari; diskkalpagi; колпакдиска,11,No,No,No,Yes,2026-07-21 14:10:44
AK-024,Колпачки/крышки,tires-caps,Təkər kolpakı,Колпак колёсный (декоративный),декоративный; teker kolpaki; tekerkolpaki,3,Təkər kolpakı; Колпак колёсный (декоративный); колпак колёсный декоративный; декоративный; teker kolpaki; tekerkolpaki,6,No,No,No,Yes,2026-07-21 14:10:44
SO-012,Компрессор,climate-compressor,Kondisioner kompressoru,Компрессор кондиционера,kompressor; kandisaner kompressoru; kandisoner kampressoru; kondisaner kompressor; kandisaner kompressor; kompressoru; kandisanerkompressoru; kandisonerkampressoru; kondisanerkompressor; kandisanerkompressor; kondisionerkompressoru; компрессоркондиционера,12,Kondisioner kompressoru; Компрессор кондиционера; kompressor; kandisaner kompressoru; kandisoner kampressoru; kondisaner kompressor; kandisaner kompressor; kompressoru; kandisanerkompressoru; kandisonerkampressoru; kondisanerkompressor; kandisanerkompressor; kondisionerkompressoru; компрессоркондиционера,14,No,No,No,Yes,2026-07-21 14:10:44
SO-036,Компрессор,climate-compressor,Kondisioner kompressorunun kronşteyni,Кронштейн компрессора кондиционера,kompressor kronşteyni; kondisioner kompressoru kronşteyni; кронштейн компрессора; кронштейн компрессора кондиционера; kompressor kronsteyni; kondisioner kompressoru kronsteyni; kondisioner kompressorunun kronsteyni; kompressorkronsteyni; кронштейнкомпрессора,9,Kondisioner kompressorunun kronşteyni; kompressor kronşteyni; kondisioner kompressoru kronşteyni; кронштейн компрессора; кронштейн компрессора кондиционера; kompressor kronsteyni; kondisioner kompressoru kronsteyni; kondisioner kompressorunun kronsteyni; kompressorkronsteyni; кронштейнкомпрессора,10,No,No,No,Yes,2026-08-25 15:32:09
SO-033,Компрессор,climate-compressor,Kompressor muftası (maqnit),Муфта компрессора кондиционера,kompressor muftası; kompressorun maqniti; kompressorun muftası; kompressorun mufta puskateli; муфта компрессора; kompressor muftasi; kompressorun muftasi; kompressor muftasi maqnit; kompressormuftasi; kompressorunmaqniti; kompressorunmuftasi; муфтакомпрессора,12,Kompressor muftası (maqnit); Муфта компрессора кондиционера; kompressor muftası maqnit; kompressor muftası; kompressorun maqniti; kompressorun muftası; kompressorun mufta puskateli; муфта компрессора; kompressor muftasi; kompressorun muftasi; kompressor muftasi maqnit; kompressormuftasi; kompressorunmaqniti; kompressorunmuftasi; муфтакомпрессора,15,No,No,No,Yes,2026-08-22 12:15:42
AK-035,Компрессор,climate-compressor,Kondisioner kompressorunun yastığı,Подшипник компрессора кондиционера,kondisioner kompressorunun yastigi,1,Kondisioner kompressorunun yastığı; Подшипник компрессора кондиционера; kondisioner kompressorunun yastigi,3,No,No,No,Yes,2026-08-22 12:03:18
EG-002,Лямбда/датчик,exhaust-lambda,Katalizator/oksigen datçiki (lambda zond),Датчик катализатора / кислородный датчик (лямбда-зонд),датчик катализатора датчик; датчик кислородный датчик; лямбда зонд; katalizator datçiki; lambda zond; oksigen datçiki; katalizator sensoru; katalizator datciki; oksigen datciki; katalizator oksigen datciki lambda zond; лямбдазонд; katalizatordatciki; lambdazond; oksigendatciki; katalizatorsensoru,15,Katalizator/oksigen datçiki (lambda zond); Датчик катализатора / кислородный датчик (лямбда-зонд); katalizator oksigen datçiki lambda zond; датчик катализатора кислородный датчик лямбда зонд; датчик катализатора датчик; датчик кислородный датчик; лямбда зонд; katalizator datçiki; lambda zond; oksigen datçiki; katalizator sensoru; katalizator datciki; oksigen datciki; katalizator oksigen datciki lambda zond; лямбдазонд; katalizatordatciki; lambdazond; oksigendatciki; katalizatorsensoru,19,Yes,Yes,Yes,Yes,2026-07-21 14:10:44
SR-001,Моторное масло,consumables-motor-oil,Mühərrik yağı,Моторное масло,shell helix; helix hx8; miquin 5w30; miquin yağ; miquin yag; muherrik yagi; shellhelix; helixhx8; miquin5w30; miquinyag; muherrikyagi; моторноемасло,12,Mühərrik yağı; Моторное масло; shell helix; helix hx8; miquin 5w30; miquin yağ; miquin yag; muherrik yagi; shellhelix; helixhx8; miquin5w30; miquinyag; muherrikyagi; моторноемасло,14,No,No,No,Yes,2026-07-21 14:10:44
EL-004,Моторы стёкол/люка/зеркал,electrical-motors,Qapı zamoku aktuatoru (mərkəzi kilid),Активатор замка (центральный замок),центральный замок; mərkəzi kilid; merkezi kilid; qapi zamoku aktuatoru merkezi kilid; центральныйзамок; merkezikilid,6,Qapı zamoku aktuatoru (mərkəzi kilid); Активатор замка (центральный замок); qapı zamoku aktuatoru mərkəzi kilid; активатор замка центральный замок; центральный замок; mərkəzi kilid; merkezi kilid; qapi zamoku aktuatoru merkezi kilid; центральныйзамок; merkezikilid,10,Yes,No,No,Yes,2026-07-21 14:10:44
EL-021,Моторы стёкол/люка/зеркал,electrical-motors,Baqaj/yanacaq qapağı aktuatoru (prisos),Актуатор багажника/лючка бензобака,актуатор багажника бензобака; актуатор лючка бензобака; baqaj qapağı aktuatoru; prisos; yanacaq qapağı aktuatoru; baqaj qapagi aktuatoru; yanacaq qapagi aktuatoru; baqaj yanacaq qapagi aktuatoru prisos,8,Baqaj/yanacaq qapağı aktuatoru (prisos); Актуатор багажника/лючка бензобака; baqaj yanacaq qapağı aktuatoru prisos; актуатор багажника лючка бензобака; актуатор багажника бензобака; актуатор лючка бензобака; baqaj qapağı aktuatoru; prisos; yanacaq qapağı aktuatoru; baqaj qapagi aktuatoru; yanacaq qapagi aktuatoru; baqaj yanacaq qapagi aktuatoru prisos,12,No,No,No,Yes,2026-07-21 14:10:44
EL-057,Моторы стёкол/люка/зеркал,electrical-motors,Yuyucu su baçoku,Бачок омывателя стекла,su vuran çəni; su vuran ceni; yuyucu su bacoku,3,Yuyucu su baçoku; Бачок омывателя стекла; su vuran çəni; su vuran ceni; yuyucu su bacoku,5,No,No,No,Yes,2026-07-21 14:10:44
EL-022,Моторы стёкол/люка/зеркал,electrical-motors,Baqaj/yanacaq açma düyməsi,Кнопка открытия багажника/лючка,кнопка открытия багажника; кнопка открытия лючка; baqaj açma düyməsi; yanacaq açma düyməsi; baqaj düyməsi; baqaj acma duymesi; yanacaq acma duymesi; baqaj duymesi; baqaj yanacaq acma duymesi; baqajduymesi,10,Baqaj/yanacaq açma düyməsi; Кнопка открытия багажника/лючка; baqaj yanacaq açma düyməsi; кнопка открытия багажника лючка; кнопка открытия багажника; кнопка открытия лючка; baqaj açma düyməsi; yanacaq açma düyməsi; baqaj düyməsi; baqaj acma duymesi; yanacaq acma duymesi; baqaj duymesi; baqaj yanacaq acma duymesi; baqajduymesi,14,No,No,No,Yes,2026-07-21 14:10:44
EL-048,Моторы стёкол/люка/зеркал,electrical-motors,Güzgü tənzimləmə düyməsi,Кнопка регулировки зеркал,güzgü idarəedicisi; guzgu idareedicisi; guzgu tenzimleme duymesi; guzguidareedicisi,4,Güzgü tənzimləmə düyməsi; Кнопка регулировки зеркал; güzgü idarəedicisi; guzgu idareedicisi; guzgu tenzimleme duymesi; guzguidareedicisi,6,No,No,No,Yes,2026-07-21 14:10:44
EL-003,Моторы стёкол/люка/зеркал,electrical-motors,Şüşəqaldıran düyməsi/blok,Кнопка/блок стеклоподъёмника,кнопка стеклоподъёмника; блок стеклоподъёмника; şüşəqaldıran blok; şüşəqaldıran düyməsi; şüşə qaldıran düymə bloku; şüşəqaldıran düymə bloku; şüşə qaldıran bloku; şüşə qaldıran knopka bloku; şüşə ayna qaldıran düymə bloku; şüşə qaldıranın düymə bloku; şüşə qaldıran düyməsi; şüşə qaldıran blok; suseqaldiran blok; suseqaldiran duymesi; suse qaldiran duyme bloku; suseqaldiran duyme bloku; suse qaldiran bloku; suse qaldiran knopka bloku; suse ayna qaldiran duyme bloku; suse qaldiranin duyme bloku; suse qaldiran duymesi; suse qaldiran blok; suseqaldiran duymesi blok; кнопкастеклоподъёмника; блокстеклоподъёмника; suseqaldiranblok; suseqaldiranduymesi,27,Şüşəqaldıran düyməsi/blok; Кнопка/блок стеклоподъёмника; şüşəqaldıran düyməsi blok; кнопка блок стеклоподъёмника; кнопка стеклоподъёмника; блок стеклоподъёмника; şüşəqaldıran blok; şüşəqaldıran düyməsi; şüşə qaldıran düymə bloku; şüşəqaldıran düymə bloku; şüşə qaldıran bloku; şüşə qaldıran knopka bloku; şüşə ayna qaldıran düymə bloku; şüşə qaldıranın düymə bloku; şüşə qaldıran düyməsi; şüşə qaldıran blok; suseqaldiran blok; suseqaldiran duymesi; suse qaldiran duyme bloku; suseqaldiran duyme bloku; suse qaldiran bloku; suse qaldiran knopka bloku; suse ayna qaldiran duyme bloku; suse qaldiranin duyme bloku; suse qaldiran duymesi; suse qaldiran blok; suseqaldiran duymesi blok; кнопкастеклоподъёмника; блокстеклоподъёмника; suseqaldiranblok; suseqaldiranduymesi,31,Yes,Yes,No,Yes,2026-07-21 14:10:44
EL-005,Моторы стёкол/люка/зеркал,electrical-motors,Güzgü matoru,Мотор зеркала,qatlanan; guzgu matoru; guzgumatoru; моторзеркала,4,Güzgü matoru; Мотор зеркала; qatlanan; guzgu matoru; guzgumatoru; моторзеркала,6,Yes,Yes,No,Yes,2026-07-21 14:10:44
EL-034,Моторы стёкол/люка/зеркал,electrical-motors,Lyuk matoru,Мотор люка,lyukmatoru; моторлюка,2,Lyuk matoru; Мотор люка; lyukmatoru; моторлюка,4,No,No,No,Yes,2026-07-21 14:10:44
EL-058,Моторы стёкол/люка/зеркал,electrical-motors,Güzgü qatlama motoru,Мотор складывания бокового зеркала,guzgu qatlama motoru,1,Güzgü qatlama motoru; Мотор складывания бокового зеркала; guzgu qatlama motoru,3,Yes,No,No,Yes,2026-07-21 14:10:44
EL-001,Моторы стёкол/люка/зеркал,electrical-motors,Şüşəqaldıran motoru,Мотор стеклоподъёмника,suseqaldiran motoru; suseqaldiranmotoru; моторстеклоподъёмника,3,Şüşəqaldıran motoru; Мотор стеклоподъёмника; suseqaldiran motoru; suseqaldiranmotoru; моторстеклоподъёмника,5,Yes,Yes,No,Yes,2026-07-21 14:10:44
EL-077,Моторы стёкол/люка/зеркал,electrical-motors,Lyuk pərdəsinin motoru,Мотор шторки люка,lyuk pərdəsinin motoru; lyukun pərdəsinin motoru; мотор шторки люка; lyuk pərdə motoru; lyuk perdesinin motoru; lyukun perdesinin motoru; lyuk perde motoru,7,lyuk pərdəsinin motoru; lyukun pərdəsinin motoru; мотор шторки люка; lyuk pərdə motoru; lyuk perdesinin motoru; lyukun perdesinin motoru; lyuk perde motoru,7,No,No,No,Yes,2026-08-22 12:15:42
EL-041,Моторы стёкол/люка/зеркал,electrical-motors,Qapı kilid mühərriyi,Моторчик замка двери (привод ЦЗ),привод цз; qapi kilid muherriyi; приводцз,3,Qapı kilid mühərriyi; Моторчик замка двери (привод ЦЗ); моторчик замка двери привод цз; привод цз; qapi kilid muherriyi; приводцз,6,Yes,Yes,No,Yes,2026-07-21 14:10:44
EL-042,Моторы стёкол/люка/зеркал,electrical-motors,Kapot kilid mühərriyi,Моторчик замка капота,kapot kilid muherriyi,1,Kapot kilid mühərriyi; Моторчик замка капота; kapot kilid muherriyi,3,No,No,No,Yes,2026-07-21 14:10:44
EL-054,Моторы стёкол/люка/зеркал,electrical-motors,Yuyucu motoru (omıvatel),Моторчик омывателя стёкол,omıvatel; omivatel; yuyucu motoru omivatel,3,Yuyucu motoru (omıvatel); Моторчик омывателя стёкол; yuyucu motoru omıvatel; omıvatel; omivatel; yuyucu motoru omivatel,6,No,No,No,Yes,2026-07-21 14:10:44
EL-072,Моторы стёкол/люка/зеркал,electrical-motors,Şüşə silənin motoru (dvornik motoru),Моторчик стеклоочистителя (дворников),дворников; dvornik motoru; şüşə silən mühərriki; suse silen muherriki; suse silenin motoru dvornik motoru; dvornikmotoru,6,Şüşə silənin motoru (dvornik motoru); Моторчик стеклоочистителя (дворников); şüşə silənin motoru dvornik motoru; моторчик стеклоочистителя дворников; дворников; dvornik motoru; şüşə silən mühərriki; suse silen muherriki; suse silenin motoru dvornik motoru; dvornikmotoru,10,No,No,No,Yes,2026-07-21 14:10:44
EL-043,Моторы стёкол/люка/зеркал,electrical-motors,Sükan kilid motoru,Моторчик/привод замка руля (электронный),моторчик замка руля; привод замка руля; электронный; sukan kilid motoru,4,Sükan kilid motoru; Моторчик/привод замка руля (электронный); моторчик привод замка руля электронный; моторчик замка руля; привод замка руля; электронный; sukan kilid motoru,7,No,No,No,Yes,2026-07-21 14:10:44
EL-002,Моторы стёкол/люка/зеркал,electrical-motors,Şüşəqaldıran mexanizmi,Стеклоподъёмник в сборе,pencere padyomniki; pəncərələrin padyomniki; pencerelerin padyomniki; xrom şüşə qaldıran; xrom suse qaldiran; suseqaldiran mexanizmi; pencerepadyomniki; pencerelerinpadyomniki; suseqaldiranmexanizmi,9,Şüşəqaldıran mexanizmi; Стеклоподъёмник в сборе; pencere padyomniki; pəncərələrin padyomniki; pencerelerin padyomniki; xrom şüşə qaldıran; xrom suse qaldiran; suseqaldiran mexanizmi; pencerepadyomniki; pencerelerinpadyomniki; suseqaldiranmexanizmi,11,Yes,Yes,No,Yes,2026-07-21 14:10:44
EL-071,Моторы стёкол/люка/зеркал,electrical-motors,Yuyucu forsunkası (jikler),Форсунка омывателя (жиклёр),жиклёр; jikler; yuyucu forsunkasi jikler,3,Yuyucu forsunkası (jikler); Форсунка омывателя (жиклёр); yuyucu forsunkası jikler; форсунка омывателя жиклёр; жиклёр; jikler; yuyucu forsunkasi jikler,7,Yes,No,No,Yes,2026-07-21 14:10:44
AU-008,Мультимедиа/акустика,acoustics,USB/CarPlay modulu (port),USB-порт / модуль CarPlay,usb порт carplay; модуль carplay; carplay modulu; usb modulu; port; модульcarplay; carplaymodulu; usbmodulu,8,USB/CarPlay modulu (port); USB-порт / модуль CarPlay; usb carplay modulu port; usb порт модуль carplay; usb порт carplay; модуль carplay; carplay modulu; usb modulu; port; модульcarplay; carplaymodulu; usbmodulu,12,No,No,No,Yes,2026-07-21 14:10:44
AK-031,Мультимедиа/акустика,acoustics,Avtomobil antenası,Автомобильная антенна,avtomobil antenasi; avtomobilantenasi; автомобильнаяантенна,3,Avtomobil antenası; Автомобильная антенна; avtomobil antenasi; avtomobilantenasi; автомобильнаяантенна,5,No,No,No,Yes,2026-07-21 14:10:44
EL-036,Мультимедиа/акустика,acoustics,Bort kompüter,Бортовой компьютер,bort komputer; bortkomputer; бортовойкомпьютер,3,Bort kompüter; Бортовой компьютер; bort komputer; bortkomputer; бортовойкомпьютер,5,No,No,No,Yes,2026-07-21 14:10:44
AK-027,Мультимедиа/акустика,acoustics,Video registrator,Видеорегистратор,videoregistrator,1,Video registrator; Видеорегистратор; videoregistrator,3,No,No,No,Yes,2026-07-21 14:10:44
AU-001,Мультимедиа/акустика,acoustics,Kalonka (dinamik),Колонка/динамик,dinamik; kalonka; qapi kalonkasi; qapı kalonkası; ön qapı kalonkası; monitor dəsti; sol tweeter dinamiki; tweeter dinamik; on qapi kalonkasi; monitor desti; qapikalonkasi; monitordesti; tweeterdinamik; kalonkadinamik; колонкадинамик,15,Kalonka (dinamik); Колонка/динамик; kalonka dinamik; колонка динамик; dinamik; kalonka; qapi kalonkasi; qapı kalonkası; ön qapı kalonkası; monitor dəsti; sol tweeter dinamiki; tweeter dinamik; on qapi kalonkasi; monitor desti; qapikalonkasi; monitordesti; tweeterdinamik; kalonkadinamik; колонкадинамик,19,No,No,No,Yes,2026-07-21 14:10:44
AU-003,Мультимедиа/акустика,acoustics,Maqnitafon (baş qurğu),Магнитола (головное устройство),головное устройство; baş qurğu; zavod maqnitafon; maqnitafon; bas qurgu; maqnitafon bas qurgu; головноеустройство; basqurgu; zavodmaqnitafon,9,Maqnitafon (baş qurğu); Магнитола (головное устройство); maqnitafon baş qurğu; магнитола головное устройство; головное устройство; baş qurğu; zavod maqnitafon; maqnitafon; bas qurgu; maqnitafon bas qurgu; головноеустройство; basqurgu; zavodmaqnitafon,13,No,No,No,Yes,2026-07-21 14:10:44
AU-005,Мультимедиа/акустика,acoustics,Midbass (dinamik növü),Мидбас (тип динамика),тип динамика; dinamik növü; dinamik novu; midbass dinamik novu; типдинамика; dinamiknovu,6,Midbass (dinamik növü); Мидбас (тип динамика); midbass dinamik növü; мидбас тип динамика; тип динамика; dinamik növü; dinamik novu; midbass dinamik novu; типдинамика; dinamiknovu,10,No,No,No,Yes,2026-07-21 14:10:44
EL-023,Мультимедиа/акустика,acoustics,Manitor (multimedia ekranı),Мультимедийный экран,multimedia ekranı; monitor; ekran; multimedia ekrani; manitor multimedia ekrani; multimediaekrani; мультимедийныйэкран,7,Manitor (multimedia ekranı); Мультимедийный экран; manitor multimedia ekranı; multimedia ekranı; monitor; ekran; multimedia ekrani; manitor multimedia ekrani; multimediaekrani; мультимедийныйэкран,10,No,No,No,Yes,2026-07-21 14:10:44
AU-007,Мультимедиа/акустика,acoustics,Radio panel (çərçivə),Накладка/рамка под магнитолу-монитор,накладка под магнитолу монитор; рамка под магнитолу монитор; çərçivə; cercive; radio panel cercive,5,Radio panel (çərçivə); Накладка/рамка под магнитолу-монитор; radio panel çərçivə; накладка рамка под магнитолу монитор; накладка под магнитолу монитор; рамка под магнитолу монитор; çərçivə; cercive; radio panel cercive,9,No,No,No,Yes,2026-07-21 14:10:44
EL-038,Мультимедиа/акустика,acoustics,Cihazlar paneli (şit),Панель приборов (щиток),щиток; şit; sürət paneli; şit qapağı; cihazlar paneli; ekran paneli; panel ekranı; sürətlər paneli; sit; suret paneli; sit qapagi; panel ekrani; suretler paneli; cihazlar paneli sit; suretpaneli; sitqapagi; cihazlarpaneli; ekranpaneli; panelekrani; suretlerpaneli,20,Cihazlar paneli (şit); Панель приборов (щиток); cihazlar paneli şit; панель приборов щиток; щиток; şit; sürət paneli; şit qapağı; cihazlar paneli; ekran paneli; panel ekranı; sürətlər paneli; sit; suret paneli; sit qapagi; panel ekrani; suretler paneli; cihazlar paneli sit; suretpaneli; sitqapagi; cihazlarpaneli; ekranpaneli; panelekrani; suretlerpaneli,24,No,No,No,Yes,2026-07-21 14:10:44
AU-004,Мультимедиа/акустика,acoustics,Manitorun çərçivəsi (montaj),Рамка для установки монитора,montaj; monitor qoruyucusu; manitorun cercivesi montaj; monitorqoruyucusu,4,Manitorun çərçivəsi (montaj); Рамка для установки монитора; manitorun çərçivəsi montaj; montaj; monitor qoruyucusu; manitorun cercivesi montaj; monitorqoruyucusu,7,No,No,No,Yes,2026-07-21 14:10:44
AU-006,Мультимедиа/акустика,acoustics,Basofka (subvufer),Сабвуфер,subvufer; basofkasubvufer,2,Basofka (subvufer); Сабвуфер; basofka subvufer; subvufer; basofkasubvufer,5,No,No,No,Yes,2026-07-21 14:10:44
AU-002,Мультимедиа/акустика,acoustics,Usilitel (sesgücləndirici),Усилитель звука,sesgücləndirici; sesguclendirici; usilitel sesguclendirici; usilitelsesguclendirici; усилительзвука,5,Usilitel (sesgücləndirici); Усилитель звука; usilitel sesgücləndirici; sesgücləndirici; sesguclendirici; usilitel sesguclendirici; usilitelsesguclendirici; усилительзвука,8,No,No,No,Yes,2026-07-21 14:10:44
SU-019,Наконечники/тяги,steering-tie-rods,Mayatnik qolunun vtulkası,Втулка маятникового рычага,mayatnik qolunun vtulkasi,1,Mayatnik qolunun vtulkası; Втулка маятникового рычага; mayatnik qolunun vtulkasi,3,No,No,No,Yes,2026-08-25 15:44:28
SU-018,Наконечники/тяги,steering-tie-rods,Mayatnik qolu,Маятниковый рычаг,mayatnikqolu; маятниковыйрычаг,2,Mayatnik qolu; Маятниковый рычаг; mayatnikqolu; маятниковыйрычаг,4,No,No,No,Yes,2026-08-25 15:43:45
SU-001,Наконечники/тяги,steering-tie-rods,Nakonechnik (sükan dartısı ucluğu),Наконечник рулевой тяги,sükan linginin başlığı; sükan dartısı ucluğu; sükan qolunun sonluğu; sükan sonluğu; sükan ucluğu; sukan linginin basligi; sukan dartisi uclugu; sukan qolunun sonlugu; sukan sonlugu; sukan uclugu; nakonechnik sukan dartisi uclugu; sukansonlugu; sukanuclugu,13,Nakonechnik (sükan dartısı ucluğu); Наконечник рулевой тяги; nakonechnik sükan dartısı ucluğu; sükan linginin başlığı; sükan dartısı ucluğu; sükan qolunun sonluğu; sükan sonluğu; sükan ucluğu; sukan linginin basligi; sukan dartisi uclugu; sukan qolunun sonlugu; sukan sonlugu; sukan uclugu; nakonechnik sukan dartisi uclugu; sukansonlugu; sukanuclugu,16,Yes,No,No,Yes,2026-07-21 14:10:44
SU-017,Наконечники/тяги,steering-tie-rods,Nakonechnik pılniki,Пыльник наконечника,sükan dartısının örtüyü; sukan dartisinin ortuyu; nakonechnik pilniki; nakonechnikpilniki; пыльникнаконечника,5,Nakonechnik pılniki; Пыльник наконечника; sükan dartısının örtüyü; sukan dartisinin ortuyu; nakonechnik pilniki; nakonechnikpilniki; пыльникнаконечника,7,Yes,No,No,Yes,2026-07-21 14:10:44
SU-002,Наконечники/тяги,steering-tie-rods,Sükan dartısı,Рулевая тяга,sükan dartısı; sukan dartisi; sukandartisi; рулеваятяга,4,Рулевая тяга; sükan dartısı; sukan dartisi; sukandartisi; рулеваятяга,5,Yes,No,No,Yes,2026-07-21 14:10:44
RG-03,Наконечники/тяги,steering-tie-rods,Rulavoy pacevnik,Рулевой подшипник,rulavoy pacevnik; rulavoy paçevnik; rulavoy podşipnik; rulevoy podshipnik; rulevoy podşipnik; rul podşipniki; podşipnik rulevoy; podşipnik rulavoy; рулевой подшипник; подшипник рулевой; steering bearing; steering shaft bearing; steering column bearing; rulavoy podsipnik; rulevoy podsipnik; rul podsipniki; podsipnik rulevoy; podsipnik rulavoy; rulavoypacevnik; rulavoypodsipnik; rulevoypodshipnik; rulevoypodsipnik; rulpodsipniki; podsipnikrulevoy; podsipnikrulavoy; рулевойподшипник; подшипникрулевой; steeringbearing,28,rulavoy pacevnik; rulavoy paçevnik; rulavoy podşipnik; rulevoy podshipnik; rulevoy podşipnik; rul podşipniki; podşipnik rulevoy; podşipnik rulavoy; рулевой подшипник; подшипник рулевой; steering bearing; steering shaft bearing; steering column bearing; rulavoy podsipnik; rulevoy podsipnik; rul podsipniki; podsipnik rulevoy; podsipnik rulavoy; rulavoypacevnik; rulavoypodsipnik; rulevoypodshipnik; rulevoypodsipnik; rulpodsipniki; podsipnikrulevoy; podsipnikrulavoy; рулевойподшипник; подшипникрулевой; steeringbearing,28,No,No,No,Yes,2026-08-22 12:15:42
SU-003,Наконечники/тяги,steering-tie-rods,Almacıq (tyaqanın),Шаровой палец тяги,tyaqanın; almacıq; tyaqanin; almaciq; almaciq tyaqanin; almaciqtyaqanin,6,Almacıq (tyaqanın); Шаровой палец тяги; almacıq tyaqanın; tyaqanın; almacıq; tyaqanin; almaciq; almaciq tyaqanin; almaciqtyaqanin,9,Yes,No,No,Yes,2026-07-21 14:10:44
TY-010,Обвесы/body kit,tuning-body-kit,Angel eyes (LED halqası),Ангельские глазки (LED-кольца в фару),led кольца в фару; led halqası; led halqasi; angel eyes led halqasi; ledhalqasi,5,Angel eyes (LED halqası); Ангельские глазки (LED-кольца в фару); angel eyes led halqası; ангельские глазки led кольца в фару; led кольца в фару; led halqası; led halqasi; angel eyes led halqasi; ledhalqasi,9,No,No,No,Yes,2026-07-21 14:10:44
TY-019,Обвесы/body kit,tuning-body-kit,Baqaj vannası (kuzov içliyi),Вкладыш кузова пикапа,baqaj vannası; baqaj vannası kuzov içliyi; kuzov içliyi; baqaj vannasi; baqaj vannasi kuzov icliyi; kuzov icliyi; baqajvannasi; kuzovicliyi,8,Baqaj vannası (kuzov içliyi); Вкладыш кузова пикапа; baqaj vannası; baqaj vannası kuzov içliyi; kuzov içliyi; baqaj vannasi; baqaj vannasi kuzov icliyi; kuzov icliyi; baqajvannasi; kuzovicliyi,10,No,No,No,Yes,2026-08-22 12:03:18
TY-005,Обвесы/body kit,tuning-body-kit,Lip (bufer alt dodağı),Губа бампера (lip),lip; bufer alt dodağı; lip spoyleri; bufer lipi; dodaq lip; dodaq lipi; qabaq buferin lipi; buferin lipi; bufer bığı; bufer alt dodagi; bufer bigi; lip bufer alt dodagi; lipspoyleri; buferlipi; dodaqlip; dodaqlipi; buferinlipi; buferbigi,18,Lip (bufer alt dodağı); Губа бампера (lip); lip bufer alt dodağı; губа бампера lip; lip; bufer alt dodağı; lip spoyleri; bufer lipi; dodaq lip; dodaq lipi; qabaq buferin lipi; buferin lipi; bufer bığı; bufer alt dodagi; bufer bigi; lip bufer alt dodagi; lipspoyleri; buferlipi; dodaqlip; dodaqlipi; buferinlipi; buferbigi,22,Yes,No,No,Yes,2026-07-21 14:10:44
TY-018,Обвесы/body kit,tuning-body-kit,Kapot küləkliyi,Дефлектор капота,kapot küləklik; kapot üçün küləklik; kapot kuleklik; kapot ucun kuleklik; kapot kulekliyi; kapotkuleklik; kapotkulekliyi; дефлекторкапота,8,Kapot küləkliyi; Дефлектор капота; kapot küləklik; kapot üçün küləklik; kapot kuleklik; kapot ucun kuleklik; kapot kulekliyi; kapotkuleklik; kapotkulekliyi; дефлекторкапота,10,No,No,No,Yes,2026-08-22 12:03:18
TY-016,Обвесы/body kit,tuning-body-kit,Baqaj örtüyü (tonno),Крышка кузова (тонно/бед-ковер),baqaj jalüzü; baqaj örtüyü; baqaj örtüyü tonno; baqaj üçün jaluz; baqaj üçün jalüz; крышка кузова тонно бед ковер; baqaj jaluzu; baqaj ortuyu; baqaj ortuyu tonno; baqaj ucun jaluz; baqajjaluzu; baqajortuyu,12,Baqaj örtüyü (tonno); Крышка кузова (тонно/бед-ковер); baqaj jalüzü; baqaj örtüyü; baqaj örtüyü tonno; baqaj üçün jaluz; baqaj üçün jalüz; крышка кузова тонно бед ковер; baqaj jaluzu; baqaj ortuyu; baqaj ortuyu tonno; baqaj ucun jaluz; baqajjaluzu; baqajortuyu,14,No,No,No,Yes,2026-08-22 12:03:18
TY-020,Обвесы/body kit,tuning-body-kit,Baqaj kabini (kunq),Кунг,baqaj kabini; baqaj kabini kunq; baqaj üçün kabin; kunq; baqaj ucun kabin; baqajkabini,6,Baqaj kabini (kunq); Кунг; baqaj kabini; baqaj kabini kunq; baqaj üçün kabin; kunq; baqaj ucun kabin; baqajkabini,8,No,No,No,Yes,2026-08-22 12:03:18
TY-003,Обвесы/body kit,tuning-body-kit,Body kit (tam tyuning dəsti),Обвес кузова (body kit),body kit; tam tyuning dəsti; bədən dəsti; body kiti; style body kit; aero kit; aero kiti; tam tyuning desti; beden desti; body kit tam tyuning desti; bedendesti; bodykiti; aerokiti,13,Body kit (tam tyuning dəsti); Обвес кузова (body kit); body kit tam tyuning dəsti; обвес кузова body kit; body kit; tam tyuning dəsti; bədən dəsti; body kiti; style body kit; aero kit; aero kiti; tam tyuning desti; beden desti; body kit tam tyuning desti; bedendesti; bodykiti; aerokiti,17,No,No,No,Yes,2026-07-21 14:10:44
TY-021,Обвесы/body kit,tuning-body-kit,"Obves paketi (M paket, AMG, S-line)","Пакет обвеса (M-пакет, AMG, S-line)",qaşlar; qaslar; m tech ablicovka,3,"Obves paketi (M paket, AMG, S-line); Пакет обвеса (M-пакет, AMG, S-line); obves paketi m paket amg s line; пакет обвеса m пакет amg s line; qaşlar; qaslar; m tech ablicovka",7,No,No,No,Yes,2026-08-26 14:16:05
TY-009,Обвесы/body kit,tuning-body-kit,Rəsniçka (fara üstü naklatka),Реснички на фары (накладки-«брови»),накладки брови; fara üstü naklatka; fara qaşı; işıq qaşı; ışıq qaşı; fara ustu naklatka; fara qasi; isiq qasi; resnicka fara ustu naklatka; накладкиброви; faraqasi; isiqqasi,12,Rəsniçka (fara üstü naklatka); Реснички на фары (накладки-«брови»); rəsniçka fara üstü naklatka; реснички на фары накладки брови; накладки брови; fara üstü naklatka; fara qaşı; işıq qaşı; ışıq qaşı; fara ustu naklatka; fara qasi; isiq qasi; resnicka fara ustu naklatka; накладкиброви; faraqasi; isiqqasi,16,Yes,No,No,Yes,2026-07-21 14:10:44
TY-015,Обвесы/body kit,tuning-body-kit,Tent (örtük),Тент (мягкий верх/чехол кузова),tavan çadır; tavan çadırı; tent; tent örtük; тент мягкий верх чехол кузова; tavan cadir; tavan cadiri; tent ortuk; tavancadir; tavancadiri; tentortuk,11,Tent (örtük); Тент (мягкий верх/чехол кузова); tavan çadır; tavan çadırı; tent; tent örtük; тент мягкий верх чехол кузова; tavan cadir; tavan cadiri; tent ortuk; tavancadir; tavancadiri; tentortuk,13,No,No,No,Yes,2026-08-22 12:03:18
AK-037,Обшивки/салон,interior-trim,Salon taxta örtüyü,Деревянная накладка салона,salon taxta ortuyu,1,Salon taxta örtüyü; Деревянная накладка салона; salon taxta ortuyu,3,No,No,Yes,Yes,2026-08-25 15:40:42
KZ-062,Обшивки/салон,interior-trim,Ön stoyka üzlüyü,Обшивка передней стойки,внутренняя; stoykanın plastması; iç stoyka plastmas; stoykanin plastmasi; ic stoyka plastmas; on stoyka uzluyu; stoykaninplastmasi,7,Ön stoyka üzlüyü; Обшивка передней стойки; внутренняя; stoykanın plastması; iç stoyka plastmas; stoykanin plastmasi; ic stoyka plastmas; on stoyka uzluyu; stoykaninplastmasi,9,Yes,Yes,No,Yes,2026-07-21 14:10:44
MU-017,Опоры двигателя,engine-mounts,Mühərrik yastığı,Подушка двигателя,mühərrik yatağı; подушка двигателя правая сторона; mator paduşqası sağ; muherrik yatagi; mator padusqasi sag; muherrik yastigi; muherrikyatagi; muherrikyastigi; подушкадвигателя,9,Mühərrik yastığı; Подушка двигателя; mühərrik yatağı; подушка двигателя правая сторона; mator paduşqası sağ; muherrik yatagi; mator padusqasi sag; muherrik yastigi; muherrikyatagi; muherrikyastigi; подушкадвигателя,11,Yes,Yes,Yes,Yes,2026-07-21 14:10:44
MU-018,Опоры двигателя,engine-mounts,Karopka yastığı,Подушка коробки передач,karopkanın poduşkası; karopkanin poduskasi; sürətlər qutusu yastığı; sürətlər qutusunun yastığı; transmissiya yastığı; suretler qutusu yastigi; suretler qutusunun yastigi; transmissiya yastigi; karopka yastigi; karopkaninpoduskasi; transmissiyayastigi; karopkayastigi,12,Karopka yastığı; Подушка коробки передач; karopkanın poduşkası; karopkanin poduskasi; sürətlər qutusu yastığı; sürətlər qutusunun yastığı; transmissiya yastığı; suretler qutusu yastigi; suretler qutusunun yastigi; transmissiya yastigi; karopka yastigi; karopkaninpoduskasi; transmissiyayastigi; karopkayastigi,14,Yes,Yes,Yes,Yes,2026-07-21 14:10:44
EL-063,Освещение,electrical-lighting,Rozjiq bloku (ksenon),Блок розжига (балласт ксенона),балласт ксенона; ksenon; балластксенона,3,Rozjiq bloku (ksenon); Блок розжига (балласт ксенона); rozjiq bloku ksenon; блок розжига балласт ксенона; балласт ксенона; ksenon; балластксенона,7,Yes,No,No,Yes,2026-07-21 14:10:44
EL-066,Освещение,electrical-lighting,LCM (işıq idarəetmə bloku),Блок управления светом (LCM),lcm; işıq idarəetmə bloku; isiq idareetme bloku; lcm isiq idareetme bloku,4,LCM (işıq idarəetmə bloku); Блок управления светом (LCM); lcm işıq idarəetmə bloku; блок управления светом lcm; lcm; işıq idarəetmə bloku; isiq idareetme bloku; lcm isiq idareetme bloku,8,No,No,No,Yes,2026-07-21 14:10:44
EL-047,Освещение,electrical-lighting,Duman fara düyməsi,Кнопка противотуманных фар,duman fara duymesi,1,Duman fara düyməsi; Кнопка противотуманных фар; duman fara duymesi,3,No,No,No,Yes,2026-07-21 14:10:44
EL-025,Освещение,electrical-lighting,Lampa,Лампа,podfarnik; потфарник; подфарник; qabarit isigi; габаритный огонь; qabaritisigi; габаритныйогонь,7,Lampa; Лампа; podfarnik; потфарник; подфарник; qabarit isigi; габаритный огонь; qabaritisigi; габаритныйогонь,9,No,No,No,Yes,2026-07-21 14:10:44
EL-055,Освещение,electrical-lighting,Lampa patronu,Патрон лампы (цоколь),цоколь; lampapatronu,2,Lampa patronu; Патрон лампы (цоколь); патрон лампы цоколь; цоколь; lampapatronu,5,Yes,Yes,No,Yes,2026-07-21 14:10:44
EL-024,Освещение,electrical-lighting,Salon plafonu,Плафон освещения салона,salon plafon; salonplafon; salonplafonu,3,Salon plafonu; Плафон освещения салона; salon plafon; salonplafon; salonplafonu,5,No,No,No,Yes,2026-07-21 14:10:44
EL-012,Освещение,electrical-lighting,Dönmə işığı qolu (kombi keçirici),Подрулевой переключатель света/поворотников,подрулевой переключатель поворотников; подрулевой переключатель света; kombi keçirici; kombi kecirici; donme isigi qolu kombi kecirici; kombikecirici,6,Dönmə işığı qolu (kombi keçirici); Подрулевой переключатель света/поворотников; dönmə işığı qolu kombi keçirici; подрулевой переключатель света поворотников; подрулевой переключатель поворотников; подрулевой переключатель света; kombi keçirici; kombi kecirici; donme isigi qolu kombi kecirici; kombikecirici,10,No,No,No,Yes,2026-07-21 14:10:44
KZ-075,ПТФ/поворотники,body-fog-turn,Duman fara qabı (çərçivə),Корпус противотуманной фары,duman eynəyi; duman fara eynəyi; duman fara qabı; duman fara qabı çərçivə; duman fara qapağı; duman fara çərçivəsi; duman farası eynəyi; duman farası plastması; duman farası qabı; duman farası qapaqları; duman farası qapağı; duman işığı eynəyi; duman işığı qabı; duman işığı qapağı; duman işığı çərçivəsi; duman nikeli; duman qabı; корпус рамка противотуманной фары; рамка противотуманной фары; duman eyneyi; duman fara eyneyi; duman fara qabi; duman fara qabi cercive; duman fara qapagi; duman fara cercivesi; duman farasi eyneyi; duman farasi plastmasi; duman farasi qabi; duman farasi qapaqlari; duman farasi qapagi; duman isigi eyneyi; duman isigi qabi; duman isigi qapagi; duman isigi cercivesi; duman qabi; dumaneyneyi; dumannikeli; dumanqabi,38,Duman fara qabı (çərçivə); Корпус противотуманной фары; duman eynəyi; duman fara eynəyi; duman fara qabı; duman fara qabı çərçivə; duman fara qapağı; duman fara çərçivəsi; duman farası eynəyi; duman farası plastması; duman farası qabı; duman farası qapaqları; duman farası qapağı; duman işığı eynəyi; duman işığı qabı; duman işığı qapağı; duman işığı çərçivəsi; duman nikeli; duman qabı; корпус рамка противотуманной фары; рамка противотуманной фары; duman eyneyi; duman fara eyneyi; duman fara qabi; duman fara qabi cercive; duman fara qapagi; duman fara cercivesi; duman farasi eyneyi; duman farasi plastmasi; duman farasi qabi; duman farasi qapaqlari; duman farasi qapagi; duman isigi eyneyi; duman isigi qabi; duman isigi qapagi; duman isigi cercivesi; duman qabi; dumaneyneyi; dumannikeli; dumanqabi,40,No,No,No,Yes,2026-08-22 12:03:18
KZ-008,ПТФ/поворотники,body-fog-turn,Dönmə işığı (povorotnik),Поворотник,povorotnik; dönmə işığı; donme isigi; donme isigi povorotnik; donmeisigi,5,Dönmə işığı (povorotnik); Поворотник; dönmə işığı povorotnik; povorotnik; dönmə işığı; donme isigi; donme isigi povorotnik; donmeisigi,8,Yes,Yes,No,Yes,2026-07-21 14:10:44
KZ-006,ПТФ/поворотники,body-fog-turn,Duman fara,Противотуманная фара,duman farası; duman işığı; duman işığı dəsti; duman işığı seti; duman işıq seti; duman işıqları dəsti; dumana qarşı farası; alt duman işığı; duman əleyhinə işıq; duman farasi; duman isigi; duman isigi desti; duman isigi seti; duman isiq seti; duman isiqlari desti; dumana qarsi farasi; alt duman isigi; duman eleyhine isiq; dumanfarasi; dumanisigi; dumanfara; противотуманнаяфара,22,Duman fara; Противотуманная фара; duman farası; duman işığı; duman işığı dəsti; duman işığı seti; duman işıq seti; duman işıqları dəsti; dumana qarşı farası; alt duman işığı; duman əleyhinə işıq; duman farasi; duman isigi; duman isigi desti; duman isigi seti; duman isiq seti; duman isiqlari desti; dumana qarsi farasi; alt duman isigi; duman eleyhine isiq; dumanfarasi; dumanisigi; dumanfara; противотуманнаяфара,24,Yes,Yes,No,Yes,2026-07-21 14:10:44
KZ-071,ПТФ/поворотники,body-fog-turn,Duman fara şüşəsi,Стекло противотуманной фары,duman fara susesi,1,Duman fara şüşəsi; Стекло противотуманной фары; duman fara susesi,3,No,No,No,Yes,2026-08-22 12:03:18
KZ-031,Панели кузова,body-panels,Lanjron,Лонжерон,ланжерон,1,Lanjron; Лонжерон; ланжерон,3,Yes,Yes,No,Yes,2026-07-21 14:10:44
KZ-083,Панели кузова,body-panels,Yanacaq doldurma qapağı,Лючок топливного бака (зарядного порта),yanacaq lyuku; zaryadka qapağı; şarj lyuku; şarj qapağı; şarj yuvasının qapağı; лючок бензобака; лючок зарядки; лючок топливного бака зарядного порта; zaryadka qapagi; sarj lyuku; sarj qapagi; sarj yuvasinin qapagi; yanacaq doldurma qapagi; yanacaqlyuku; zaryadkaqapagi; sarjlyuku; sarjqapagi; лючокбензобака; лючокзарядки,19,Yanacaq doldurma qapağı; Лючок топливного бака (зарядного порта); yanacaq lyuku; zaryadka qapağı; şarj lyuku; şarj qapağı; şarj yuvasının qapağı; лючок бензобака; лючок зарядки; лючок топливного бака зарядного порта; zaryadka qapagi; sarj lyuku; sarj qapagi; sarj yuvasinin qapagi; yanacaq doldurma qapagi; yanacaqlyuku; zaryadkaqapagi; sarjlyuku; sarjqapagi; лючокбензобака; лючокзарядки,21,No,No,No,Yes,2026-08-22 12:03:18
KZ-047,Панели кузова,body-panels,Dam paneli,Панель крыши,dampaneli; панелькрыши,2,Dam paneli; Панель крыши; dampaneli; панелькрыши,4,No,No,No,Yes,2026-07-21 14:10:44
KZ-032,Панели кузова,body-panels,Kuzov paneli,Панель кузова,arxa panel; ön panel; arxa sağ saffa; saffa; ön panel abirisofka; su baçoku panel; on panel; arxa sag saffa; on panel abirisofka; su bacoku panel; arxapanel; kuzovpaneli; панелькузова,13,Kuzov paneli; Панель кузова; arxa panel; ön panel; arxa sağ saffa; saffa; ön panel abirisofka; su baçoku panel; on panel; arxa sag saffa; on panel abirisofka; su bacoku panel; arxapanel; kuzovpaneli; панелькузова,15,Yes,Yes,No,Yes,2026-07-21 14:10:44
KZ-046,Панели кузова,body-panels,Döşəmə paneli,Панель пола (перед/зад/центр/багажник),багажник; зад; перед; перед зад центр багажник; центр; doseme paneli; dosemepaneli,7,Döşəmə paneli; Панель пола (перед/зад/центр/багажник); панель пола перед зад центр багажник; багажник; зад; перед; перед зад центр багажник; центр; doseme paneli; dosemepaneli,10,No,Yes,No,Yes,2026-07-21 14:10:44
KZ-074,Панели кузова,body-panels,Ekran plasması,Пластик передней панели («телевизора»),ekran alt plastması; ekran plastması; ekran üst plastması; ekran üstü plasması; mühərrik bölməsinin ekranı; paneli ekran; radiator ekranı; radiator paneli; radiator paneli ekran; radiator paneli ekranı; radiator plasması; radiator üst plasması; üst ekranı; пластик передней панели телевизора; ekran alt plastmasi; ekran plastmasi; ekran ust plastmasi; ekran ustu plasmasi; muherrik bolmesinin ekrani; radiator ekrani; radiator paneli ekrani; radiator plasmasi; radiator ust plasmasi; ust ekrani; ekran plasmasi; ekranplastmasi; paneliekran; radiatorekrani; radiatorpaneli; radiatorplasmasi; ustekrani; ekranplasmasi,32,Ekran plasması; Пластик передней панели («телевизора»); ekran alt plastması; ekran plastması; ekran üst plastması; ekran üstü plasması; mühərrik bölməsinin ekranı; paneli ekran; radiator ekranı; radiator paneli; radiator paneli ekran; radiator paneli ekranı; radiator plasması; radiator üst plasması; üst ekranı; пластик передней панели телевизора; ekran alt plastmasi; ekran plastmasi; ekran ust plastmasi; ekran ustu plasmasi; muherrik bolmesinin ekrani; radiator ekrani; radiator paneli ekrani; radiator plasmasi; radiator ust plasmasi; ust ekrani; ekran plasmasi; ekranplastmasi; paneliekran; radiatorekrani; radiatorpaneli; radiatorplasmasi; ustekrani; ekranplasmasi,34,No,No,No,Yes,2026-08-22 12:03:18
KZ-065,Панели кузова,body-panels,Yanacaq doldurma boğazının plastiki,Пластиковая обшивка горловины бака,yanacaq doldurma bogazinin plastiki,1,Yanacaq doldurma boğazının plastiki; Пластиковая обшивка горловины бака; yanacaq doldurma bogazinin plastiki,3,No,No,No,Yes,2026-07-21 14:10:44
KZ-030,Панели кузова,body-panels,Şveller (porog),Порог,porog; padnosqa; padnoşka; şveller; şveler; şveyler; padnoska; sveller; sveler; sveyler; sveller porog; svellerporog,12,Şveller (porog); Порог; şveller porog; porog; padnosqa; padnoşka; şveller; şveler; şveyler; padnoska; sveller; sveler; sveyler; sveller porog; svellerporog,15,Yes,No,No,Yes,2026-07-21 14:10:44
KZ-055,Панели кузова,body-panels,Qanad genişləndiricisi (arka),Расширитель арки / накладка бокового обвеса,расширитель арки бокового обвеса; расширитель накладка бокового обвеса; arka; qanad genislendiricisi arka,4,Qanad genişləndiricisi (arka); Расширитель арки / накладка бокового обвеса; qanad genişləndiricisi arka; расширитель арки накладка бокового обвеса; расширитель арки бокового обвеса; расширитель накладка бокового обвеса; arka; qanad genislendiricisi arka,8,Yes,Yes,No,Yes,2026-07-21 14:10:44
KZ-060,Панели кузова,body-panels,Döşəmə probkası (drenaj),Сливная пробка пола (дренаж),дренаж; drenaj; doseme probkasi drenaj,3,Döşəmə probkası (drenaj); Сливная пробка пола (дренаж); döşəmə probkası drenaj; сливная пробка пола дренаж; дренаж; drenaj; doseme probkasi drenaj,7,No,No,No,Yes,2026-07-21 14:10:44
KZ-039,Панели кузова,body-panels,Emblema/logo,Эмблема/логотип,loqo; loqosu; logo; kapot emblemi; kapotemblemi; emblemalogo; эмблемалоготип,7,Emblema/logo; Эмблема/логотип; emblema logo; эмблема логотип; loqo; loqosu; logo; kapot emblemi; kapotemblemi; emblemalogo; эмблемалоготип,11,No,No,No,Yes,2026-07-21 14:10:44
SO-030,Печка/отопитель,climate-heater,Peçin vakum paylayıcısı,Вакуумный распределитель (актуатор заслонок печки),актуатор заслонок печки; pecin vakum paylayicisi,2,Peçin vakum paylayıcısı; Вакуумный распределитель (актуатор заслонок печки); вакуумный распределитель актуатор заслонок печки; актуатор заслонок печки; pecin vakum paylayicisi,5,No,No,No,Yes,2026-07-21 14:10:44
SO-019,Печка/отопитель,climate-heater,Peçka zaslonkası (isitmə/ventilyasiya),Заслонка печки (отопления/вентиляции),вентиляции; отопления; отопления вентиляции; isitmə; isitmə ventilyasiya; ventilyasiya; isitme; isitme ventilyasiya; pecka zaslonkasi isitme ventilyasiya; отоплениявентиляции; isitmeventilyasiya,11,Peçka zaslonkası (isitmə/ventilyasiya); Заслонка печки (отопления/вентиляции); peçka zaslonkası isitmə ventilyasiya; заслонка печки отопления вентиляции; вентиляции; отопления; отопления вентиляции; isitmə; isitmə ventilyasiya; ventilyasiya; isitme; isitme ventilyasiya; pecka zaslonkasi isitme ventilyasiya; отоплениявентиляции; isitmeventilyasiya,15,No,No,No,Yes,2026-07-21 14:10:44
SO-021,Печка/отопитель,climate-heater,Peçka korpusu,Корпус печки,pecka korpusu; peckakorpusu; корпуспечки,3,Peçka korpusu; Корпус печки; pecka korpusu; peckakorpusu; корпуспечки,5,No,No,No,Yes,2026-07-21 14:10:44
SO-020,Печка/отопитель,climate-heater,Peçka kranı,Кран печки,pecka krani; peckakrani; кранпечки,3,Peçka kranı; Кран печки; pecka krani; peckakrani; кранпечки,5,No,No,No,Yes,2026-07-21 14:10:44
EL-018,Печка/отопитель,climate-heater,Fan motoru (salon/peç),Мотор вентилятора отопителя/салона,мотор вентилятора отопителя; мотор вентилятора салона; peç; salon; salon peç; pec; salon pec; fan motoru salon pec; salonpec,9,Fan motoru (salon/peç); Мотор вентилятора отопителя/салона; fan motoru salon peç; мотор вентилятора отопителя салона; мотор вентилятора отопителя; мотор вентилятора салона; peç; salon; salon peç; pec; salon pec; fan motoru salon pec; salonpec,13,No,No,No,Yes,2026-07-21 14:10:44
SO-023,Печка/отопитель,climate-heater,Peçka motoru (salon ventilyatoru),Моторчик/вентилятор печки (отопителя),моторчик печки; вентилятор печки; отопителя; daxili üfləyici; soba mühərriki; sobanın mühərriki; salon ventilyatoru; peç ventilyatoru; моторедуктор печки; peç motoreduktoru; daxili ufleyici; soba muherriki; sobanin muherriki; pec ventilyatoru; pec motoreduktoru; pecka motoru salon ventilyatoru; моторчикпечки; вентиляторпечки; daxiliufleyici; sobamuherriki; sobaninmuherriki; salonventilyatoru; pecventilyatoru; моторедукторпечки; pecmotoreduktoru,25,Peçka motoru (salon ventilyatoru); Моторчик/вентилятор печки (отопителя); peçka motoru salon ventilyatoru; моторчик вентилятор печки отопителя; моторчик печки; вентилятор печки; отопителя; daxili üfləyici; soba mühərriki; sobanın mühərriki; salon ventilyatoru; peç ventilyatoru; моторедуктор печки; peç motoreduktoru; daxili ufleyici; soba muherriki; sobanin muherriki; pec ventilyatoru; pec motoreduktoru; pecka motoru salon ventilyatoru; моторчикпечки; вентиляторпечки; daxiliufleyici; sobamuherriki; sobaninmuherriki; salonventilyatoru; pecventilyatoru; моторедукторпечки; pecmotoreduktoru,29,No,No,No,Yes,2026-07-21 14:10:44
SO-011,Печка/отопитель,climate-heater,Peçin radiatoru (salon isitmə radiatoru),Радиатор печки (отопителя салона),отопителя салона; salon isitmə radiatoru; peçka radiatoru; radiator sobası; soba radiatoru; радиатор печки (отопителя); salon radiatoru; salon isitme radiatoru; pecka radiatoru; radiator sobasi; pecin radiatoru salon isitme radiatoru; отопителясалона; peckaradiatoru; radiatorsobasi; sobaradiatoru; salonradiatoru,16,Peçin radiatoru (salon isitmə radiatoru); Радиатор печки (отопителя салона); peçin radiatoru salon isitmə radiatoru; радиатор печки отопителя салона; радиатор печки отопителя; отопителя салона; salon isitmə radiatoru; peçka radiatoru; radiator sobası; soba radiatoru; радиатор печки (отопителя); salon radiatoru; salon isitme radiatoru; pecka radiatoru; radiator sobasi; pecin radiatoru salon isitme radiatoru; отопителясалона; peckaradiatoru; radiatorsobasi; sobaradiatoru; salonradiatoru,21,No,No,No,Yes,2026-07-21 14:10:44
EL-082,Печка/отопитель,climate-heater,Peç ventilyatorunun rezistoru,Резистор вентилятора отопителя,pec ventilyatorunun rezistoru,1,Peç ventilyatorunun rezistoru; Резистор вентилятора отопителя; pec ventilyatorunun rezistoru,3,No,No,No,Yes,2026-08-25 17:36:16
SO-034,Печка/отопитель,climate-heater,Peç şlanqı (istilik sistemi),Шланг печки (отопителя),peç şlanqı; peçin şlanqları; peçin alt və üst şlanqları; шланг печки; pec slanqi; pecin slanqlari; pecin alt ve ust slanqlari; pec slanqi istilik sistemi; pecslanqi; pecinslanqlari; шлангпечки,11,Peç şlanqı (istilik sistemi); Шланг печки (отопителя); peç şlanqı istilik sistemi; шланг печки отопителя; peç şlanqı; peçin şlanqları; peçin alt və üst şlanqları; шланг печки; pec slanqi; pecin slanqlari; pecin alt ve ust slanqlari; pec slanqi istilik sistemi; pecslanqi; pecinslanqlari; шлангпечки,15,No,No,No,Yes,2026-08-22 12:15:42
AK-013,Подкрылки/молдинги,body-fender-liners,Brizqavik (palçıqqoruyucu),Брызговик,palçıqqoruyucu; təkər palçıq qoruyucusu; palçıq qoruyucu örtük; təkər palçıq şiti; palçıqlıq; palçıq şiti; palçıqlq; palciqqoruyucu; teker palciq qoruyucusu; palciq qoruyucu ortuk; teker palciq siti; palciqliq; palciq siti; palciqlq; brizqavik palciqqoruyucu; palciqsiti; brizqavikpalciqqoruyucu,17,Brizqavik (palçıqqoruyucu); Брызговик; brizqavik palçıqqoruyucu; palçıqqoruyucu; təkər palçıq qoruyucusu; palçıq qoruyucu örtük; təkər palçıq şiti; palçıqlıq; palçıq şiti; palçıqlq; palciqqoruyucu; teker palciq qoruyucusu; palciq qoruyucu ortuk; teker palciq siti; palciqliq; palciq siti; palciqlq; brizqavik palciqqoruyucu; palciqsiti; brizqavikpalciqqoruyucu,20,Yes,Yes,No,Yes,2026-07-21 14:10:44
KZ-091,Подкрылки/молдинги,body-fender-liners,Qanad kantı,Кант арки крыла,qanad kanti; qanadkanti,2,Qanad kantı; Кант арки крыла; qanad kanti; qanadkanti,4,Yes,Yes,No,Yes,2026-08-29 07:20:08
KZ-092,Подкрылки/молдинги,body-fender-liners,Qapı altı kantı,Кант порога под дверью,qapi alti kanti,1,Qapı altı kantı; Кант порога под дверью; qapi alti kanti,3,Yes,No,No,Yes,2026-08-29 07:21:58
KZ-029,Подкрылки/молдинги,body-fender-liners,Podkrilnik,Подкрылок (локер),локер; padkrılnik; padkrilnik; patkrlnik; padkrenik; patkrinlik; patkrilnik; подкрылок; qanad altlığı; qanad altlığı podkrılok; qanad altı; qanad altı qoruyucusu; qanad altısı; qanadalt; qanadaltlıq; qanadaltı; təkər tağının bəzək paneli; təkər tağının bəzək; təkər qövsü; padkrilnik lazimdir; qabaq patqiriniq; patqiriniq; qabaq sag ve sol patkrelnik; patkrelnik; padkrelniklər; qabaq padkrelnik ön zasitnik; arxa təkərin qoruyucu kapronları; qanad altligi; qanad altligi podkrilok; qanad alti; qanad alti qoruyucusu; qanad altisi; qanadaltliq; qanadalti; teker taginin bezek paneli; teker taginin bezek; teker qovsu; padkrelnikler; qabaq padkrelnik on zasitnik; arxa tekerin qoruyucu kapronlari; qanadaltligi; qanadaltisi; tekerqovsu; padkrilniklazimdir; qabaqpatqiriniq; подкрылоклокер,46,Podkrilnik; Подкрылок (локер); подкрылок локер; локер; padkrılnik; padkrilnik; patkrlnik; padkrenik; patkrinlik; patkrilnik; подкрылок; qanad altlığı; qanad altlığı podkrılok; qanad altı; qanad altı qoruyucusu; qanad altısı; qanadalt; qanadaltlıq; qanadaltı; təkər tağının bəzək paneli; təkər tağının bəzək; təkər qövsü; padkrilnik lazimdir; qabaq patqiriniq; patqiriniq; qabaq sag ve sol patkrelnik; patkrelnik; padkrelniklər; qabaq padkrelnik ön zasitnik; arxa təkərin qoruyucu kapronları; qanad altligi; qanad altligi podkrilok; qanad alti; qanad alti qoruyucusu; qanad altisi; qanadaltliq; qanadalti; teker taginin bezek paneli; teker taginin bezek; teker qovsu; padkrelnikler; qabaq padkrelnik on zasitnik; arxa tekerin qoruyucu kapronlari; qanadaltligi; qanadaltisi; tekerqovsu; padkrilniklazimdir; qabaqpatqiriniq; подкрылоклокер,49,Yes,Yes,No,Yes,2026-07-21 14:10:44
TY-001,Подножки,tuning-running-boards,Padnoşka (pilləkən),Порог-подножка (running board),running board; pilləkən; ayaq lövhəsi; pilleken; ayaq lovhesi; padnoska pilleken; runningboard; ayaqlovhesi; padnoskapilleken,9,Padnoşka (pilləkən); Порог-подножка (running board); padnoşka pilləkən; порог подножка running board; running board; pilləkən; ayaq lövhəsi; pilleken; ayaq lovhesi; padnoska pilleken; runningboard; ayaqlovhesi; padnoskapilleken,13,Yes,Yes,No,Yes,2026-07-21 14:10:44
TY-011,Подножки,tuning-running-boards,Elektrik padnoşka (açılıb-yığılan),Электроподножка (выдвижная/складывающаяся),выдвижная; выдвижная складывающаяся; складывающаяся; açılıb yığılan; acilib yigilan; elektrik padnoska acilib yigilan; выдвижнаяскладывающаяся; acilibyigilan,8,Elektrik padnoşka (açılıb-yığılan); Электроподножка (выдвижная/складывающаяся); elektrik padnoşka açılıb yığılan; электроподножка выдвижная складывающаяся; выдвижная; выдвижная складывающаяся; складывающаяся; açılıb yığılan; acilib yigilan; elektrik padnoska acilib yigilan; выдвижнаяскладывающаяся; acilibyigilan,12,Yes,Yes,No,Yes,2026-07-21 14:10:44
EL-008,Подушки безопасности/SRS-блок,electrical-airbag,SRS/Airbag bloku,Блок управления airbag (SRS),srs; airbag bloku; srs bloku; airbagbloku; srsbloku,5,SRS/Airbag bloku; Блок управления airbag (SRS); srs airbag bloku; блок управления airbag srs; srs; airbag bloku; srs bloku; airbagbloku; srsbloku,9,No,No,No,Yes,2026-07-21 14:10:44
EL-075,Подушки безопасности/SRS-блок,electrical-airbag,Diz altı airbaqı,Коленная подушка безопасности,airbag qapağı; hava yastığı qapağı; крышка накладка подушки безопасности; airbag qapagi; hava yastigi qapagi; diz alti airbaqi; airbagqapagi,7,Diz altı airbaqı; Коленная подушка безопасности; airbag qapağı; hava yastığı qapağı; крышка накладка подушки безопасности; airbag qapagi; hava yastigi qapagi; diz alti airbaqi; airbagqapagi,9,Yes,No,No,Yes,2026-07-21 14:10:44
EL-009,Подушки безопасности/SRS-блок,electrical-airbag,Airbag (yastıq),Подушка безопасности,yastıq; airbag; airbagi; airbagı; diz airbag; hava yastığı; sürücü airbagi; sərnişin airbagi; sükan airbagi; yastiq; hava yastigi; surucu airbagi; sernisin airbagi; sukan airbagi; airbag yastiq; dizairbag; havayastigi; surucuairbagi; sernisinairbagi; sukanairbagi; airbagyastiq; подушкабезопасности,22,Airbag (yastıq); Подушка безопасности; airbag yastıq; yastıq; airbag; airbagi; airbagı; diz airbag; hava yastığı; sürücü airbagi; sərnişin airbagi; sükan airbagi; yastiq; hava yastigi; surucu airbagi; sernisin airbagi; sukan airbagi; airbag yastiq; dizairbag; havayastigi; surucuairbagi; sernisinairbagi; sukanairbagi; airbagyastiq; подушкабезопасности,25,No,No,No,Yes,2026-07-21 14:10:44
EL-074,Подушки безопасности/SRS-блок,electrical-airbag,Sərnişin airbaqı,Подушка безопасности пассажира,trip düyməsi; trıp düyməsi; кнопка сброса пробега (trip); кнопка сброса пробега trıp; trip duymesi; sernisin airbaqi; tripduymesi; sernisinairbaqi,8,Sərnişin airbaqı; Подушка безопасности пассажира; кнопка сброса пробега trip; trip düyməsi; trıp düyməsi; кнопка сброса пробега (trip); кнопка сброса пробега trıp; trip duymesi; sernisin airbaqi; tripduymesi; sernisinairbaqi,11,No,No,No,Yes,2026-07-21 14:10:44
EL-073,Подушки безопасности/SRS-блок,electrical-airbag,Sükan airbaqı,Подушка безопасности руля,trambilyor qapağı; крышка трамблёра; trambilyor qapagi; sukan airbaqi; trambilyorqapagi; крышкатрамблёра; sukanairbaqi,7,Sükan airbaqı; Подушка безопасности руля; trambilyor qapağı; крышка трамблёра; trambilyor qapagi; sukan airbaqi; trambilyorqapagi; крышкатрамблёра; sukanairbaqi,9,No,No,No,Yes,2026-07-21 14:10:44
EL-076,Подушки безопасности/SRS-блок,electrical-airbag,Oturacaq airbaqı,Подушка безопасности сиденья,oturacaq airbaqi; oturacaqairbaqi,2,Oturacaq airbaqı; Подушка безопасности сиденья; oturacaq airbaqi; oturacaqairbaqi,4,Yes,No,No,Yes,2026-07-21 14:10:44
EL-010,Подушки безопасности/SRS-блок,electrical-airbag,Rul lenti (saat yayı),Шлейф руля (clock spring),clock spring; saat yayı; sükan lentası; sükan lenti; sükanın lentası; sükanın lenti; saat yayi; sukan lentasi; sukan lenti; sukanin lentasi; sukanin lenti; rul lenti saat yayi; clockspring; saatyayi; sukanlentasi; sukanlenti; sukaninlentasi; sukaninlenti,18,Rul lenti (saat yayı); Шлейф руля (clock spring); rul lenti saat yayı; шлейф руля clock spring; clock spring; saat yayı; sükan lentası; sükan lenti; sükanın lentası; sükanın lenti; saat yayi; sukan lentasi; sukan lenti; sukanin lentasi; sukanin lenti; rul lenti saat yayi; clockspring; saatyayi; sukanlentasi; sukanlenti; sukaninlentasi; sukaninlenti,22,No,No,No,Yes,2026-07-21 14:10:44
EL-062,Подушки безопасности/SRS-блок,electrical-airbag,Pərdə airbag,Шторка безопасности (боковая подушка),боковая подушка; perde airbag; боковаяподушка; perdeairbag,4,Pərdə airbag; Шторка безопасности (боковая подушка); шторка безопасности боковая подушка; боковая подушка; perde airbag; боковаяподушка; perdeairbag,7,Yes,No,No,Yes,2026-07-21 14:10:44
SO-006,Помпа/термостат,cooling-pump,Su pompası,Водяная помпа,su nasosu; su nasosu pompası; elektronik su pompası; elektrik su nasosu; pompa 11519455978; su nasosu pompasi; elektronik su pompasi; su pompasi; sunasosu; pompa11519455978; supompasi; водянаяпомпа,12,Su pompası; Водяная помпа; su nasosu; su nasosu pompası; elektronik su pompası; elektrik su nasosu; pompa 11519455978; su nasosu pompasi; elektronik su pompasi; su pompasi; sunasosu; pompa11519455978; supompasi; водянаяпомпа,14,No,No,No,Yes,2026-07-21 14:10:44
SO-005,Помпа/термостат,cooling-pump,Termostatın korpusu,Корпус термостата,корпус термостата; крышка термостата; termostatın korpusu; termostatın qapağı; termostat qapağı; korpuslu termostatı; termostatin korpusu; termostatin qapagi; termostat qapagi; korpuslu termostati; корпустермостата; крышкатермостата; termostatinkorpusu; termostatinqapagi; termostatqapagi; korpuslutermostati,16,корпус термостата; крышка термостата; termostatın korpusu; termostatın qapağı; termostat qapağı; korpuslu termostatı; termostatin korpusu; termostatin qapagi; termostat qapagi; korpuslu termostati; корпустермостата; крышкатермостата; termostatinkorpusu; termostatinqapagi; termostatqapagi; korpuslutermostati,16,No,No,No,Yes,2026-07-21 14:10:44
SO-025,Помпа/термостат,cooling-pump,Termostat korpusu,Корпус термостата,termostatkorpusu,1,Termostat korpusu; Корпус термостата; termostatkorpusu,3,No,No,No,Yes,2026-07-21 14:10:44
SO-004,Помпа/термостат,cooling-pump,Termostat,Термостат,mühərrik termostatı; mühərrik temperatur tənzimləyici termostatı; muherrik termostati; muherrik temperatur tenzimleyici termostati; muherriktermostati,5,Termostat; Термостат; mühərrik termostatı; mühərrik temperatur tənzimləyici termostatı; muherrik termostati; muherrik temperatur tenzimleyici termostati; muherriktermostati,7,No,No,No,Yes,2026-07-21 14:10:44
AS-023,Приводы/ШРУС,suspension-driveshafts,Ötürücü val (yarımox),Приводной вал (полуось),полуось; yarımox; yarimox; oturucu val yarimox,4,Ötürücü val (yarımox); Приводной вал (полуось); ötürücü val yarımox; приводной вал полуось; полуось; yarımox; yarimox; oturucu val yarimox,8,Yes,Yes,No,Yes,2026-07-21 14:10:44
AS-009,Приводы/ШРУС,suspension-driveshafts,Qranat pılniki,Пыльник ШРУСа,qranat çexolu; şrus çexolu; qranat cexolu; srus cexolu; qranat pilniki; qranatcexolu; sruscexolu; qranatpilniki; пыльникшруса,9,Qranat pılniki; Пыльник ШРУСа; qranat çexolu; şrus çexolu; qranat cexolu; srus cexolu; qranat pilniki; qranatcexolu; sruscexolu; qranatpilniki; пыльникшруса,11,Yes,Yes,Yes,Yes,2026-07-21 14:10:44
AS-008,Приводы/ШРУС,suspension-driveshafts,Qranat (SHRUS),ШРУС,шрус; qranat; qranat шрус; çöl qranatı; iç oynaqlı birləşməsi; iç qranatı; çöl oynaqlı birləşməsi; oynaqlı birləşməsi; oynaqlı birləşmə; qiranat; qiranatlar; ic və cöl qiranatlar; sağ iç qranat bütöv; iç qranati; ic qranati; col qranati; çöl qranati; ic qranat; col qranat; içqranati; icqranati; içqranat; icqranat; çölqranat; colqranat; çölqranati; ic oynaqli birlesmesi; col oynaqli birlesmesi; oynaqli birlesmesi; oynaqli birlesme; ic ve col qiranatlar; sag ic qranat butov; colqranati; qranatшрус; oynaqlibirlesmesi; oynaqlibirlesme; qranatshrus,37,Qranat (SHRUS); qranat shrus; шрус; qranat; qranat шрус; çöl qranatı; iç oynaqlı birləşməsi; iç qranatı; çöl oynaqlı birləşməsi; oynaqlı birləşməsi; oynaqlı birləşmə; qiranat; qiranatlar; ic və cöl qiranatlar; sağ iç qranat bütöv; iç qranati; ic qranati; col qranati; çöl qranati; ic qranat; col qranat; içqranati; icqranati; içqranat; icqranat; çölqranat; colqranat; çölqranati; ic oynaqli birlesmesi; col oynaqli birlesmesi; oynaqli birlesmesi; oynaqli birlesme; ic ve col qiranatlar; sag ic qranat butov; colqranati; qranatшрус; oynaqlibirlesmesi; oynaqlibirlesme; qranatshrus,39,Yes,Yes,Yes,Yes,2026-07-21 14:10:44
MU-016,Прокладки/сальники,engine-gaskets,Klapan salniyi,Маслосъёмный колпачок,klapansalniyi; маслосъёмныйколпачок,2,Klapan salniyi; Маслосъёмный колпачок; klapansalniyi; маслосъёмныйколпачок,4,No,No,No,Yes,2026-07-21 14:10:44
MU-012,Прокладки/сальники,engine-gaskets,Qalofka praklatkası,Прокладка ГБЦ,qalofka praklatkasi; qalofkapraklatkasi; прокладкагбц,3,Qalofka praklatkası; Прокладка ГБЦ; qalofka praklatkasi; qalofkapraklatkasi; прокладкагбц,5,No,No,No,Yes,2026-07-21 14:10:44
MU-078,Прокладки/сальники,engine-gaskets,Baş silindr proklatkası (GBT),Прокладка ГБЦ (головки блока цилиндров),головки блока цилиндров; gbt; mühərrik başlığının araqatı; mühərrik başlığı üçün araqatı; mühərrik başlığı araqatı; muherrik basliginin araqati; muherrik basligi ucun araqati; muherrik basligi araqati; bas silindr proklatkasi gbt,9,Baş silindr proklatkası (GBT); Прокладка ГБЦ (головки блока цилиндров); baş silindr proklatkası gbt; прокладка гбц головки блока цилиндров; головки блока цилиндров; gbt; mühərrik başlığının araqatı; mühərrik başlığı üçün araqatı; mühərrik başlığı araqatı; muherrik basliginin araqati; muherrik basligi ucun araqati; muherrik basligi araqati; bas silindr proklatkasi gbt,13,No,No,No,Yes,2026-07-21 14:10:44
MU-014,Прокладки/сальники,engine-gaskets,Üst krişka praklatkası,Прокладка клапанной крышки,mühərrik klapan qapağının araqatı; klapan qapağının araqatı; üst qapaq araqatı; üst qapağın ara qatı; klapan mexanizminin qapağının araqatı; üst klapan qapağının araqatı; klapan salniki lazımdır; klapan salnikleri; muherrik klapan qapaginin araqati; klapan qapaginin araqati; ust qapaq araqati; ust qapagin ara qati; klapan mexanizminin qapaginin araqati; ust klapan qapaginin araqati; klapan salniki lazimdir; ust kriska praklatkasi; klapansalnikleri,17,Üst krişka praklatkası; Прокладка клапанной крышки; mühərrik klapan qapağının araqatı; klapan qapağının araqatı; üst qapaq araqatı; üst qapağın ara qatı; klapan mexanizminin qapağının araqatı; üst klapan qapağının araqatı; klapan salniki lazımdır; klapan salnikleri; muherrik klapan qapaginin araqati; klapan qapaginin araqati; ust qapaq araqati; ust qapagin ara qati; klapan mexanizminin qapaginin araqati; ust klapan qapaginin araqati; klapan salniki lazimdir; ust kriska praklatkasi; klapansalnikleri,19,No,No,No,Yes,2026-07-21 14:10:44
MU-087,Прокладки/сальники,engine-gaskets,Kollektor araqatı,Прокладка коллектора,kollektor araqati; kollektoraraqati; прокладкаколлектора,3,Kollektor araqatı; Прокладка коллектора; kollektor araqati; kollektoraraqati; прокладкаколлектора,5,No,No,No,Yes,2026-08-22 12:03:18
MU-098,Прокладки/сальники,engine-gaskets,Turbo araqatı (turbo proklatkası),Прокладка турбины,turbo araqati turbo proklatkasi; прокладкатурбины,2,Turbo araqatı (turbo proklatkası); Прокладка турбины; turbo araqatı turbo proklatkası; turbo araqati turbo proklatkasi; прокладкатурбины,5,No,No,No,Yes,2026-08-27 13:34:06
MU-083,Прокладки/сальники,engine-gaskets,Kollektor rezinləri (forsunka altlığı),Резинки впускного коллектора (посадочные форсунок),посадочные форсунок; forsunka altlığı; forsunka altligi; kollektor rezinleri forsunka altligi; посадочныефорсунок; forsunkaaltligi,6,Kollektor rezinləri (forsunka altlığı); Резинки впускного коллектора (посадочные форсунок); kollektor rezinləri forsunka altlığı; резинки впускного коллектора посадочные форсунок; посадочные форсунок; forsunka altlığı; forsunka altligi; kollektor rezinleri forsunka altligi; посадочныефорсунок; forsunkaaltligi,10,No,No,No,Yes,2026-07-21 14:10:44
MU-086,Прокладки/сальники,engine-gaskets,Salnik,Сальник,forsunka salniki; mühərrik salniki; muherrik salniki; forsunkasalniki; muherriksalniki,5,Salnik; Сальник; forsunka salniki; mühərrik salniki; muherrik salniki; forsunkasalniki; muherriksalniki,7,No,No,No,Yes,2026-08-22 12:03:18
AS-029,Пружины,suspension-springs,Purjun alt çaşkası,Нижняя опорная чашка пружины амортизатора,purjun alt caskasi,1,Purjun alt çaşkası; Нижняя опорная чашка пружины амортизатора; purjun alt caskasi,3,Yes,Yes,No,Yes,2026-07-21 14:10:44
AS-004,Пружины,suspension-springs,Purjun (prujin),Пружина подвески,prujin; purjun; yay; amortizator yayı; asqı yayı; sol qabaq burjun; burjun; amortizator yayi; asqi yayi; amortizatoryayi; asqiyayi; purjunprujin; пружинаподвески,13,Purjun (prujin); Пружина подвески; purjun prujin; prujin; purjun; yay; amortizator yayı; asqı yayı; sol qabaq burjun; burjun; amortizator yayi; asqi yayi; amortizatoryayi; asqiyayi; purjunprujin; пружинаподвески,16,Yes,Yes,No,Yes,2026-07-21 14:10:44
SO-018,Радиатор кондиционера/конденсатор,climate-condenser,Kondisionerin buxarlandırıcısı,Испаритель кондиционера,kondisionerin buxarlandiricisi; kondisionerinbuxarlandiricisi; испарителькондиционера,3,Kondisionerin buxarlandırıcısı; Испаритель кондиционера; kondisionerin buxarlandiricisi; kondisionerinbuxarlandiricisi; испарителькондиционера,5,No,No,No,Yes,2026-07-21 14:10:44
SO-010,Радиатор кондиционера/конденсатор,climate-condenser,Kondisioner radiatoru,Радиатор кондиционера (конденсер),конденсер; radiator kondisioneri; radiatorkondisioneri; kondisionerradiatoru,4,Kondisioner radiatoru; Радиатор кондиционера (конденсер); радиатор кондиционера конденсер; конденсер; radiator kondisioneri; radiatorkondisioneri; kondisionerradiatoru,7,No,No,No,Yes,2026-07-21 14:10:44
SO-031,Радиатор/патрубки,cooling-radiator,Radiator jalüzü,Жалюзи радиатора,jalüz; jalüz eynəyi; jalüzü; üst jalüzü; jaluz; jaluz eyneyi; jaluzu; ust jaluzu; radiator jaluzu; jaluzeyneyi; ustjaluzu; radiatorjaluzu; жалюзирадиатора,13,Radiator jalüzü; Жалюзи радиатора; jalüz; jalüz eynəyi; jalüzü; üst jalüzü; jaluz; jaluz eyneyi; jaluzu; ust jaluzu; radiator jaluzu; jaluzeyneyi; ustjaluzu; radiatorjaluzu; жалюзирадиатора,15,No,No,No,Yes,2026-08-22 12:03:18
SO-026,Радиатор/патрубки,cooling-radiator,İnterkuler,Интеркулер,intercooler; ınterkuler radiatoru; radiator interkulleri; interkuller; interkuler radiatoru; interkulerradiatoru; radiatorinterkulleri,7,İnterkuler; Интеркулер; interkuler; intercooler; ınterkuler radiatoru; radiator interkulleri; interkuller; interkuler radiatoru; interkulerradiatoru; radiatorinterkulleri,10,No,No,No,Yes,2026-07-21 14:10:44
SO-039,Радиатор/патрубки,cooling-radiator,Radiator qapağı,Крышка радиатора,radiator qapağı; radiator qapagi; радиаторная крышка; крышка радиатора; radiatorqapagi; радиаторнаякрышка; крышкарадиатора,7,radiator qapağı; radiator qapagi; радиаторная крышка; крышка радиатора; radiatorqapagi; радиаторнаякрышка; крышкарадиатора,7,No,No,No,Yes,2026-08-29 16:45:06
SO-015,Радиатор/патрубки,cooling-radiator,Yağ soyuducusu (radiatoru),Масляный радиатор (маслоохладитель),маслоохладитель; radiatoru; yağ radiatoru; yağ soyuducusu; radiator transmissiya; radiator transmissiyası; yag radiatoru; yag soyuducusu; radiator transmissiyasi; yag soyuducusu radiatoru; yagradiatoru; yagsoyuducusu; radiatortransmissiya; radiatortransmissiyasi,14,Yağ soyuducusu (radiatoru); Масляный радиатор (маслоохладитель); yağ soyuducusu radiatoru; масляный радиатор маслоохладитель; маслоохладитель; radiatoru; yağ radiatoru; yağ soyuducusu; radiator transmissiya; radiator transmissiyası; yag radiatoru; yag soyuducusu; radiator transmissiyasi; yag soyuducusu radiatoru; yagradiatoru; yagsoyuducusu; radiatortransmissiya; radiatortransmissiyasi,18,No,No,No,Yes,2026-07-21 14:10:44
SO-027,Радиатор/патрубки,cooling-radiator,İnterkuler şlanqı (nadduv borusu),Патрубок интеркулера (наддув),наддув; nadduv borusu; ınterkuller borusu; interkullerin borusu; interkuller şlanqı; interkuller şlank; interkuller boru; interkuller borusu; interkuller slanqi; interkuller slank; interkuler slanqi nadduv borusu; nadduvborusu; interkullerborusu; interkullerinborusu; interkullerslanqi; interkullerslank; interkullerboru,17,İnterkuler şlanqı (nadduv borusu); Патрубок интеркулера (наддув); interkuler şlanqı nadduv borusu; патрубок интеркулера наддув; наддув; nadduv borusu; ınterkuller borusu; interkullerin borusu; interkuller şlanqı; interkuller şlank; interkuller boru; interkuller borusu; interkuller slanqi; interkuller slank; interkuler slanqi nadduv borusu; nadduvborusu; interkullerborusu; interkullerinborusu; interkullerslanqi; interkullerslank; interkullerboru,21,No,No,No,Yes,2026-07-21 14:10:44
SO-009,Радиатор/патрубки,cooling-radiator,"Soyutma şlanqı (su, antifriz)",Патрубок системы охлаждения,radiator borusu; su borusu; suyun potrubkası; üst su borusu; radiator şlanqı; radiator dəmir borusu; antifriz baçokundan radiatora gedən borular; antifriz bacokundan radiatora gedən nazik turbalar; patrupa; patrupka; patrubka; patrupkasi; patrupasi; mator patrupasi; matorun patrupasi; aşağı patrupa; alt patrupa; patrupqa; antiviris soyutma şlanaq; suyun potrubkasi; ust su borusu; radiator slanqi; radiator demir borusu; antifriz bacokundan radiatora geden borular; antifriz bacokundan radiatora geden nazik turbalar; asagi patrupa; antiviris soyutma slanaq; soyutma slanqi su antifriz; radiatorborusu; suborusu; suyunpotrubkasi; radiatorslanqi; matorpatrupasi; matorunpatrupasi; asagipatrupa; altpatrupa,36,"Soyutma şlanqı (su, antifriz); Патрубок системы охлаждения; soyutma şlanqı su antifriz; radiator borusu; su borusu; suyun potrubkası; üst su borusu; radiator şlanqı; radiator dəmir borusu; antifriz baçokundan radiatora gedən borular; antifriz bacokundan radiatora gedən nazik turbalar; patrupa; patrupka; patrubka; patrupkasi; patrupasi; mator patrupasi; matorun patrupasi; aşağı patrupa; alt patrupa; patrupqa; antiviris soyutma şlanaq; suyun potrubkasi; ust su borusu; radiator slanqi; radiator demir borusu; antifriz bacokundan radiatora geden borular; antifriz bacokundan radiatora geden nazik turbalar; asagi patrupa; antiviris soyutma slanaq; soyutma slanqi su antifriz; radiatorborusu; suborusu; suyunpotrubkasi; radiatorslanqi; matorpatrupasi; matorunpatrupasi; asagipatrupa; altpatrupa",39,No,No,No,Yes,2026-07-21 14:10:44
SO-001,Радиатор/патрубки,cooling-radiator,Su radiatoru,Радиатор охлаждения,hybrid su radiatoru; radiator; aşağı temperaturlu radiator; temperaturlu radiator; televizor panel; radiyator dest; radiator dəsti; asagi temperaturlu radiator; radiator desti; temperaturluradiator; televizorpanel; radiyatordest; radiatordesti; suradiatoru; радиаторохлаждения,15,Su radiatoru; Радиатор охлаждения; hybrid su radiatoru; radiator; aşağı temperaturlu radiator; temperaturlu radiator; televizor panel; radiyator dest; radiator dəsti; asagi temperaturlu radiator; radiator desti; temperaturluradiator; televizorpanel; radiyatordest; radiatordesti; suradiatoru; радиаторохлаждения,17,No,No,No,Yes,2026-07-21 14:10:44
SO-038,Радиатор/патрубки,cooling-radiator,Radiator probkası,Сливная пробка радиатора,radiator probkasi; radiatorun probkasi; antifiriz radiatorunun probkasi; su radiatorunun probkasi; antifriz probkasi; пробка радиатора; слив радиатора; radiatorprobkasi; radiatorunprobkasi; antifrizprobkasi; пробкарадиатора; сливрадиатора,12,Radiator probkası; Сливная пробка радиатора; radiator probkasi; radiatorun probkasi; antifiriz radiatorunun probkasi; su radiatorunun probkasi; antifriz probkasi; пробка радиатора; слив радиатора; radiatorprobkasi; radiatorunprobkasi; antifrizprobkasi; пробкарадиатора; сливрадиатора,14,No,No,No,Yes,2026-08-29 17:22:38
SO-035,Радиатор/патрубки,cooling-radiator,Peç troyniki,Тройник патрубка печи,pec troyniki; pectroyniki,2,Peç troyniki; Тройник патрубка печи; pec troyniki; pectroyniki,4,No,No,No,Yes,2026-08-25 15:18:43
SO-017,Расширительный бачок/антифриз,cooling-expansion-tank,Su səviyyəsi datçiki,Датчик уровня охлаждающей жидкости,su seviyyesi datciki,1,Su səviyyəsi datçiki; Датчик уровня охлаждающей жидкости; su seviyyesi datciki,3,No,No,No,Yes,2026-07-21 14:10:44
SO-032,Расширительный бачок/антифриз,cooling-expansion-tank,Baçok qapağı,Крышка бачка,bacok qapagi; bacokqapagi; крышкабачка,3,Baçok qapağı; Крышка бачка; bacok qapagi; bacokqapagi; крышкабачка,5,No,No,No,Yes,2026-08-22 12:03:18
SO-008,Расширительный бачок/антифриз,cooling-expansion-tank,Antifriz baçoku (genişlənmə çəni),Расширительный бачок антифриза,genişlənmə çəni; antifriz çəni; su çəni; antfriz çəni; antifriz su çəni; antifriz deposu; çən antifrizi; behr antifriz çəni; köməkçi su çəni; antifriz qapağı; бачок для воды; rasşritel baçok qapağı; genislenme ceni; antifriz ceni; su ceni; antfriz ceni; antifriz su ceni; cen antifrizi; behr antifriz ceni; komekci su ceni; antifriz qapagi; rassritel bacok qapagi; antifriz bacoku genislenme ceni; genislenmeceni; antifrizceni; antfrizceni; antifrizdeposu; cenantifrizi; antifrizqapagi,29,Antifriz baçoku (genişlənmə çəni); Расширительный бачок антифриза; antifriz baçoku genişlənmə çəni; genişlənmə çəni; antifriz çəni; su çəni; antfriz çəni; antifriz su çəni; antifriz deposu; çən antifrizi; behr antifriz çəni; köməkçi su çəni; antifriz qapağı; бачок для воды; rasşritel baçok qapağı; genislenme ceni; antifriz ceni; su ceni; antfriz ceni; antifriz su ceni; cen antifrizi; behr antifriz ceni; komekci su ceni; antifriz qapagi; rassritel bacok qapagi; antifriz bacoku genislenme ceni; genislenmeceni; antifrizceni; antfrizceni; antifrizdeposu; cenantifrizi; antifrizqapagi,32,No,No,No,Yes,2026-07-21 14:10:44
SU-008,Рейка/колонка,steering-rack,Rulevoy krestovina,Крестовина рулевого вала,rulevoykrestovina,1,Rulevoy krestovina; Крестовина рулевого вала; rulevoykrestovina,3,No,No,No,Yes,2026-07-21 14:10:44
SU-012,Рейка/колонка,steering-rack,Rul reykasının pılniki,Пыльник рулевой рейки,rul reykasinin pilniki,1,Rul reykasının pılniki; Пыльник рулевой рейки; rul reykasinin pilniki,3,Yes,No,No,Yes,2026-07-21 14:10:44
SU-016,Рейка/колонка,steering-rack,Rul reykası remkomplekti (salnikler),Ремкомплект рулевой рейки (сальники),сальники; salnikler; rul reykasi remkomplekti salnikler,3,Rul reykası remkomplekti (salnikler); Ремкомплект рулевой рейки (сальники); rul reykası remkomplekti salnikler; ремкомплект рулевой рейки сальники; сальники; salnikler; rul reykasi remkomplekti salnikler,7,No,No,No,Yes,2026-07-21 14:10:44
SU-004,Рейка/колонка,steering-rack,Rulavoy kalonka,Рулевая колонка,rulovoy kalonka; rulovoykalonka; rulavoykalonka; рулеваяколонка,4,Rulavoy kalonka; Рулевая колонка; rulovoy kalonka; rulovoykalonka; rulavoykalonka; рулеваяколонка,6,No,No,No,Yes,2026-07-21 14:10:44
SU-006,Рейка/колонка,steering-rack,Rulevoy reyka (dişli qutusu),Рулевая рейка,dişli qutusu; sükan reykası; sükan mexanizmi; pulavoy reyka; rulavoy lazımdır; disli qutusu; sukan reykasi; sukan mexanizmi; rulavoy lazimdir; rulevoy reyka disli qutusu; disliqutusu; sukanreykasi; sukanmexanizmi; pulavoyreyka; rulavoylazimdir; рулеваярейка,16,Rulevoy reyka (dişli qutusu); Рулевая рейка; rulevoy reyka dişli qutusu; dişli qutusu; sükan reykası; sükan mexanizmi; pulavoy reyka; rulavoy lazımdır; disli qutusu; sukan reykasi; sukan mexanizmi; rulavoy lazimdir; rulevoy reyka disli qutusu; disliqutusu; sukanreykasi; sukanmexanizmi; pulavoyreyka; rulavoylazimdir; рулеваярейка,19,No,No,No,Yes,2026-07-21 14:10:44
SU-015,Рейка/колонка,steering-rack,Rulevoy amortizator,Рулевой амортизатор (внедорожники/пикапы),внедорожники; внедорожники пикапы; пикапы; внедорожникипикапы; rulevoyamortizator,5,Rulevoy amortizator; Рулевой амортизатор (внедорожники/пикапы); рулевой амортизатор внедорожники пикапы; внедорожники; внедорожники пикапы; пикапы; внедорожникипикапы; rulevoyamortizator,8,No,No,No,Yes,2026-07-21 14:10:44
KZ-067,Ремни безопасности,interior-seatbelts,Təhlükəsizlik kəməri,Ремень безопасности,tehlukesizlik kemeri; tehlukesizlikkemeri; ременьбезопасности,3,Təhlükəsizlik kəməri; Ремень безопасности; tehlukesizlik kemeri; tehlukesizlikkemeri; ременьбезопасности,5,Yes,No,No,Yes,2026-07-21 14:10:44
SU-009,Руль/шлейф (SRS),steering-wheel-srs,Rul altı keçirici (dönmə/işıq qolu),Подрулевой переключатель,dönmə; dönmə işıq qolu; işıq qolu; donme; donme isiq qolu; isiq qolu; rul alti kecirici donme isiq qolu; isiqqolu; подрулевойпереключатель,9,Rul altı keçirici (dönmə/işıq qolu); Подрулевой переключатель; rul altı keçirici dönmə işıq qolu; dönmə; dönmə işıq qolu; işıq qolu; donme; donme isiq qolu; isiq qolu; rul alti kecirici donme isiq qolu; isiqqolu; подрулевойпереключатель,12,No,No,No,Yes,2026-07-21 14:10:44
SU-011,Руль/шлейф (SRS),steering-wheel-srs,Rul (sükan çarxı),Руль (рулевое колесо),рулевое колесо; sükan çarxı; sükan; sukan; sukan carxi; rul sukan carxi; рулевоеколесо; sukancarxi,8,Rul (sükan çarxı); Руль (рулевое колесо); rul sükan çarxı; руль рулевое колесо; рулевое колесо; sükan çarxı; sükan; sukan; sukan carxi; rul sukan carxi; рулевоеколесо; sukancarxi,12,No,No,No,Yes,2026-07-21 14:10:44
EY-013,Ручник,brakes-handbrake,Ruçnoy bloku/düyməsi (elektron əl əyləci),Блок/кнопка электронного ручника,блок электронного ручника; кнопка электронного ручника; ruçnoy bloku; ruçnoy düyməsi; elektron əl əyləci; rucnoy bloku; rucnoy duymesi; elektron el eyleci; rucnoy bloku duymesi elektron el eyleci; rucnoybloku; rucnoyduymesi,11,Ruçnoy bloku/düyməsi (elektron əl əyləci); Блок/кнопка электронного ручника; ruçnoy bloku düyməsi elektron əl əyləci; блок кнопка электронного ручника; блок электронного ручника; кнопка электронного ручника; ruçnoy bloku; ruçnoy düyməsi; elektron əl əyləci; rucnoy bloku; rucnoy duymesi; elektron el eyleci; rucnoy bloku duymesi elektron el eyleci; rucnoybloku; rucnoyduymesi,15,No,No,No,Yes,2026-07-21 14:10:44
EY-012,Ручник,brakes-handbrake,Ruçnoy tormuz trosu,Трос ручного тормоза,rucnoy tormuz trosu,1,Ruçnoy tormuz trosu; Трос ручного тормоза; rucnoy tormuz trosu,3,Yes,No,No,Yes,2026-07-21 14:10:44
AS-015,Рычаги/шаровые/стабилизатор,suspension-arms,Ling/Qol (əyri/düz/banan),Рычаг подвески,əyri düz banan; aliminium asqı qolu; alt asqı qolu; alt asqı qolu dəsti; alüminium asqı qolu; asqı qolu; sükan lingi; tənzimləyici lingi; üst asqı qolu; əyri asqı qolu; oynaqlı düz qol; alt idarəetmə qolu; asqı dartma qolu; arxa qolu; ön qolu; alt qollar; ön sol alt qol; eyri duz banan; aliminium asqi qolu; alt asqi qolu; alt asqi qolu desti; aluminium asqi qolu; asqi qolu; sukan lingi; tenzimleyici lingi; ust asqi qolu; eyri asqi qolu; oynaqli duz qol; alt idareetme qolu; asqi dartma qolu; on qolu; on sol alt qol; ling qol eyri duz banan; asqiqolu; sukanlingi; tenzimleyicilingi; arxaqolu; altqollar; рычагподвески,39,Ling/Qol (əyri/düz/banan); Рычаг подвески; ling qol əyri düz banan; əyri düz banan; aliminium asqı qolu; alt asqı qolu; alt asqı qolu dəsti; alüminium asqı qolu; asqı qolu; sükan lingi; tənzimləyici lingi; üst asqı qolu; əyri asqı qolu; oynaqlı düz qol; alt idarəetmə qolu; asqı dartma qolu; arxa qolu; ön qolu; alt qollar; ön sol alt qol; eyri duz banan; aliminium asqi qolu; alt asqi qolu; alt asqi qolu desti; aluminium asqi qolu; asqi qolu; sukan lingi; tenzimleyici lingi; ust asqi qolu; eyri asqi qolu; oynaqli duz qol; alt idareetme qolu; asqi dartma qolu; on qolu; on sol alt qol; ling qol eyri duz banan; asqiqolu; sukanlingi; tenzimleyicilingi; arxaqolu; altqollar; рычагподвески,42,Yes,Yes,No,Yes,2026-07-21 14:10:44
AS-011,Рычаги/шаровые/стабилизатор,suspension-arms,Sırğa (stabilizator lingi),Стойка стабилизатора,stabilizator lingi; sirga stabilizator lingi; stabilizatorlingi; стойкастабилизатора,4,Sırğa (stabilizator lingi); Стойка стабилизатора; sırğa stabilizator lingi; stabilizator lingi; sirga stabilizator lingi; stabilizatorlingi; стойкастабилизатора,7,Yes,Yes,No,Yes,2026-07-21 14:10:44
AS-010,Рычаги/шаровые/стабилизатор,suspension-arms,Şaravoy (kula opora),Шаровая опора,kula opora; asqının kürəcikli oynağı; böyük və kiçik oynaq; kürəcikli yastıq; kürəcikli yastığı; alt asqının kürəcikli oynağı; asqının yuxarı kürəvi dayağı; asma qolun oynağı; aşağı asqının kürəcikli oynağı; asqinin kurecikli oynagi; boyuk ve kicik oynaq; kurecikli yastiq; kurecikli yastigi; alt asqinin kurecikli oynagi; asqinin yuxari kurevi dayagi; asma qolun oynagi; asagi asqinin kurecikli oynagi; saravoy kula opora; kulaopora; kurecikliyastiq; kurecikliyastigi; шароваяопора,22,Şaravoy (kula opora); Шаровая опора; şaravoy kula opora; kula opora; asqının kürəcikli oynağı; böyük və kiçik oynaq; kürəcikli yastıq; kürəcikli yastığı; alt asqının kürəcikli oynağı; asqının yuxarı kürəvi dayağı; asma qolun oynağı; aşağı asqının kürəcikli oynağı; asqinin kurecikli oynagi; boyuk ve kicik oynaq; kurecikli yastiq; kurecikli yastigi; alt asqinin kurecikli oynagi; asqinin yuxari kurevi dayagi; asma qolun oynagi; asagi asqinin kurecikli oynagi; saravoy kula opora; kulaopora; kurecikliyastiq; kurecikliyastigi; шароваяопора,25,Yes,Yes,No,Yes,2026-07-21 14:10:44
AS-033,Сайлентблоки/втулки,suspension-bushings,Razvalni bolt (ekssentrik boltu,Болт развала,razvalın boltu; razvalni bolt qabax; arxa balaca ştanq; balaca ştanq; razvalin boltu; arxa balaca stanq; balaca stanq; razvalinboltu; balacastanq; болтразвала,10,Razvalni bolt (ekssentrik boltu; Болт развала; razvalni bolt ekssentrik boltu; razvalın boltu; razvalni bolt qabax; arxa balaca ştanq; balaca ştanq; razvalin boltu; arxa balaca stanq; balaca stanq; razvalinboltu; balacastanq; болтразвала,13,Yes,Yes,No,Yes,2026-08-28 14:28:58
AS-032,Сайлентблоки/втулки,suspension-bushings,Podramnik rezini (çərçivəaltı vtulkası),Втулка подрамника,podramnik rezini cercivealti vtulkasi; втулкаподрамника,2,Podramnik rezini (çərçivəaltı vtulkası); Втулка подрамника; podramnik rezini çərçivəaltı vtulkası; podramnik rezini cercivealti vtulkasi; втулкаподрамника,5,No,No,No,Yes,2026-08-28 10:17:32
AS-013,Сайлентблоки/втулки,suspension-bushings,Razvalni vtulka,Втулка развала,razvalnivtulka; втулкаразвала,2,Razvalni vtulka; Втулка развала; razvalnivtulka; втулкаразвала,4,Yes,Yes,No,Yes,2026-07-21 14:10:44
AS-026,Сайлентблоки/втулки,suspension-bushings,Ressora vtulkası,Втулка рессоры,ressora vtulkasi; ressoravtulkasi; втулкарессоры,3,Ressora vtulkası; Втулка рессоры; ressora vtulkasi; ressoravtulkasi; втулкарессоры,5,Yes,Yes,No,Yes,2026-07-21 14:10:44
AS-012,Сайлентблоки/втулки,suspension-bushings,Stabilizator rezini,Втулка стабилизатора,stabilizatorrezini; втулкастабилизатора,2,Stabilizator rezini; Втулка стабилизатора; stabilizatorrezini; втулкастабилизатора,4,Yes,Yes,No,Yes,2026-07-21 14:10:44
AS-025,Сайлентблоки/втулки,suspension-bushings,Balka silentbloku,Сайлентблок задней балки,balkasilentbloku,1,Balka silentbloku; Сайлентблок задней балки; balkasilentbloku,3,No,Yes,No,Yes,2026-07-21 14:10:44
AS-014,Сайлентблоки/втулки,suspension-bushings,Silentblok (qolun),Сайлентблок рычага,qolun; asqı qolunun metal oynağı; böyük rezin metal oynağı; rezin metal oynağı; rezin metal oynağı qolu; tənzimləyici rezini; rezin metal oynaq; böyük rezin metal oynaq; kiçik rezin metal oynaq; üst rezin metal oynaq; asqi qolunun metal oynagi; boyuk rezin metal oynagi; rezin metal oynagi; rezin metal oynagi qolu; tenzimleyici rezini; boyuk rezin metal oynaq; kicik rezin metal oynaq; ust rezin metal oynaq; tenzimleyicirezini; silentblokqolun; сайлентблокрычага,21,Silentblok (qolun); Сайлентблок рычага; silentblok qolun; qolun; asqı qolunun metal oynağı; böyük rezin metal oynağı; rezin metal oynağı; rezin metal oynağı qolu; tənzimləyici rezini; rezin metal oynaq; böyük rezin metal oynaq; kiçik rezin metal oynaq; üst rezin metal oynaq; asqi qolunun metal oynagi; boyuk rezin metal oynagi; rezin metal oynagi; rezin metal oynagi qolu; tenzimleyici rezini; boyuk rezin metal oynaq; kicik rezin metal oynaq; ust rezin metal oynaq; tenzimleyicirezini; silentblokqolun; сайлентблокрычага,24,Yes,Yes,No,Yes,2026-07-21 14:10:44
SR-014,Свечи,consumables-plugs,Alışdırma şamı (sveça),Свеча зажигания,sveça; alışdırıcı şam; alışma şamı; sveca; alisdirici sam; alisma sami; alisdirma sami sveca; alisdiricisam; alismasami; свечазажигания,10,Alışdırma şamı (sveça); Свеча зажигания; alışdırma şamı sveça; sveça; alışdırıcı şam; alışma şamı; sveca; alisdirici sam; alisma sami; alisdirma sami sveca; alisdiricisam; alismasami; свечазажигания,13,No,No,No,Yes,2026-07-21 14:10:44
AK-021,Сиденья,interior-seats,Uşaq oturacağı,Детское автокресло,usaq oturacagi; usaqoturacagi; детскоеавтокресло,3,Uşaq oturacağı; Детское автокресло; usaq oturacagi; usaqoturacagi; детскоеавтокресло,5,No,No,No,Yes,2026-07-21 14:10:44
AK-049,Сиденья,interior-seats,Oturacaq qızdırıcı örtüyü,Накидка на сиденье с подогревом,oturacaq qizdirici ortuyu,1,Oturacaq qızdırıcı örtüyü; Накидка на сиденье с подогревом; oturacaq qizdirici ortuyu,3,No,No,No,Yes,2026-08-28 16:39:20
AK-018,Сиденья,interior-seats,Oturacaq,Сиденье,oturacağın irəli arxaya aparan mator; oturacaq motoru; oturacagin ireli arxaya aparan mator; oturacaqmotoru,4,Oturacaq; Сиденье; oturacağın irəli arxaya aparan mator; oturacaq motoru; oturacagin ireli arxaya aparan mator; oturacaqmotoru,6,Yes,Yes,No,Yes,2026-07-21 14:10:44
AK-002,Сиденья,interior-seats,Oturacaq üzlüyü,Чехол сиденья,oturacaq çexolu; oturacaq cexolu; oturacaq uzluyu; oturacaqcexolu; oturacaquzluyu; чехолсиденья,6,Oturacaq üzlüyü; Чехол сиденья; oturacaq çexolu; oturacaq cexolu; oturacaq uzluyu; oturacaqcexolu; oturacaquzluyu; чехолсиденья,8,Yes,No,No,Yes,2026-07-21 14:10:44
TY-004,Спойлеры/диффузоры,tuning-spoilers,Arxa bufer diffuzoru,Диффузор заднего бампера,arxa bagaj üstü spoiler; arxa diffuser; arxa bagaj ustu spoiler; arxadiffuser,4,Arxa bufer diffuzoru; Диффузор заднего бампера; arxa bagaj üstü spoiler; arxa diffuser; arxa bagaj ustu spoiler; arxadiffuser,6,No,No,No,Yes,2026-07-21 14:10:44
KZ-036,Спойлеры/диффузоры,tuning-spoilers,Spoyler,Спойлер,baqaj spoyleri; baqaj üstü spoyler; baqaj üstü spoyleri; ışıqlı spoyleri; baqaj ustu spoyler; baqaj ustu spoyleri; isiqli spoyleri; baqajspoyleri; isiqlispoyleri,9,Spoyler; Спойлер; baqaj spoyleri; baqaj üstü spoyler; baqaj üstü spoyleri; ışıqlı spoyleri; baqaj ustu spoyler; baqaj ustu spoyleri; isiqli spoyleri; baqajspoyleri; isiqlispoyleri,11,No,No,No,Yes,2026-07-21 14:10:44
MU-094,Стартер/генератор,electrical-starter-alternator,Starter bendiksi,Бендикс стартера,statelin bendeksi avtomati ilə; statelin bendeksi avtomati ile; starterbendiksi; бендиксстартера,4,Starter bendiksi; Бендикс стартера; statelin bendeksi avtomati ilə; statelin bendeksi avtomati ile; starterbendiksi; бендиксстартера,6,No,No,No,Yes,2026-08-25 15:33:13
MU-047,Стартер/генератор,electrical-starter-alternator,Dinamo (generator),Генератор,generator; dinamo; dinamogenerator,3,Dinamo (generator); Генератор; dinamo generator; generator; dinamo; dinamogenerator,6,No,No,No,Yes,2026-07-21 14:10:44
EL-039,Стартер/генератор,electrical-starter-alternator,Generator tənzimləyici (reле),Реле-регулятор генератора,reле; gərginlik tənzimləyicisi dinamo relesi; dartma relesi; gerginlik tenzimleyicisi dinamo relesi; generator tenzimleyici reле; dartmarelesi,6,Generator tənzimləyici (reле); Реле-регулятор генератора; generator tənzimləyici reле; реле регулятор генератора; reле; gərginlik tənzimləyicisi dinamo relesi; dartma relesi; gerginlik tenzimleyicisi dinamo relesi; generator tenzimleyici reле; dartmarelesi,10,No,No,No,Yes,2026-07-21 14:10:44
MU-048,Стартер/генератор,electrical-starter-alternator,Starter,Стартер,stater; startyor,2,Starter; Стартер; stater; startyor,4,No,No,No,Yes,2026-07-21 14:10:44
AS-030,Ступицы/подшипники,suspension-hubs,Sapfa (povorotnı kulak),Поворотный кулак (цапфа),цапфа; povorotnı kulak; povorotni kulak; sapfa povorotni kulak; povorotnikulak,5,Sapfa (povorotnı kulak); Поворотный кулак (цапфа); sapfa povorotnı kulak; поворотный кулак цапфа; цапфа; povorotnı kulak; povorotni kulak; sapfa povorotni kulak; povorotnikulak,9,Yes,Yes,No,Yes,2026-07-21 14:10:44
AS-007,Ступицы/подшипники,suspension-hubs,Stupitsa podşipniki,Подшипник ступицы,usdubçiya paçeniki; usdupçiya podşipniki; stupisa paçeniki; ступица паченик; paçenik.; təkər topu yastığı; təkər topunun diyircəyi; təkər topunun diyirlənmə yastığı; paçennik; usdubçiyanın paçeniki; qabaq stupsiyaların poçenniki; stupsiya paçevniki; usdubciya paceniki; usdupciya podsipniki; stupisa paceniki; pacenik; teker topu yastigi; teker topunun diyirceyi; teker topunun diyirlenme yastigi; pacennik; usdubciyanin paceniki; qabaq stupsiyalarin pocenniki; stupsiya pacevniki; stupitsa podsipniki; usdubciyapaceniki; usdupciyapodsipniki; stupisapaceniki; ступицапаченик; usdubciyaninpaceniki; stupsiyapacevniki; stupitsapodsipniki; подшипникступицы,32,Stupitsa podşipniki; Подшипник ступицы; paçenik; usdubçiya paçeniki; usdupçiya podşipniki; stupisa paçeniki; ступица паченик; paçenik.; təkər topu yastığı; təkər topunun diyircəyi; təkər topunun diyirlənmə yastığı; paçennik; usdubçiyanın paçeniki; qabaq stupsiyaların poçenniki; stupsiya paçevniki; usdubciya paceniki; usdupciya podsipniki; stupisa paceniki; pacenik; teker topu yastigi; teker topunun diyirceyi; teker topunun diyirlenme yastigi; pacennik; usdubciyanin paceniki; qabaq stupsiyalarin pocenniki; stupsiya pacevniki; stupitsa podsipniki; usdubciyapaceniki; usdupciyapodsipniki; stupisapaceniki; ступицапаченик; usdubciyaninpaceniki; stupsiyapacevniki; stupitsapodsipniki; подшипникступицы,35,Yes,Yes,No,Yes,2026-07-21 14:10:44
AS-006,Ступицы/подшипники,suspension-hubs,Stupitsa (təkər topu),Ступица колеса,təkər topu; təkər qovşağı; teker topu; teker qovsagi; stupitsa teker topu; tekertopu; tekerqovsagi; ступицаколеса,8,Stupitsa (təkər topu); Ступица колеса; stupitsa təkər topu; təkər topu; təkər qovşağı; teker topu; teker qovsagi; stupitsa teker topu; tekertopu; tekerqovsagi; ступицаколеса,11,Yes,Yes,No,Yes,2026-07-21 14:10:44
AS-027,Ступицы/подшипники,suspension-hubs,Təkər şpilkası,Шпилька крепления колеса,teker spilkasi; tekerspilkasi,2,Təkər şpilkası; Шпилька крепления колеса; teker spilkasi; tekerspilkasi,4,No,No,No,Yes,2026-07-21 14:10:44
KZ-053,Стёкла,body-glass,Ön şüşə su axarı (jabo),Водосток лобового стекла (жабо),жабо; jabo; ön sinəlik; sinəlik; jabo paneli; ön şüşə su axarı; ön şüşə plastik; patpres altı plastik; şüşə altı plastik; külək şüşəsinin alt plastiki; on sinelik; sinelik; on suse su axari; on suse plastik; patpres alti plastik; suse alti plastik; kulek susesinin alt plastiki; on suse su axari jabo; onsinelik; jabopaneli,20,Ön şüşə su axarı (jabo); Водосток лобового стекла (жабо); ön şüşə su axarı jabo; водосток лобового стекла жабо; жабо; jabo; ön sinəlik; sinəlik; jabo paneli; ön şüşə su axarı; ön şüşə plastik; patpres altı plastik; şüşə altı plastik; külək şüşəsinin alt plastiki; on sinelik; sinelik; on suse su axari; on suse plastik; patpres alti plastik; suse alti plastik; kulek susesinin alt plastiki; on suse su axari jabo; onsinelik; jabopaneli,24,No,Yes,No,Yes,2026-07-21 14:10:44
KZ-012,Стёкла,body-glass,Arxa şüşə,Заднее стекло,arxa suse; arxasuse; заднеестекло,3,Arxa şüşə; Заднее стекло; arxa suse; arxasuse; заднеестекло,5,No,No,No,Yes,2026-07-21 14:10:44
KZ-090,Стёкла,body-glass,Jabo kronşteyni,Кронштейн жабо,jabo kronsteyni; jabokronsteyni; кронштейнжабо,3,Jabo kronşteyni; Кронштейн жабо; jabo kronsteyni; jabokronsteyni; кронштейнжабо,5,Yes,No,No,Yes,2026-08-25 15:17:39
KZ-011,Стёкла,body-glass,Ön şüşə (patpres),Лобовое стекло,patpres; alın şüşəsi; patples; patpresin qamisi; plyonka; plyonka vinil; on patples; fiolet patpres; benson patpres; luk firmasiynan; üstən çıxma alın şüşəsi; parpres rezinleri; alin susesi; usten cixma alin susesi; on suse patpres; alinsusesi; patpresinqamisi; plyonkavinil; onpatples; fioletpatpres; bensonpatpres; lukfirmasiynan; parpresrezinleri; лобовоестекло,24,Ön şüşə (patpres); Лобовое стекло; ön şüşə patpres; patpres; alın şüşəsi; patples; patpresin qamisi; plyonka; plyonka vinil; on patples; fiolet patpres; benson patpres; luk firmasiynan; üstən çıxma alın şüşəsi; parpres rezinleri; alin susesi; usten cixma alin susesi; on suse patpres; alinsusesi; patpresinqamisi; plyonkavinil; onpatples; fioletpatpres; bensonpatpres; lukfirmasiynan; parpresrezinleri; лобовоестекло,27,No,No,No,Yes,2026-07-21 14:10:44
KZ-035,Стёкла,body-glass,Lyuk mexanizmi,Механизм люка,lyuk; lyukmexanizmi; механизмлюка,3,Lyuk mexanizmi; Механизм люка; lyuk; lyukmexanizmi; механизмлюка,5,No,No,No,Yes,2026-07-21 14:10:44
KZ-013,Стёкла,body-glass,Qapı şüşəsi,Стекло двери,qapi susesi; qapisusesi; стеклодвери,3,Qapı şüşəsi; Стекло двери; qapi susesi; qapisusesi; стеклодвери,5,Yes,Yes,No,Yes,2026-07-21 14:10:44
KZ-014,Стёкла,body-glass,Lyuk şüşəsi,Стекло люка,tavan şüşəsi; ultra tavan şüşəsi; tavan susesi; ultra tavan susesi; lyuk susesi; tavansusesi; lyuksusesi; стеклолюка,8,Lyuk şüşəsi; Стекло люка; tavan şüşəsi; ultra tavan şüşəsi; tavan susesi; ultra tavan susesi; lyuk susesi; tavansusesi; lyuksusesi; стеклолюка,10,No,No,No,Yes,2026-07-21 14:10:44
KZ-056,Стёкла,body-glass,Lyuk rezini,Уплотнитель (резинка) люка,резинка; lukun rezinleri; lukun rezini; lukunrezinleri; lukunrezini; lyukrezini,6,Lyuk rezini; Уплотнитель (резинка) люка; уплотнитель резинка люка; резинка; lukun rezinleri; lukun rezini; lukunrezinleri; lukunrezini; lyukrezini,9,No,No,No,Yes,2026-07-21 14:10:44
KZ-082,Стёкла,body-glass,Şüşə rezini,Уплотнитель стекла,suse rezini; suserezini; уплотнительстекла,3,Şüşə rezini; Уплотнитель стекла; suse rezini; suserezini; уплотнительстекла,5,No,No,No,Yes,2026-08-22 12:03:18
KZ-072,Стёкла,body-glass,Lyuk pərdəsi,Шторка люка,lyukun pərdəsi; lyukun perdesi; lyuk perdesi; lyukunperdesi; lyukperdesi; шторкалюка,6,Lyuk pərdəsi; Шторка люка; lyukun pərdəsi; lyukun perdesi; lyuk perdesi; lyukunperdesi; lyukperdesi; шторкалюка,8,No,No,No,Yes,2026-08-22 12:03:18
EY-004,Суппорты,brakes-calipers,Support təmir dəsti (toz qoruyucusu/manjet),Ремкомплект суппорта (пыльники/манжеты),манжеты; пыльники; пыльники манжеты; manjet; toz qoruyucusu; toz qoruyucusu manjet; rulavoy komplekt supportun palisleri; supportun palisleri; support temir desti toz qoruyucusu manjet; пыльникиманжеты; tozqoruyucusu; supportunpalisleri,12,Support təmir dəsti (toz qoruyucusu/manjet); Ремкомплект суппорта (пыльники/манжеты); support təmir dəsti toz qoruyucusu manjet; ремкомплект суппорта пыльники манжеты; манжеты; пыльники; пыльники манжеты; manjet; toz qoruyucusu; toz qoruyucusu manjet; rulavoy komplekt supportun palisleri; supportun palisleri; support temir desti toz qoruyucusu manjet; пыльникиманжеты; tozqoruyucusu; supportunpalisleri,16,Yes,Yes,No,Yes,2026-07-21 14:10:44
EY-003,Суппорты,brakes-calipers,Support (suport),Тормозной суппорт,suport; support; supportsuport; тормознойсуппорт,4,Support (suport); Тормозной суппорт; support suport; suport; support; supportsuport; тормознойсуппорт,7,Yes,Yes,No,Yes,2026-07-21 14:10:44
TR-023,Сцепление/маховик,transmission-clutch,Maxovik vengi,Венец маховика (зубчатка стартера),зубчатка стартера; зубчаткастартера; maxovikvengi,3,Maxovik vengi; Венец маховика (зубчатка стартера); венец маховика зубчатка стартера; зубчатка стартера; зубчаткастартера; maxovikvengi,6,No,No,No,Yes,2026-07-21 14:10:44
TR-024,Сцепление/маховик,transmission-clutch,Mufta vilkası,Вилка сцепления,mufta vilkasi; muftavilkasi; вилкасцепления,3,Mufta vilkası; Вилка сцепления; mufta vilkasi; muftavilkasi; вилкасцепления,5,No,No,No,Yes,2026-07-21 14:10:44
TR-008,Сцепление/маховик,transmission-clutch,Vıjımnoy (buraxıcı podşipnik),Выжимной подшипник,buraxıcı podşipnik; buraxici podsipnik; vijimnoy buraxici podsipnik; buraxicipodsipnik; выжимнойподшипник,5,Vıjımnoy (buraxıcı podşipnik); Выжимной подшипник; vıjımnoy buraxıcı podşipnik; buraxıcı podşipnik; buraxici podsipnik; vijimnoy buraxici podsipnik; buraxicipodsipnik; выжимнойподшипник,8,No,No,No,Yes,2026-07-21 14:10:44
TR-026,Сцепление/маховик,transmission-clutch,Mufta hidravlik şlanqı (gidrositel borusu),Гибкая трубка привода сцепления,gidrositel borusu; mufta hidravlik slanqi gidrositel borusu; gidrositelborusu,3,Mufta hidravlik şlanqı (gidrositel borusu); Гибкая трубка привода сцепления; mufta hidravlik şlanqı gidrositel borusu; gidrositel borusu; mufta hidravlik slanqi gidrositel borusu; gidrositelborusu,6,No,No,No,Yes,2026-07-21 14:10:44
TR-009,Сцепление/маховик,transmission-clutch,Mufta qlavni silindiri,Главный цилиндр сцепления,,0,Mufta qlavni silindiri; Главный цилиндр сцепления,2,No,No,No,Yes,2026-07-21 14:10:44
TR-006,Сцепление/маховик,transmission-clutch,Feredo (mufta diski),Диск сцепления,mufta diski; feredosu; ferdo; muftadiski; дисксцепления,5,Feredo (mufta diski); Диск сцепления; feredo mufta diski; mufta diski; feredosu; ferdo; muftadiski; дисксцепления,8,No,No,No,Yes,2026-07-21 14:10:44
TR-032,Сцепление/маховик,transmission-clutch,Mufta dəsti,Комплект сцепления,caşka feredo vijimnoy desti; feredo vijimnoy dest; caska feredo vijimnoy desti; mufta desti; muftadesti; комплектсцепления,6,Mufta dəsti; Комплект сцепления; caşka feredo vijimnoy desti; feredo vijimnoy dest; caska feredo vijimnoy desti; mufta desti; muftadesti; комплектсцепления,8,No,No,No,Yes,2026-08-25 15:42:56
TR-007,Сцепление/маховик,transmission-clutch,Çaşqa (sıxıcı disk/korzin),Корзина сцепления (нажимной диск),нажимной диск; korzin; sıxıcı disk; sıxıcı disk korzin; caska; çaska; корзина сцепления; sixici disk; sixici disk korzin; casqa sixici disk korzin; нажимнойдиск; sixicidisk; корзинасцепления,13,Çaşqa (sıxıcı disk/korzin); Корзина сцепления (нажимной диск); çaşqa sıxıcı disk korzin; корзина сцепления нажимной диск; нажимной диск; korzin; sıxıcı disk; sıxıcı disk korzin; caska; çaska; корзина сцепления; sixici disk; sixici disk korzin; casqa sixici disk korzin; нажимнойдиск; sixicidisk; корзинасцепления,17,No,No,No,Yes,2026-07-21 14:10:44
TR-010,Сцепление/маховик,transmission-clutch,Maxovik (maxavik),Маховик (махавик),maxovikmaxavik; маховикмахавик,2,Maxovik (maxavik); Маховик (махавик); maxovik maxavik; маховик махавик; maxovikmaxavik; маховикмахавик,6,No,No,No,Yes,2026-07-21 14:10:44
TR-020,Сцепление/маховик,transmission-clutch,Mufta raboçi silindiri,Рабочий цилиндр сцепления,mufta raboci silindiri,1,Mufta raboçi silindiri; Рабочий цилиндр сцепления; mufta raboci silindiri,3,No,No,No,Yes,2026-07-21 14:10:44
TR-031,Сцепление/маховик,transmission-clutch,Torsion dempferi,Торсионный демпфер,torsiondempferi; торсионныйдемпфер,2,Torsion dempferi; Торсионный демпфер; torsiondempferi; торсионныйдемпфер,4,No,No,No,Yes,2026-08-25 15:42:07
AK-017,Торпедо/потолок/козырьки,interior-dashboard,Bardaçok,Бардачок (перчаточный ящик),перчаточный ящик; ön panelde olan mebel; tahta mebel; mərkəzi konsol tahta; panoramanın ramkası; panorama ramkasi; bardacok; salonda sol gunluk kozeroq; gunluk kozeroq; alt panel qoruyucusu; panel alt qoruyucusu; on panelde olan mebel; merkezi konsol tahta; panoramanin ramkasi; перчаточныйящик; tahtamebel; panoramaninramkasi; panoramaramkasi; gunlukkozeroq,19,Bardaçok; Бардачок (перчаточный ящик); бардачок перчаточный ящик; перчаточный ящик; ön panelde olan mebel; tahta mebel; mərkəzi konsol tahta; panoramanın ramkası; panorama ramkasi; bardacok; salonda sol gunluk kozeroq; gunluk kozeroq; alt panel qoruyucusu; panel alt qoruyucusu; on panelde olan mebel; merkezi konsol tahta; panoramanin ramkasi; перчаточныйящик; tahtamebel; panoramaninramkasi; panoramaramkasi; gunlukkozeroq,22,No,No,No,Yes,2026-07-21 14:10:44
AK-019,Торпедо/потолок/козырьки,interior-dashboard,Bardaçok kilidi,Замок бардачка,bardacok kilidi; bardacokkilidi; замокбардачка,3,Bardaçok kilidi; Замок бардачка; bardacok kilidi; bardacokkilidi; замокбардачка,5,No,No,No,Yes,2026-07-21 14:10:44
AK-003,Торпедо/потолок/козырьки,interior-dashboard,Günəşlik (günlük),Козырёк солнцезащитный,günlük; günəşlik; salon günlüyü; salon günəşliyi; günəş qoruyucusu; günəş sipəri; sun visor; sunshade visor; козырек; солнцезащитный козырек; козырек салона; козырек от солнца; günəş günlüyü; gunes gunluyu; gunluk; guneslik; salon gunluyu; salon gunesliyi; gunes qoruyucusu; gunes siperi; guneslik gunluk; salongunluyu; salongunesliyi; gunesqoruyucusu; gunessiperi; sunvisor; sunshadevisor; солнцезащитныйкозырек; козырексалона; gunesgunluyu; guneslikgunluk; козырёксолнцезащитный,32,Günəşlik (günlük); Козырёк солнцезащитный; günəşlik günlük; günlük; günəşlik; salon günlüyü; salon günəşliyi; günəş qoruyucusu; günəş sipəri; sun visor; sunshade visor; козырек; солнцезащитный козырек; козырек салона; козырек от солнца; günəş günlüyü; gunes gunluyu; gunluk; guneslik; salon gunluyu; salon gunesliyi; gunes qoruyucusu; gunes siperi; guneslik gunluk; salongunluyu; salongunesliyi; gunesqoruyucusu; gunessiperi; sunvisor; sunshadevisor; солнцезащитныйкозырек; козырексалона; gunesgunluyu; guneslikgunluk; козырёксолнцезащитный,35,No,No,No,Yes,2026-07-21 14:10:44
KZ-068,Торпедо/потолок/козырьки,interior-dashboard,Salon tavanı (dam örtüyü),Обшивка потолка салона (потолок),потолок; dam örtüyü; dam; dam dəsti; dam ortuyu; dam desti; salon tavani dam ortuyu; damortuyu; damdesti,9,Salon tavanı (dam örtüyü); Обшивка потолка салона (потолок); salon tavanı dam örtüyü; обшивка потолка салона потолок; потолок; dam örtüyü; dam; dam dəsti; dam ortuyu; dam desti; salon tavani dam ortuyu; damortuyu; damdesti,13,No,No,No,Yes,2026-07-21 14:10:44
KZ-057,Торпедо/потолок/козырьки,interior-dashboard,Peçin barmaqlıqları (ventilyasiya barmaqlığı),Решётка воздуховода (дефлектор панели),дефлектор панели; ventilyasiya barmaqlığı; ventilyasiya barmaqligi; pecin barmaqliqlari ventilyasiya barmaqligi; дефлекторпанели; ventilyasiyabarmaqligi,6,Peçin barmaqlıqları (ventilyasiya barmaqlığı); Решётка воздуховода (дефлектор панели); peçin barmaqlıqları ventilyasiya barmaqlığı; решётка воздуховода дефлектор панели; дефлектор панели; ventilyasiya barmaqlığı; ventilyasiya barmaqligi; pecin barmaqliqlari ventilyasiya barmaqligi; дефлекторпанели; ventilyasiyabarmaqligi,10,Yes,Yes,No,Yes,2026-07-21 14:10:44
AK-012,Торпедо/потолок/козырьки,interior-dashboard,Torpeda (panel),Торпедо (передняя панель),передняя панель; panel; torpedo; передняяпанель; torpedapanel,5,Torpeda (panel); Торпедо (передняя панель); torpeda panel; торпедо передняя панель; передняя панель; panel; torpedo; передняяпанель; torpedapanel,9,No,No,No,Yes,2026-07-21 14:10:44
SR-005,Трансмиссионное масло,consumables-transmission-oil,Karopka yağı (mexanika/avtomat),Трансмиссионное масло,avtomat; mexanika; mexanika avtomat; karopka yagi mexanika avtomat; mexanikaavtomat; трансмиссионноемасло,6,Karopka yağı (mexanika/avtomat); Трансмиссионное масло; karopka yağı mexanika avtomat; avtomat; mexanika; mexanika avtomat; karopka yagi mexanika avtomat; mexanikaavtomat; трансмиссионноемасло,9,No,No,No,Yes,2026-07-21 14:10:44
SO-024,Трубки/заправка,climate-lines,Kondisioner zolotniki (doldurma klapanı),Золотник (клапан заправки) кондиционера,клапан заправки; doldurma klapanı; doldurma klapani; kondisioner zolotniki doldurma klapani; клапанзаправки; doldurmaklapani,6,Kondisioner zolotniki (doldurma klapanı); Золотник (клапан заправки) кондиционера; kondisioner zolotniki doldurma klapanı; золотник клапан заправки кондиционера; клапан заправки; doldurma klapanı; doldurma klapani; kondisioner zolotniki doldurma klapani; клапанзаправки; doldurmaklapani,10,No,No,No,Yes,2026-07-21 14:10:44
SO-037,Трубки/заправка,climate-lines,Kondisioner quruducusu,Осушитель кондиционера,kondisionerquruducusu; осушителькондиционера,2,Kondisioner quruducusu; Осушитель кондиционера; kondisionerquruducusu; осушителькондиционера,4,No,No,No,Yes,2026-08-25 17:37:23
SO-014,Трубки/заправка,climate-lines,Kondisioner borusu,Трубка кондиционера,трубка кондиционера; шланг кондиционера; kondisonerin borulari ve slanklari; kondisioner borulari; трубкакондиционера; шлангкондиционера; kondisionerborulari; kondisionerborusu,8,Kondisioner borusu; трубка кондиционера; шланг кондиционера; kondisonerin borulari ve slanklari; kondisioner borulari; трубкакондиционера; шлангкондиционера; kondisionerborulari; kondisionerborusu,9,No,No,No,Yes,2026-07-21 14:10:44
MU-038,Турбина,engine-turbo,Turbo aktuatoru,Актюатор турбины (вестгейт),вестгейт; turboaktuatoru,2,Turbo aktuatoru; Актюатор турбины (вестгейт); актюатор турбины вестгейт; вестгейт; turboaktuatoru,5,No,No,No,Yes,2026-07-21 14:10:44
RG-13,Турбина,engine-turbo,Bypass klapanı,Байпас клапан (перепускной),bypass; by pass; baypass; перепускной клапан; bypass klapan; bypass klapani; перепускнойклапан; bypassklapan; bypassklapani,9,Bypass klapanı; Байпас клапан (перепускной); байпас клапан перепускной; bypass; by pass; baypass; перепускной клапан; bypass klapan; bypass klapani; перепускнойклапан; bypassklapan; bypassklapani,12,No,No,No,Yes,2026-08-22 12:15:42
MU-075,Турбина,engine-turbo,Turbo (nadduv) datçiki,Датчик давления наддува турбины,nadduv; turbo sensoru; turbo nadduv datciki; turbosensoru,4,Turbo (nadduv) datçiki; Датчик давления наддува турбины; turbo nadduv datçiki; nadduv; turbo sensoru; turbo nadduv datciki; turbosensoru,7,No,No,No,Yes,2026-07-21 14:10:44
MU-085,Турбина,engine-turbo,Turbonun qoruyucusu (zaşitniki),Защита (кожух) турбины,кожух; zaşitniki; zasitniki; turbonun qoruyucusu zasitniki,4,Turbonun qoruyucusu (zaşitniki); Защита (кожух) турбины; turbonun qoruyucusu zaşitniki; защита кожух турбины; кожух; zaşitniki; zasitniki; turbonun qoruyucusu zasitniki,8,No,No,No,Yes,2026-07-21 14:10:44
MU-091,Турбина,engine-turbo,Turbo kartrici,Картридж турбины,kartric; turbo kartici; turbo kartric; turbo katrici; turbokartici; turbokartric; turbokatrici; turbokartrici; картриджтурбины,9,Turbo kartrici; Картридж турбины; kartric; turbo kartici; turbo kartric; turbo katrici; turbokartici; turbokartric; turbokatrici; turbokartrici; картриджтурбины,11,No,No,No,Yes,2026-08-22 12:03:18
MU-037,Турбина,engine-turbo,Turbo,Турбина,turbo kompressoru; turbo kompressor; torbonun yağlama durbası; turbonun yağlama borusu; torbonun yaglama durbasi; turbonun yaglama borusu; turbokompressoru; turbokompressor,8,Turbo; Турбина; turbo kompressoru; turbo kompressor; torbonun yağlama durbası; turbonun yağlama borusu; torbonun yaglama durbasi; turbonun yaglama borusu; turbokompressoru; turbokompressor,10,No,No,No,Yes,2026-07-21 14:10:44
KZ-059,Фары,body-headlights,Faranın üst plasması,Верхняя пластиковая накладка/рамка фары,верхняя пластиковая накладка фары; верхняя пластиковая рамка фары; faranin ust plasmasi,3,Faranın üst plasması; Верхняя пластиковая накладка/рамка фары; верхняя пластиковая накладка рамка фары; верхняя пластиковая накладка фары; верхняя пластиковая рамка фары; faranin ust plasmasi,6,Yes,No,No,Yes,2026-07-21 14:10:44
KZ-044,Фары,body-headlights,Gündüz işığı (DRL),Дневной ходовой огонь,drl; gunduz isigi drl,2,Gündüz işığı (DRL); Дневной ходовой огонь; gündüz işığı drl; drl; gunduz isigi drl,5,Yes,No,No,Yes,2026-07-21 14:10:44
KZ-078,Фары,body-headlights,Fara korpusu,Корпус фары,farakorpusu; корпусфары,2,Fara korpusu; Корпус фары; farakorpusu; корпусфары,4,No,No,No,Yes,2026-08-22 12:03:18
KZ-088,Фары,body-headlights,Fara bərkidici kronşteyni,Кронштейн крепления фары,faranin salackasi; fara salaskası; faranın salaçkası; salaska fara; salacka fara; fara kronşteyni; faranın bərkidici hissəsi; fara salaskasi; fara kronsteyni; faranin berkidici hissesi; fara berkidici kronsteyni; faraninsalackasi; farasalaskasi; salaskafara; salackafara; farakronsteyni,16,Fara bərkidici kronşteyni; Кронштейн крепления фары; faranin salackasi; fara salaskası; faranın salaçkası; salaska fara; salacka fara; fara kronşteyni; faranın bərkidici hissəsi; fara salaskasi; fara kronsteyni; faranin berkidici hissesi; fara berkidici kronsteyni; faraninsalackasi; farasalaskasi; salaskafara; salackafara; farakronsteyni,18,Yes,No,No,Yes,2026-08-25 14:10:27
KZ-080,Фары,body-headlights,Fara yuyucu qapağı,Крышка форсунки омывателя фар,faraya su vuran qapağı; faraya su vuran qapagi; fara yuyucu qapagi,3,Fara yuyucu qapağı; Крышка форсунки омывателя фар; faraya su vuran qapağı; faraya su vuran qapagi; fara yuyucu qapagi,5,No,No,No,Yes,2026-08-22 12:03:18
KZ-066,Фары,body-headlights,Fara linzası,Линза фары (проекторный модуль),проекторный модуль; fara linzasi; проекторныймодуль; faralinzasi,4,Fara linzası; Линза фары (проекторный модуль); линза фары проекторный модуль; проекторный модуль; fara linzasi; проекторныймодуль; faralinzasi,7,Yes,No,No,Yes,2026-07-21 14:10:44
KZ-010,Фары,body-headlights,Fara şüşəsi,Стекло фары,fara eynəyi; sağ fara şüşəsi; fara eyneyi; sag fara susesi; fara susesi; faraeyneyi; farasusesi; стеклофары,8,Fara şüşəsi; Стекло фары; fara eynəyi; sağ fara şüşəsi; fara eyneyi; sag fara susesi; fara susesi; faraeyneyi; farasusesi; стеклофары,10,Yes,No,No,Yes,2026-07-21 14:10:44
KZ-005,Фары,body-headlights,Fara (baş fara),Фара головного света,baş fara; fara; fara dəsti; led farası; on farası; ışıq; xenon farası; ksenon farası; ksenon fara; lazer farası; bas fara; fara desti; led farasi; on farasi; isiq; xenon farasi; ksenon farasi; lazer farasi; fara bas fara; faradesti; ledfarasi; onfarasi; xenonfarasi; ksenonfarasi; ksenonfara; lazerfarasi,26,Fara (baş fara); Фара головного света; fara baş fara; baş fara; fara; fara dəsti; led farası; on farası; ışıq; xenon farası; ksenon farası; ksenon fara; lazer farası; bas fara; fara desti; led farasi; on farasi; isiq; xenon farasi; ksenon farasi; lazer farasi; fara bas fara; faradesti; ledfarasi; onfarasi; xenonfarasi; ksenonfarasi; ksenonfara; lazerfarasi,29,Yes,No,No,Yes,2026-07-21 14:10:44
SR-003,Фильтры,consumables-filters,Hava filtri,Воздушный фильтр,Hava filtri (mühərrik); hava filteri; hava filtri; mühərrik hava filteri; hava filteri mühərrik üçün; mühərrik hava filtri; hibrid filteri; hibrid filtri; hava filtri muherrik; muherrik hava filteri; hava filteri muherrik ucun; muherrik hava filtri; havafilteri; havafiltri; hibridfilteri; hibridfiltri; воздушныйфильтр,17,Воздушный фильтр; Hava filtri (mühərrik); hava filteri; hava filtri; mühərrik hava filteri; hava filteri mühərrik üçün; mühərrik hava filtri; hibrid filteri; hibrid filtri; hava filtri muherrik; muherrik hava filteri; hava filteri muherrik ucun; muherrik hava filtri; havafilteri; havafiltri; hibridfilteri; hibridfiltri; воздушныйфильтр,18,No,No,No,Yes,2026-07-21 14:10:44
SR-002,Фильтры,consumables-filters,Yağ filtri,Масляный фильтр,Yağ filtri (mühərrik); yağ filteri; mühərrik yağ filteri; mühərrik yağ filtri; yağ filteri mühərrik üçün; yağ filtri; yag filtri muherrik; yag filteri; muherrik yag filteri; muherrik yag filtri; yag filteri muherrik ucun; yag filtri; yagfilteri; yagfiltri; масляныйфильтр,15,Масляный фильтр; Yağ filtri (mühərrik); yağ filteri; mühərrik yağ filteri; mühərrik yağ filtri; yağ filteri mühərrik üçün; yağ filtri; yag filtri muherrik; yag filteri; muherrik yag filteri; muherrik yag filtri; yag filteri muherrik ucun; yag filtri; yagfilteri; yagfiltri; масляныйфильтр,16,No,No,No,Yes,2026-07-21 14:10:44
SR-004,Фильтры,consumables-filters,Salon filtri (kondisioner filtri),Салонный фильтр,kondisioner filtri; kondisioner filteri; salon filteri; antibakterial salon filteri; antibakterial salon filtri; salon filteri kondisioner filteri; salon filtri; kondisionerfiltri; kondisionerfilteri; salonfilteri; salonfiltri; салонныйфильтр,12,Salon filtri (kondisioner filtri); Салонный фильтр; salon filtri kondisioner filtri; kondisioner filtri; kondisioner filteri; salon filteri; antibakterial salon filteri; antibakterial salon filtri; salon filteri kondisioner filteri; salon filtri; kondisionerfiltri; kondisionerfilteri; salonfilteri; salonfiltri; салонныйфильтр,15,No,No,No,Yes,2026-07-21 14:10:44
SR-010,Фильтры,consumables-filters,Benzin/Yanacaq filtri,Топливный фильтр,benzin filtri; yanacaq filtri; benzin filteri; dizel yanacaq filteri; dizel yanacaq filtri; benzin yanacaq filteri; yanacaq filteri; benzinfiltri; yanacaqfiltri; benzinfilteri; yanacaqfilteri; топливныйфильтр,12,Benzin/Yanacaq filtri; Топливный фильтр; benzin yanacaq filtri; benzin filtri; yanacaq filtri; benzin filteri; dizel yanacaq filteri; dizel yanacaq filtri; benzin yanacaq filteri; yanacaq filteri; benzinfiltri; yanacaqfiltri; benzinfilteri; yanacaqfilteri; топливныйфильтр,15,No,No,No,Yes,2026-07-21 14:10:44
SR-006,Фильтры,consumables-filters,Karopka filtri,Фильтр коробки передач,sürətlər qutusu filteri; sürətlər qutusunun filteri; filter transmissiyası; filter transmissiya; qutu filteri; sürət qutusu filteri; transmissiya filteri; transmissiya filtri; transmisiya filteri; transmisiya filtri; avtomat transmisiya filteri; avtomat transmissiya filtri; avtomat transmisiya filtri; avtomat transmissiya filteri; karopka filteri; qutu filtri; sürət qutusu filtri; sürətlər qutusu filtri; sürətlər qutusunun filtri; suretler qutusu filteri; suretler qutusunun filteri; filter transmissiyasi; suret qutusu filteri; suret qutusu filtri; suretler qutusu filtri; suretler qutusunun filtri; filtertransmissiyasi; filtertransmissiya; qutufilteri; transmissiyafilteri; transmissiyafiltri; transmisiyafilteri; transmisiyafiltri; karopkafilteri; qutufiltri; karopkafiltri,36,Karopka filtri; Фильтр коробки передач; sürətlər qutusu filteri; sürətlər qutusunun filteri; filter transmissiyası; filter transmissiya; qutu filteri; sürət qutusu filteri; transmissiya filteri; transmissiya filtri; transmisiya filteri; transmisiya filtri; avtomat transmisiya filteri; avtomat transmissiya filtri; avtomat transmisiya filtri; avtomat transmissiya filteri; karopka filteri; qutu filtri; sürət qutusu filtri; sürətlər qutusu filtri; sürətlər qutusunun filtri; suretler qutusu filteri; suretler qutusunun filteri; filter transmissiyasi; suret qutusu filteri; suret qutusu filtri; suretler qutusu filtri; suretler qutusunun filtri; filtertransmissiyasi; filtertransmissiya; qutufilteri; transmissiyafilteri; transmissiyafiltri; transmisiyafilteri; transmisiyafiltri; karopkafilteri; qutufiltri; karopkafiltri,38,No,No,No,Yes,2026-07-21 14:10:44
MU-079,Форсунки/ТНВД,fuel-injectors,Karbürator,Карбюратор,karburator,1,Karbürator; Карбюратор; karburator,3,No,No,No,Yes,2026-07-21 14:10:44
YA-024,Форсунки/ТНВД,fuel-injectors,Dizel yanacaq nasosunun korpusu,Корпус дизельного топливного насоса (ТНВД),тнвд,1,Dizel yanacaq nasosunun korpusu; Корпус дизельного топливного насоса (ТНВД); корпус дизельного топливного насоса тнвд; тнвд,4,No,No,No,Yes,2026-07-21 14:10:44
YA-003,Форсунки/ТНВД,fuel-injectors,TNVD (yüksək təzyiqli nasos),ТНВД (насос высокого давления),насос высокого давления; насос высокого давления дизель; yüksək təzyiqli nasos; dizel tnvd; yuksek tezyiqli nasos; tnvd yuksek tezyiqli nasos; dizeltnvd,7,TNVD (yüksək təzyiqli nasos); ТНВД (насос высокого давления); tnvd yüksək təzyiqli nasos; тнвд насос высокого давления; насос высокого давления; насос высокого давления дизель; yüksək təzyiqli nasos; dizel tnvd; yuksek tezyiqli nasos; tnvd yuksek tezyiqli nasos; dizeltnvd,11,No,No,No,Yes,2026-07-21 14:10:44
YA-026,Форсунки/ТНВД,fuel-injectors,Yanacaq nasosunun itələyicisi,Толкатель ТНВД,tnvd itələyicisi; yanacaq nasosu itələyicisi; nasos itələyicisi; толкатель тнвд; tnvd iteleyicisi; yanacaq nasosu iteleyicisi; nasos iteleyicisi; yanacaq nasosunun iteleyicisi; tnvditeleyicisi; nasositeleyicisi; толкательтнвд,11,Yanacaq nasosunun itələyicisi; tnvd itələyicisi; yanacaq nasosu itələyicisi; nasos itələyicisi; толкатель тнвд; tnvd iteleyicisi; yanacaq nasosu iteleyicisi; nasos iteleyicisi; yanacaq nasosunun iteleyicisi; tnvditeleyicisi; nasositeleyicisi; толкательтнвд,12,No,No,No,Yes,2026-08-29 16:58:32
YA-011,Форсунки/ТНВД,fuel-injectors,Yanacaq reykası,Топливная рампа,yanacaq reykasi; yanacaqreykasi; топливнаярампа,3,Yanacaq reykası; Топливная рампа; yanacaq reykasi; yanacaqreykasi; топливнаярампа,5,No,No,No,Yes,2026-07-21 14:10:44
MU-035,Форсунки/ТНВД,fuel-injectors,Farsunka (forsunka),Форсунка,forsunka; yanacaq farsunka; yanacaq farsunkasi; уплотнительное кольцо фильтра топливного; трубки дизельные на форсунки; dizel turbalari farsunka; yanacaqfarsunka; yanacaqfarsunkasi; farsunkaforsunka,9,Farsunka (forsunka); Форсунка; farsunka forsunka; forsunka; yanacaq farsunka; yanacaq farsunkasi; уплотнительное кольцо фильтра топливного; трубки дизельные на форсунки; dizel turbalari farsunka; yanacaqfarsunka; yanacaqfarsunkasi; farsunkaforsunka,12,No,No,No,Yes,2026-07-21 14:10:44
TK-008,Шины,tires,Ventil (nippel),Вентиль/ниппель для шины,вентиль для шины; ниппель для шины; nippel; ventilnippel,4,Ventil (nippel); Вентиль/ниппель для шины; ventil nippel; вентиль ниппель для шины; вентиль для шины; ниппель для шины; nippel; ventilnippel,8,No,No,No,Yes,2026-07-21 14:10:44
TK-001,Шины,tires,Şin (təkərin rezini),Шина (покрышка),покрышка; təkərin rezini; təkərin çöl tərəfində olan plasmas; tekerin rezini; tekerin col terefinde olan plasmas; sin tekerin rezini; tekerinrezini; шинапокрышка,8,Şin (təkərin rezini); Шина (покрышка); şin təkərin rezini; шина покрышка; покрышка; təkərin rezini; təkərin çöl tərəfində olan plasmas; tekerin rezini; tekerin col terefinde olan plasmas; sin tekerin rezini; tekerinrezini; шинапокрышка,12,No,No,No,Yes,2026-07-21 14:10:44
AK-004,Обшивки/салон,interior-trim,Obşivka klipsi,Клипса обшивки,klips; klipsi; obşivka klipsi; plastik klips; piston klips; saplama; фиксатор обшивки; клипса; клипсы; пистон обшивки; obsivka klipsi; obsivkaklipsi; plastikklips; pistonklips; фиксаторобшивки; пистонобшивки; клипсаобшивки,17,Клипса обшивки; klips; klipsi; obşivka klipsi; plastik klips; piston klips; saplama; фиксатор обшивки; клипса; клипсы; пистон обшивки; obsivka klipsi; obsivkaklipsi; plastikklips; pistonklips; фиксаторобшивки; пистонобшивки; клипсаобшивки,18,No,No,No,Yes,2026-08-30 13:00:00
AK-006,Сиденья,interior-seats,Oturacaq plastik örtüyü,Пластиковая облицовка сиденья,oturacaq plastik örtüyü; oturacaq plastik qapağı; oturacağın plastik qapağı; arka oturacağın plastik qapağı; sürücü oturacağının sol tərəf plastik qapağı; oturacaq plastik ortuyu; oturacaq plastik qapagi; oturacagin plastik qapagi; arka oturacagin plastik qapagi; surucu oturacaginin sol teref plastik qapagi,10,Пластиковая облицовка сиденья; oturacaq plastik örtüyü; oturacaq plastik qapağı; oturacağın plastik qapağı; arka oturacağın plastik qapağı; sürücü oturacağının sol tərəf plastik qapağı; oturacaq plastik ortuyu; oturacaq plastik qapagi; oturacagin plastik qapagi; arka oturacagin plastik qapagi; surucu oturacaginin sol teref plastik qapagi,11,Yes,Yes,No,Yes,2026-08-30 13:00:00
YA-027,Форсунки/ТНВД,fuel-injectors,Farsunkanın abratkası,Обратка форсунок,abratka; abratkasi; dizel abratkasi; farsunka abratkasi; farsunkanın abratkası; abratka slanqi; обратка форсунок; обратка; farsunkanin abratkasi; dizelabratkasi; farsunkaabratkasi; farsunkaninabratkasi; abratkaslanqi; обраткафорсунок,14,abratka; abratkasi; dizel abratkasi; farsunka abratkasi; farsunkanın abratkası; abratka slanqi; обратка форсунок; обратка; farsunkanin abratkasi; dizelabratkasi; farsunkaabratkasi; farsunkaninabratkasi; abratkaslanqi; обраткафорсунок,14,No,No,No,Yes,2026-08-30 13:00:00
MU-011,Двигатель в сборе/поршневая,engine-assembly,Silindr gilzası,Гильза цилиндра,gilza; gilzalar; silindr gilzasi; motor gilzasi; гильза; гильза цилиндра; гильзы; silindrgilzasi; motorgilzasi; гильзацилиндра,10,Silindr gilzası; gilza; gilzalar; silindr gilzasi; motor gilzasi; гильза; гильза цилиндра; гильзы; silindrgilzasi; motorgilzasi; гильзацилиндра,11,No,No,No,Yes,2026-08-31 10:00:00
KZ-094,Подкрылки/молдинги,body-fender-liners,Qapı moldinqi (xrom naklatka),Молдинг двери (хромированная накладка),qapi moldinqi; qapi naklatkasi; qapi xrom naklatka; qapi plasmaslarina xrom; molding dveri; xrom moldinq,6,Qapı moldinqi (xrom naklatka); Молдинг двери (хромированная накладка); qapi moldinqi; qapi naklatkasi; qapi xrom naklatka; qapi plasmaslarina xrom; molding dveri; xrom moldinq,8,Yes,No,No,Yes,2026-08-31 00:00:00
KZ-095,Стёкла,body-glass,Ön şüşə kantı (moldinq),Кант лобового стекла (молдинг),on suse kanti; patpres kanti; on suse moldinqi; patpresin kenar kanti; kant lobovogo stekla,5,Ön şüşə kantı (moldinq); Кант лобового стекла (молдинг); on suse kanti; patpres kanti; on suse moldinqi; patpresin kenar kanti; kant lobovogo stekla,7,No,No,No,Yes,2026-08-31 00:00:00
KZ-096,Двери,body-doors,Qapı qulpunun çərçivəsi (naklatka),Накладка/рамка дверной ручки,qapi qulpunun cercivesi; ruchka naklatkasi; qulp naklatkasi; ramka ruchki dveri; nakladka ruchki dveri,5,Qapı qulpunun çərçivəsi (naklatka); Накладка/рамка дверной ручки; qapi qulpunun cercivesi; ruchka naklatkasi; qulp naklatkasi; ramka ruchki dveri; nakladka ruchki dveri,7,Yes,No,Yes,Yes,2026-08-31 00:00:00
MU-100,Двигатель в сборе/поршневая,engine-assembly,Hava kollektorunun zaslonkaları,Заслонки впускного коллектора,kollektor zaslonkalari; kollektor kepenekleri; hava kollektorunun kepenekleri; zaslonki kollektora; vixревые заслонки,5,Hava kollektorunun zaslonkaları; Заслонки впускного коллектора; kollektor zaslonkalari; kollektor kepenekleri; hava kollektorunun kepenekleri; zaslonki kollektora; vixревые заслонки,7,No,No,No,Yes,2026-08-31 00:00:00
EL-084,ADAS,electrical-adas,360 kamera bloku,Блок камеры кругового обзора 360,360 kamera bloku; kamera bloku; 360 kamera modulu; blok kamery 360; blok kamery krugovogo obzora,5,360 kamera bloku; Блок камеры кругового обзора 360; 360 kamera bloku; kamera bloku; 360 kamera modulu; blok kamery 360; blok kamery krugovogo obzora,7,No,No,No,Yes,2026-08-31 00:00:00
KZ-097,Стёкла,body-glass,Kuzov rezini (yuva rezini),Уплотнитель кузова (проёма),kuzov rezini; kuzov rezinleri; yuva rezini; proyem rezini; uplotnitel kuzova; uplotnitel proyema,6,Kuzov rezini (yuva rezini); Уплотнитель кузова (проёма); kuzov rezini; kuzov rezinleri; yuva rezini; proyem rezini; uplotnitel kuzova; uplotnitel proyema,8,No,No,No,Yes,2026-08-31 00:00:00
EL-085,Датчики/ЭБУ,electrical-sensors-ecu,Mühərrik bölməsinin naqil dəsti,Жгут проводки моторного отсека,matorxana provodkasi; muherrik bolmesinin naqilleri; matorxana naqil desti; jgut provodki motornogo otseka,4,Mühərrik bölməsinin naqil dəsti; Жгут проводки моторного отсека; matorxana provodkasi; muherrik bolmesinin naqilleri; matorxana naqil desti; jgut provodki motornogo otseka,6,No,No,No,Yes,2026-08-31 00:00:00
AK-050,Коврики/дефлекторы/дворники,interior-mats-wipers,Şüşə silənin qolu (poводok),Поводок (рычаг) стеклоочистителя,suse silenin qolu; sotka qolu; dvornik qolu; patpres qamisi; povodok dvornika; ryчаг stekloochistitelya,6,Şüşə silənin qolu (poводok); Поводок (рычаг) стеклоочистителя; suse silenin qolu; sotka qolu; dvornik qolu; patpres qamisi; povodok dvornika; ryчаг stekloochistitelya,8,Yes,No,No,Yes,2026-08-31 00:00:00
MU-101,Стартер/генератор,electrical-starter-alternator,Starter avtomatı (втягивающее реле),Втягивающее реле стартера,starter avtomati; statelin avtomati; vtyagivayushcheye rele; rele startera; avtomat startera,5,Starter avtomatı (втягивающее реле); Втягивающее реле стартера; starter avtomati; statelin avtomati; vtyagivayushcheye rele; rele startera; avtomat startera,7,No,No,No,Yes,2026-08-31 00:00:00
SO-040,Компрессор,climate-compressor,Kondisioner kompressorunun remeni,Ремень компрессора кондиционера,kompressor remeni; kondisioner kompressorunun remeni; kondisioner remeni; remen kompressora,4,Kondisioner kompressorunun remeni; Ремень компрессора кондиционера; kompressor remeni; kondisioner kompressorunun remeni; kondisioner remeni; remen kompressora,6,No,No,No,Yes,2026-08-31 00:00:00
AS-034,Амортизаторы/опоры,suspension-shocks,Amortizator çaşkası (yuxarı dayaq),Чашка (опора) амортизатора,amortizator caskasi; amortizator casqasi; casqa lemforder; amortizator oporasi; chashka amortizatora; opora amortizatora,6,Amortizator çaşkası (yuxarı dayaq); Чашка (опора) амортизатора; amortizator caskasi; amortizator casqasi; casqa lemforder; amortizator oporasi; chashka amortizatora; opora amortizatora,8,Yes,Yes,No,Yes,2026-08-31 00:00:00
KZ-098,Двери,body-doors,Qapı yerinin rezini,Уплотнитель дверного проёма,qapi yerinin rezini; qapi yeri rezini; qapi proyeminin rezini; uplotnitel dvernogo proyema; rezinka dvernogo proyema; qapi yuvasinin rezini,6,Qapı yerinin rezini; Уплотнитель дверного проёма; qapi yerinin rezini; qapi yeri rezini; qapi proyeminin rezini; uplotnitel dvernogo proyema; rezinka dvernogo proyema; qapi yuvasinin rezini,8,Yes,Yes,No,Yes,2026-08-31 00:00:00
KZ-099,Багажник,body-trunk,Baqaj rezini (kipləşdirici),Уплотнитель багажника,baqaj rezini; baqaj rezinleri; baqajin rezini; uplotnitel bagajnika; rezinka bagajnika,5,Baqaj rezini (kipləşdirici); Уплотнитель багажника; baqaj rezini; baqaj rezinleri; baqajin rezini; uplotnitel bagajnika; rezinka bagajnika,7,No,No,No,Yes,2026-08-31 00:00:00
MU-102,Датчики двигателя,engine-sensors,Boş gediş klapanı (IACV),Клапан холостого хода,bos gedis klapani; iacv; aac klapani; klapan holostogo hoda; regulyator holostogo hoda,5,Boş gediş klapanı (IACV); Клапан холостого хода; bos gedis klapani; iacv; aac klapani; klapan holostogo hoda; regulyator holostogo hoda,7,No,No,No,Yes,2026-08-31 00:00:00
MU-103,ГБЦ/клапаны/VVT,engine-cylinder-head,Faz tənzimləyici muftası (VVT),Муфта фазорегулятора (VVT),faz tenzimleyici muftasi; fazarequlyator; vvt muftasi; mufta fazoregulyatora; mufta vvt,5,Faz tənzimləyici muftası (VVT); Муфта фазорегулятора (VVT); faz tenzimleyici muftasi; fazarequlyator; vvt muftasi; mufta fazoregulyatora; mufta vvt,7,No,No,No,Yes,2026-08-31 00:00:00
KZ-100,Стёкла,body-glass,Lyuk trosu,Трос люка,lyuk trosu; lyukun trosu; tros lyuka; trosik lyuka,4,Lyuk trosu; Трос люка; lyuk trosu; lyukun trosu; tros lyuka; trosik lyuka,6,No,No,No,Yes,2026-08-31 00:00:00
MU-104,ГБЦ/клапаны/VVT,engine-cylinder-head,Hidrokompensator (klapan itələyicisi),Гидрокомпенсатор,hidrokompensator; gidrokompensator; klapan iteleyicisi; gidrokompensatory; tolkatel klapana,5,Hidrokompensator (klapan itələyicisi); Гидрокомпенсатор; hidrokompensator; gidrokompensator; klapan iteleyicisi; gidrokompensatory; tolkatel klapana,7,No,No,No,Yes,2026-08-31 00:00:00
SO-041,Помпа/термостат,cooling-pump,Köməkçi su nasosu (elektrikli),Дополнительная помпа (электрическая),komekci su nasosu; elave su nasosu; elektrikli su nasosu; dopolnitelnaya pompa; elektricheskaya pompa,5,Köməkçi su nasosu (elektrikli); Дополнительная помпа (электрическая); komekci su nasosu; elave su nasosu; elektrikli su nasosu; dopolnitelnaya pompa; elektricheskaya pompa,7,No,No,No,Yes,2026-08-31 00:00:00
EY-020,Гидравлика/жидкость,brakes-hydraulics,Hidroakkumulyator (SBC),Гидроаккумулятор тормозов (SBC),hidroakkumulyator; sbc akkumulyatoru; gidroakkumulyator; sbc nasosu,4,Hidroakkumulyator (SBC); Гидроаккумулятор тормозов (SBC); hidroakkumulyator; sbc akkumulyatoru; gidroakkumulyator; sbc nasosu,6,No,No,No,Yes,2026-08-31 00:00:00
EY-021,Диски/барабаны,brakes-discs,Əyləc hava kanalı,Воздуховод охлаждения тормозов,eylec hava kanali; tormuz soyuducu borusu; vozduhovod tormozov; ohlazhdeniye tormozov,4,Əyləc hava kanalı; Воздуховод охлаждения тормозов; eylec hava kanali; tormuz soyuducu borusu; vozduhovod tormozov; ohlazhdeniye tormozov,6,Yes,Yes,No,Yes,2026-08-31 00:00:00
SR-016,Моторное масло,consumables-motor-oil,Yağ filtri korpusunun qapağı,Крышка корпуса масляного фильтра,yag filter qapagi; yag filtri korpusunun qapagi; kryshka korpusa maslyanogo filtra; kryshka maslyanogo filtra,4,Yağ filtri korpusunun qapağı; Крышка корпуса масляного фильтра; yag filter qapagi; yag filtri korpusunun qapagi; kryshka korpusa maslyanogo filtra; kryshka maslyanogo filtra,6,No,No,No,Yes,2026-08-31 00:00:00
MU-105,Зажигание (свечи/катушки),engine-ignition,Trambler qapağı,Крышка трамблёра,trambilyor qapagi; trambler qapagi; kryshka trambleera; kryshka raspredelitelya zazhiganiya,4,Trambler qapağı; Крышка трамблёра; trambilyor qapagi; trambler qapagi; kryshka trambleera; kryshka raspredelitelya zazhiganiya,6,No,No,No,Yes,2026-08-31 00:00:00
SO-042,Датчики/блок климата,climate-control,Su çəninin səviyyə sensoru,Датчик уровня в бачке,su ceninin seviyye sensoru; bacokun seviyye datciki; datchik urovnya v bachke; datchik urovnya ohlazhdayushchey,4,Su çəninin səviyyə sensoru; Датчик уровня в бачке; su ceninin seviyye sensoru; bacokun seviyye datciki; datchik urovnya v bachke; datchik urovnya ohlazhdayushchey,6,No,No,No,Yes,2026-08-31 00:00:00
MU-106,EVAP/дроссель,fuel-throttle,Drossel mövqe datçiki (TPS),Датчик положения дроссельной заслонки,drossel sensoru; drossel movqe datciki; tps; datchik polozheniya drosselnoy zaslonki,4,Drossel mövqe datçiki (TPS); Датчик положения дроссельной заслонки; drossel sensoru; drossel movqe datciki; tps; datchik polozheniya drosselnoy zaslonki,6,No,No,No,Yes,2026-08-31 00:00:00
EY-022,Гидравлика/жидкость,brakes-hydraulics,Əyləc trosu (ayaq əyləci),Трос тормоза (ножного),eylec trosu; tormuz trosu; ayaq eyleci trosu; tros tormoza,4,Əyləc trosu (ayaq əyləci); Трос тормоза (ножного); eylec trosu; tormuz trosu; ayaq eyleci trosu; tros tormoza,6,No,No,No,Yes,2026-08-31 00:00:00
MU-107,Форсунки/ТНВД,fuel-injectors,TNVD araqatı (proklatka),Прокладка ТНВД,tnvd proklatkasi; tnvd araqati; prokladka tnvd; prokladki tnvd,4,TNVD araqatı (proklatka); Прокладка ТНВД; tnvd proklatkasi; tnvd araqati; prokladka tnvd; prokladki tnvd,6,No,No,No,Yes,2026-08-31 00:00:00
AK-051,Багажник,body-trunk,Baqaj toru (setka),Сетка багажника,baqaj toru; baqaj setkasi; setka bagajnika; setochka v bagajnik,4,Baqaj toru (setka); Сетка багажника; baqaj toru; baqaj setkasi; setka bagajnika; setochka v bagajnik,6,No,No,No,Yes,2026-08-31 00:00:00
EL-086,Сиденья,interior-seats,Oturacaq motoru,Мотор регулировки сиденья,oturacaq motoru; sidenka motoru; motor sidenya; motor regulirovki sidenya,4,Oturacaq motoru; Мотор регулировки сиденья; oturacaq motoru; sidenka motoru; motor sidenya; motor regulirovki sidenya,6,Yes,No,No,Yes,2026-08-31 00:00:00
EL-087,Датчики/ЭБУ,electrical-sensors-ecu,Start/Stop düyməsi,Кнопка Start/Stop,start stop duymesi; start stop knopkasi; knopka start stop; start stop knopka,4,Start/Stop düyməsi; Кнопка Start/Stop; start stop duymesi; start stop knopkasi; knopka start stop; start stop knopka,6,No,No,No,Yes,2026-08-31 00:00:00
SO-043,Печка/отопитель,climate-heater,İstilik-soyutma modulyatoru (aktuator),Модулятор отопителя (заслонка климата),soba modulyatoru; isti soyuq modulyatoru; peç aktuatoru; modulyator otopitelya; zaslonka klimata,5,İstilik-soyutma modulyatoru (aktuator); Модулятор отопителя (заслонка климата); soba modulyatoru; isti soyuq modulyatoru; peç aktuatoru; modulyator otopitelya; zaslonka klimata,7,No,No,No,Yes,2026-08-31 00:00:00
